graph,method,metric,value,timestamp,database,subset,min_cov_ignored,run_id
$S_\text{Ts-1}$,denormalized,$\mu_1$: NodeCount,194179.0,2026-04-28 19:31:30.705135552,neo4j,all,False,a5ee306f-5a06-4e55-9849-3ab736a59b11
$S_\text{Ts-1}$,denormalized,$\mu_2$: EdgeCount,1826601.0,2026-04-28 19:31:30.705135552,neo4j,all,False,a5ee306f-5a06-4e55-9849-3ab736a59b11
$S_\text{Ts-1}$,denormalized,$\mu_3$: AvgNodePropCount,6.983252565931562,2026-04-28 19:31:30.705135552,neo4j,all,False,a5ee306f-5a06-4e55-9849-3ab736a59b11
$S_\text{Ts-1}$,denormalized,$\mu_4$: AvgEdgePropCount,3.7878387233993314,2026-04-28 19:31:30.705135552,neo4j,all,False,a5ee306f-5a06-4e55-9849-3ab736a59b11
$S_\text{Ts-1}$,all,$\mu_1$: NodeCount,3845579.0,2026-04-28 19:33:48.740958618,neo4j,all,False,a5ee306f-5a06-4e55-9849-3ab736a59b11
$S_\text{Ts-1}$,all,$\mu_2$: EdgeCount,5286216.0,2026-04-28 19:33:48.740958618,neo4j,all,False,a5ee306f-5a06-4e55-9849-3ab736a59b11
$S_\text{Ts-1}$,all,$\mu_3$: AvgNodePropCount,2.099875207348442,2026-04-28 19:33:48.740958618,neo4j,all,False,a5ee306f-5a06-4e55-9849-3ab736a59b11
$S_\text{Ts-1}$,all,$\mu_4$: AvgEdgePropCount,0.0,2026-04-28 19:33:48.740958618,neo4j,all,False,a5ee306f-5a06-4e55-9849-3ab736a59b11
$S_\text{Ts-1}$,denormalized,$\mu_1$: NodeCount,194179.0,2026-04-28 19:34:49.320702347,neo4j,node-left,False,a5ee306f-5a06-4e55-9849-3ab736a59b11
$S_\text{Ts-1}$,denormalized,$\mu_2$: EdgeCount,1826601.0,2026-04-28 19:34:49.320702347,neo4j,node-left,False,a5ee306f-5a06-4e55-9849-3ab736a59b11
$S_\text{Ts-1}$,denormalized,$\mu_3$: AvgNodePropCount,6.983252565931562,2026-04-28 19:34:49.320702347,neo4j,node-left,False,a5ee306f-5a06-4e55-9849-3ab736a59b11
$S_\text{Ts-1}$,denormalized,$\mu_4$: AvgEdgePropCount,3.7878387233993314,2026-04-28 19:34:49.320702347,neo4j,node-left,False,a5ee306f-5a06-4e55-9849-3ab736a59b11
$S_\text{Ts-1}$,node-left,$\mu_1$: NodeCount,579979.0,2026-04-28 19:35:32.665908629,neo4j,node-left,False,a5ee306f-5a06-4e55-9849-3ab736a59b11
$S_\text{Ts-1}$,node-left,$\mu_2$: EdgeCount,2214417.0,2026-04-28 19:35:32.665908629,neo4j,node-left,False,a5ee306f-5a06-4e55-9849-3ab736a59b11
$S_\text{Ts-1}$,node-left,$\mu_3$: AvgNodePropCount,2.996261933621747,2026-04-28 19:35:32.665908629,neo4j,node-left,False,a5ee306f-5a06-4e55-9849-3ab736a59b11
$S_\text{Ts-1}$,node-left,$\mu_4$: AvgEdgePropCount,2.299598043186951,2026-04-28 19:35:32.665908629,neo4j,node-left,False,a5ee306f-5a06-4e55-9849-3ab736a59b11
$S_\text{Ts-1}$,denormalized,$\mu_1$: NodeCount,194179.0,2026-04-28 19:36:30.888174815,neo4j,edge-left,False,a5ee306f-5a06-4e55-9849-3ab736a59b11
$S_\text{Ts-1}$,denormalized,$\mu_2$: EdgeCount,1826601.0,2026-04-28 19:36:30.888174815,neo4j,edge-left,False,a5ee306f-5a06-4e55-9849-3ab736a59b11
$S_\text{Ts-1}$,denormalized,$\mu_3$: AvgNodePropCount,6.983252565931562,2026-04-28 19:36:30.888174815,neo4j,edge-left,False,a5ee306f-5a06-4e55-9849-3ab736a59b11
$S_\text{Ts-1}$,denormalized,$\mu_4$: AvgEdgePropCount,3.7878387233993314,2026-04-28 19:36:30.888174815,neo4j,edge-left,False,a5ee306f-5a06-4e55-9849-3ab736a59b11
$S_\text{Ts-1}$,edge-left,$\mu_1$: NodeCount,3459779.0,2026-04-28 19:38:00.387434297,neo4j,edge-left,False,a5ee306f-5a06-4e55-9849-3ab736a59b11
$S_\text{Ts-1}$,edge-left,$\mu_2$: EdgeCount,4898400.0,2026-04-28 19:38:00.387434297,neo4j,edge-left,False,a5ee306f-5a06-4e55-9849-3ab736a59b11
$S_\text{Ts-1}$,edge-left,$\mu_3$: AvgNodePropCount,2.2236876979712843,2026-04-28 19:38:00.387434297,neo4j,edge-left,False,a5ee306f-5a06-4e55-9849-3ab736a59b11
$S_\text{Ts-1}$,edge-left,$\mu_4$: AvgEdgePropCount,0.0,2026-04-28 19:38:00.387434297,neo4j,edge-left,False,a5ee306f-5a06-4e55-9849-3ab736a59b11
$S_\text{Ts-2}$,denormalized,$\mu_1$: NodeCount,194179.0,2026-04-28 19:38:57.527225667,neo4j,all,False,a5ee306f-5a06-4e55-9849-3ab736a59b11
$S_\text{Ts-2}$,denormalized,$\mu_2$: EdgeCount,1826601.0,2026-04-28 19:38:57.527225667,neo4j,all,False,a5ee306f-5a06-4e55-9849-3ab736a59b11
$S_\text{Ts-2}$,denormalized,$\mu_3$: AvgNodePropCount,6.983252565931562,2026-04-28 19:38:57.527225667,neo4j,all,False,a5ee306f-5a06-4e55-9849-3ab736a59b11
$S_\text{Ts-2}$,denormalized,$\mu_4$: AvgEdgePropCount,3.7878387233993314,2026-04-28 19:38:57.527225667,neo4j,all,False,a5ee306f-5a06-4e55-9849-3ab736a59b11
$S_\text{Ts-2}$,all,$\mu_1$: NodeCount,5672180.0,2026-04-28 19:42:33.934501326,neo4j,all,False,a5ee306f-5a06-4e55-9849-3ab736a59b11
$S_\text{Ts-2}$,all,$\mu_2$: EdgeCount,10766019.0,2026-04-28 19:42:33.934501326,neo4j,all,False,a5ee306f-5a06-4e55-9849-3ab736a59b11
$S_\text{Ts-2}$,all,$\mu_3$: AvgNodePropCount,2.321418749052253,2026-04-28 19:42:33.934501326,neo4j,all,False,a5ee306f-5a06-4e55-9849-3ab736a59b11
$S_\text{Ts-2}$,all,$\mu_4$: AvgEdgePropCount,0.0,2026-04-28 19:42:33.934501326,neo4j,all,False,a5ee306f-5a06-4e55-9849-3ab736a59b11
$S_\text{Ts-2}$,denormalized,$\mu_1$: NodeCount,194179.0,2026-04-28 19:43:35.072005969,neo4j,node-left,False,a5ee306f-5a06-4e55-9849-3ab736a59b11
$S_\text{Ts-2}$,denormalized,$\mu_2$: EdgeCount,1826601.0,2026-04-28 19:43:35.072005969,neo4j,node-left,False,a5ee306f-5a06-4e55-9849-3ab736a59b11
$S_\text{Ts-2}$,denormalized,$\mu_3$: AvgNodePropCount,6.983252565931562,2026-04-28 19:43:35.072005969,neo4j,node-left,False,a5ee306f-5a06-4e55-9849-3ab736a59b11
$S_\text{Ts-2}$,denormalized,$\mu_4$: AvgEdgePropCount,3.7878387233993314,2026-04-28 19:43:35.072005969,neo4j,node-left,False,a5ee306f-5a06-4e55-9849-3ab736a59b11
$S_\text{Ts-2}$,node-left,$\mu_1$: NodeCount,579979.0,2026-04-28 19:44:26.161254185,neo4j,node-left,False,a5ee306f-5a06-4e55-9849-3ab736a59b11
$S_\text{Ts-2}$,node-left,$\mu_2$: EdgeCount,2214417.0,2026-04-28 19:44:26.161254185,neo4j,node-left,False,a5ee306f-5a06-4e55-9849-3ab736a59b11
$S_\text{Ts-2}$,node-left,$\mu_3$: AvgNodePropCount,2.996261933621747,2026-04-28 19:44:26.161254185,neo4j,node-left,False,a5ee306f-5a06-4e55-9849-3ab736a59b11
$S_\text{Ts-2}$,node-left,$\mu_4$: AvgEdgePropCount,2.299598043186951,2026-04-28 19:44:26.161254185,neo4j,node-left,False,a5ee306f-5a06-4e55-9849-3ab736a59b11
$S_\text{Ts-2}$,denormalized,$\mu_1$: NodeCount,194179.0,2026-04-28 19:45:20.300972803,neo4j,edge-left,False,a5ee306f-5a06-4e55-9849-3ab736a59b11
$S_\text{Ts-2}$,denormalized,$\mu_2$: EdgeCount,1826601.0,2026-04-28 19:45:20.300972803,neo4j,edge-left,False,a5ee306f-5a06-4e55-9849-3ab736a59b11
$S_\text{Ts-2}$,denormalized,$\mu_3$: AvgNodePropCount,6.983252565931562,2026-04-28 19:45:20.300972803,neo4j,edge-left,False,a5ee306f-5a06-4e55-9849-3ab736a59b11
$S_\text{Ts-2}$,denormalized,$\mu_4$: AvgEdgePropCount,3.7878387233993314,2026-04-28 19:45:20.300972803,neo4j,edge-left,False,a5ee306f-5a06-4e55-9849-3ab736a59b11
$S_\text{Ts-2}$,edge-left,$\mu_1$: NodeCount,5286922.0,2026-04-28 19:48:08.717921660,neo4j,edge-left,False,a5ee306f-5a06-4e55-9849-3ab736a59b11
$S_\text{Ts-2}$,edge-left,$\mu_2$: EdgeCount,10378203.0,2026-04-28 19:48:08.717921660,neo4j,edge-left,False,a5ee306f-5a06-4e55-9849-3ab736a59b11
$S_\text{Ts-2}$,edge-left,$\mu_3$: AvgNodePropCount,2.418473168319681,2026-04-28 19:48:08.717921660,neo4j,edge-left,False,a5ee306f-5a06-4e55-9849-3ab736a59b11
$S_\text{Ts-2}$,edge-left,$\mu_4$: AvgEdgePropCount,0.0,2026-04-28 19:48:08.717921660,neo4j,edge-left,False,a5ee306f-5a06-4e55-9849-3ab736a59b11
$S_\text{Off-1}$,denormalized,$\mu_1$: NodeCount,2016523.0,2026-04-28 19:49:56.588813435,neo4j,all,False,a5ee306f-5a06-4e55-9849-3ab736a59b11
$S_\text{Off-1}$,denormalized,$\mu_2$: EdgeCount,3339267.0,2026-04-28 19:49:56.588813435,neo4j,all,False,a5ee306f-5a06-4e55-9849-3ab736a59b11
$S_\text{Off-1}$,denormalized,$\mu_3$: AvgNodePropCount,9.861892971218284,2026-04-28 19:49:56.588813435,neo4j,all,False,a5ee306f-5a06-4e55-9849-3ab736a59b11
$S_\text{Off-1}$,denormalized,$\mu_4$: AvgEdgePropCount,3.2509934066367396,2026-04-28 19:49:56.588813435,neo4j,all,False,a5ee306f-5a06-4e55-9849-3ab736a59b11
$S_\text{Off-1}$,all,$\mu_1$: NodeCount,2017381.0,2026-04-28 19:50:20.409128375,neo4j,all,False,a5ee306f-5a06-4e55-9849-3ab736a59b11
$S_\text{Off-1}$,all,$\mu_2$: EdgeCount,3681864.0,2026-04-28 19:50:20.409128375,neo4j,all,False,a5ee306f-5a06-4e55-9849-3ab736a59b11
$S_\text{Off-1}$,all,$\mu_3$: AvgNodePropCount,9.518903965091825,2026-04-28 19:50:20.409128375,neo4j,all,False,a5ee306f-5a06-4e55-9849-3ab736a59b11
$S_\text{Off-1}$,all,$\mu_4$: AvgEdgePropCount,2.9484888632495836,2026-04-28 19:50:20.409128375,neo4j,all,False,a5ee306f-5a06-4e55-9849-3ab736a59b11
$S_\text{Off-1}$,denormalized,$\mu_1$: NodeCount,2016523.0,2026-04-28 19:52:06.481199681,neo4j,node-left,False,a5ee306f-5a06-4e55-9849-3ab736a59b11
$S_\text{Off-1}$,denormalized,$\mu_2$: EdgeCount,3339267.0,2026-04-28 19:52:06.481199681,neo4j,node-left,False,a5ee306f-5a06-4e55-9849-3ab736a59b11
$S_\text{Off-1}$,denormalized,$\mu_3$: AvgNodePropCount,9.861892971218284,2026-04-28 19:52:06.481199681,neo4j,node-left,False,a5ee306f-5a06-4e55-9849-3ab736a59b11
$S_\text{Off-1}$,denormalized,$\mu_4$: AvgEdgePropCount,3.2509934066367396,2026-04-28 19:52:06.481199681,neo4j,node-left,False,a5ee306f-5a06-4e55-9849-3ab736a59b11
$S_\text{Off-1}$,node-left,$\mu_1$: NodeCount,2017381.0,2026-04-28 19:52:30.426569669,neo4j,node-left,False,a5ee306f-5a06-4e55-9849-3ab736a59b11
$S_\text{Off-1}$,node-left,$\mu_2$: EdgeCount,3681864.0,2026-04-28 19:52:30.426569669,neo4j,node-left,False,a5ee306f-5a06-4e55-9849-3ab736a59b11
$S_\text{Off-1}$,node-left,$\mu_3$: AvgNodePropCount,9.518903965091825,2026-04-28 19:52:30.426569669,neo4j,node-left,False,a5ee306f-5a06-4e55-9849-3ab736a59b11
$S_\text{Off-1}$,node-left,$\mu_4$: AvgEdgePropCount,2.9484888632495836,2026-04-28 19:52:30.426569669,neo4j,node-left,False,a5ee306f-5a06-4e55-9849-3ab736a59b11
$S_\text{Off-1}$,denormalized,$\mu_1$: NodeCount,2016523.0,2026-04-28 19:54:16.758518800,neo4j,edge-left,False,a5ee306f-5a06-4e55-9849-3ab736a59b11
$S_\text{Off-1}$,denormalized,$\mu_2$: EdgeCount,3339267.0,2026-04-28 19:54:16.758518800,neo4j,edge-left,False,a5ee306f-5a06-4e55-9849-3ab736a59b11
$S_\text{Off-1}$,denormalized,$\mu_3$: AvgNodePropCount,9.861892971218284,2026-04-28 19:54:16.758518800,neo4j,edge-left,False,a5ee306f-5a06-4e55-9849-3ab736a59b11
$S_\text{Off-1}$,denormalized,$\mu_4$: AvgEdgePropCount,3.2509934066367396,2026-04-28 19:54:16.758518800,neo4j,edge-left,False,a5ee306f-5a06-4e55-9849-3ab736a59b11
$S_\text{Off-1}$,edge-left,$\mu_1$: NodeCount,2016523.0,2026-04-28 19:54:16.760536192,neo4j,edge-left,False,a5ee306f-5a06-4e55-9849-3ab736a59b11
$S_\text{Off-1}$,edge-left,$\mu_2$: EdgeCount,3339267.0,2026-04-28 19:54:16.760536192,neo4j,edge-left,False,a5ee306f-5a06-4e55-9849-3ab736a59b11
$S_\text{Off-1}$,edge-left,$\mu_3$: AvgNodePropCount,9.861892971218284,2026-04-28 19:54:16.760536192,neo4j,edge-left,False,a5ee306f-5a06-4e55-9849-3ab736a59b11
$S_\text{Off-1}$,edge-left,$\mu_4$: AvgEdgePropCount,3.2509934066367396,2026-04-28 19:54:16.760536192,neo4j,edge-left,False,a5ee306f-5a06-4e55-9849-3ab736a59b11
$S_\text{Off-2}$,denormalized,$\mu_1$: NodeCount,2016523.0,2026-04-28 19:56:15.800754172,neo4j,all,False,a5ee306f-5a06-4e55-9849-3ab736a59b11
$S_\text{Off-2}$,denormalized,$\mu_2$: EdgeCount,3339267.0,2026-04-28 19:56:15.800754172,neo4j,all,False,a5ee306f-5a06-4e55-9849-3ab736a59b11
$S_\text{Off-2}$,denormalized,$\mu_3$: AvgNodePropCount,9.861892971218284,2026-04-28 19:56:15.800754172,neo4j,all,False,a5ee306f-5a06-4e55-9849-3ab736a59b11
$S_\text{Off-2}$,denormalized,$\mu_4$: AvgEdgePropCount,3.2509934066367396,2026-04-28 19:56:15.800754172,neo4j,all,False,a5ee306f-5a06-4e55-9849-3ab736a59b11
$S_\text{Off-2}$,all,$\mu_1$: NodeCount,2021602.0,2026-04-28 19:58:11.926525854,neo4j,all,False,a5ee306f-5a06-4e55-9849-3ab736a59b11
$S_\text{Off-2}$,all,$\mu_2$: EdgeCount,4854231.0,2026-04-28 19:58:11.926525854,neo4j,all,False,a5ee306f-5a06-4e55-9849-3ab736a59b11
$S_\text{Off-2}$,all,$\mu_3$: AvgNodePropCount,8.595673629131408,2026-04-28 19:58:11.926525854,neo4j,all,False,a5ee306f-5a06-4e55-9849-3ab736a59b11
$S_\text{Off-2}$,all,$\mu_4$: AvgEdgePropCount,2.2363861546760946,2026-04-28 19:58:11.926525854,neo4j,all,False,a5ee306f-5a06-4e55-9849-3ab736a59b11
$S_\text{Off-2}$,denormalized,$\mu_1$: NodeCount,2016523.0,2026-04-28 20:00:05.798828912,neo4j,node-left,False,a5ee306f-5a06-4e55-9849-3ab736a59b11
$S_\text{Off-2}$,denormalized,$\mu_2$: EdgeCount,3339267.0,2026-04-28 20:00:05.798828912,neo4j,node-left,False,a5ee306f-5a06-4e55-9849-3ab736a59b11
$S_\text{Off-2}$,denormalized,$\mu_3$: AvgNodePropCount,9.861892971218284,2026-04-28 20:00:05.798828912,neo4j,node-left,False,a5ee306f-5a06-4e55-9849-3ab736a59b11
$S_\text{Off-2}$,denormalized,$\mu_4$: AvgEdgePropCount,3.2509934066367396,2026-04-28 20:00:05.798828912,neo4j,node-left,False,a5ee306f-5a06-4e55-9849-3ab736a59b11
$S_\text{Off-2}$,node-left,$\mu_1$: NodeCount,2021602.0,2026-04-28 20:02:02.181263510,neo4j,node-left,False,a5ee306f-5a06-4e55-9849-3ab736a59b11
$S_\text{Off-2}$,node-left,$\mu_2$: EdgeCount,4854231.0,2026-04-28 20:02:02.181263510,neo4j,node-left,False,a5ee306f-5a06-4e55-9849-3ab736a59b11
$S_\text{Off-2}$,node-left,$\mu_3$: AvgNodePropCount,8.595673629131408,2026-04-28 20:02:02.181263510,neo4j,node-left,False,a5ee306f-5a06-4e55-9849-3ab736a59b11
$S_\text{Off-2}$,node-left,$\mu_4$: AvgEdgePropCount,2.2363861546760946,2026-04-28 20:02:02.181263510,neo4j,node-left,False,a5ee306f-5a06-4e55-9849-3ab736a59b11
$S_\text{Off-2}$,denormalized,$\mu_1$: NodeCount,2016523.0,2026-04-28 20:04:01.527189042,neo4j,edge-left,False,a5ee306f-5a06-4e55-9849-3ab736a59b11
$S_\text{Off-2}$,denormalized,$\mu_2$: EdgeCount,3339267.0,2026-04-28 20:04:01.527189042,neo4j,edge-left,False,a5ee306f-5a06-4e55-9849-3ab736a59b11
$S_\text{Off-2}$,denormalized,$\mu_3$: AvgNodePropCount,9.861892971218284,2026-04-28 20:04:01.527189042,neo4j,edge-left,False,a5ee306f-5a06-4e55-9849-3ab736a59b11
$S_\text{Off-2}$,denormalized,$\mu_4$: AvgEdgePropCount,3.2509934066367396,2026-04-28 20:04:01.527189042,neo4j,edge-left,False,a5ee306f-5a06-4e55-9849-3ab736a59b11
$S_\text{Off-2}$,edge-left,$\mu_1$: NodeCount,2016523.0,2026-04-28 20:04:01.529130931,neo4j,edge-left,False,a5ee306f-5a06-4e55-9849-3ab736a59b11
$S_\text{Off-2}$,edge-left,$\mu_2$: EdgeCount,3339267.0,2026-04-28 20:04:01.529130931,neo4j,edge-left,False,a5ee306f-5a06-4e55-9849-3ab736a59b11
$S_\text{Off-2}$,edge-left,$\mu_3$: AvgNodePropCount,9.861892971218284,2026-04-28 20:04:01.529130931,neo4j,edge-left,False,a5ee306f-5a06-4e55-9849-3ab736a59b11
$S_\text{Off-2}$,edge-left,$\mu_4$: AvgEdgePropCount,3.2509934066367396,2026-04-28 20:04:01.529130931,neo4j,edge-left,False,a5ee306f-5a06-4e55-9849-3ab736a59b11
$S_\text{Off-3}$,denormalized,$\mu_1$: NodeCount,2016523.0,2026-04-28 20:06:18.045939351,neo4j,all,False,a5ee306f-5a06-4e55-9849-3ab736a59b11
$S_\text{Off-3}$,denormalized,$\mu_2$: EdgeCount,3339267.0,2026-04-28 20:06:18.045939351,neo4j,all,False,a5ee306f-5a06-4e55-9849-3ab736a59b11
$S_\text{Off-3}$,denormalized,$\mu_3$: AvgNodePropCount,9.861892971218284,2026-04-28 20:06:18.045939351,neo4j,all,False,a5ee306f-5a06-4e55-9849-3ab736a59b11
$S_\text{Off-3}$,denormalized,$\mu_4$: AvgEdgePropCount,3.2509934066367396,2026-04-28 20:06:18.045939351,neo4j,all,False,a5ee306f-5a06-4e55-9849-3ab736a59b11
$S_\text{Off-3}$,all,$\mu_1$: NodeCount,2017388.0,2026-04-28 20:07:20.872702860,neo4j,all,False,a5ee306f-5a06-4e55-9849-3ab736a59b11
$S_\text{Off-3}$,all,$\mu_2$: EdgeCount,4367058.0,2026-04-28 20:07:20.872702860,neo4j,all,False,a5ee306f-5a06-4e55-9849-3ab736a59b11
$S_\text{Off-3}$,all,$\mu_3$: AvgNodePropCount,9.009411674898349,2026-04-28 20:07:20.872702860,neo4j,all,False,a5ee306f-5a06-4e55-9849-3ab736a59b11
$S_\text{Off-3}$,all,$\mu_4$: AvgEdgePropCount,2.485869205309275,2026-04-28 20:07:20.872702860,neo4j,all,False,a5ee306f-5a06-4e55-9849-3ab736a59b11
$S_\text{Off-3}$,denormalized,$\mu_1$: NodeCount,2016523.0,2026-04-28 20:09:23.748259523,neo4j,node-left,False,a5ee306f-5a06-4e55-9849-3ab736a59b11
$S_\text{Off-3}$,denormalized,$\mu_2$: EdgeCount,3339267.0,2026-04-28 20:09:23.748259523,neo4j,node-left,False,a5ee306f-5a06-4e55-9849-3ab736a59b11
$S_\text{Off-3}$,denormalized,$\mu_3$: AvgNodePropCount,9.861892971218284,2026-04-28 20:09:23.748259523,neo4j,node-left,False,a5ee306f-5a06-4e55-9849-3ab736a59b11
$S_\text{Off-3}$,denormalized,$\mu_4$: AvgEdgePropCount,3.2509934066367396,2026-04-28 20:09:23.748259523,neo4j,node-left,False,a5ee306f-5a06-4e55-9849-3ab736a59b11
$S_\text{Off-3}$,node-left,$\mu_1$: NodeCount,2017388.0,2026-04-28 20:10:25.757187878,neo4j,node-left,False,a5ee306f-5a06-4e55-9849-3ab736a59b11
$S_\text{Off-3}$,node-left,$\mu_2$: EdgeCount,4367058.0,2026-04-28 20:10:25.757187878,neo4j,node-left,False,a5ee306f-5a06-4e55-9849-3ab736a59b11
$S_\text{Off-3}$,node-left,$\mu_3$: AvgNodePropCount,9.009411674898349,2026-04-28 20:10:25.757187878,neo4j,node-left,False,a5ee306f-5a06-4e55-9849-3ab736a59b11
$S_\text{Off-3}$,node-left,$\mu_4$: AvgEdgePropCount,2.485869205309275,2026-04-28 20:10:25.757187878,neo4j,node-left,False,a5ee306f-5a06-4e55-9849-3ab736a59b11
$S_\text{Off-3}$,denormalized,$\mu_1$: NodeCount,2016523.0,2026-04-28 20:12:35.238546220,neo4j,edge-left,False,a5ee306f-5a06-4e55-9849-3ab736a59b11
$S_\text{Off-3}$,denormalized,$\mu_2$: EdgeCount,3339267.0,2026-04-28 20:12:35.238546220,neo4j,edge-left,False,a5ee306f-5a06-4e55-9849-3ab736a59b11
$S_\text{Off-3}$,denormalized,$\mu_3$: AvgNodePropCount,9.861892971218284,2026-04-28 20:12:35.238546220,neo4j,edge-left,False,a5ee306f-5a06-4e55-9849-3ab736a59b11
$S_\text{Off-3}$,denormalized,$\mu_4$: AvgEdgePropCount,3.2509934066367396,2026-04-28 20:12:35.238546220,neo4j,edge-left,False,a5ee306f-5a06-4e55-9849-3ab736a59b11
$S_\text{Off-3}$,edge-left,$\mu_1$: NodeCount,2016523.0,2026-04-28 20:12:35.240245245,neo4j,edge-left,False,a5ee306f-5a06-4e55-9849-3ab736a59b11
$S_\text{Off-3}$,edge-left,$\mu_2$: EdgeCount,3339267.0,2026-04-28 20:12:35.240245245,neo4j,edge-left,False,a5ee306f-5a06-4e55-9849-3ab736a59b11
$S_\text{Off-3}$,edge-left,$\mu_3$: AvgNodePropCount,9.861892971218284,2026-04-28 20:12:35.240245245,neo4j,edge-left,False,a5ee306f-5a06-4e55-9849-3ab736a59b11
$S_\text{Off-3}$,edge-left,$\mu_4$: AvgEdgePropCount,3.2509934066367396,2026-04-28 20:12:35.240245245,neo4j,edge-left,False,a5ee306f-5a06-4e55-9849-3ab736a59b11
$S_\text{Uni-1}$,denormalized,$\mu_1$: NodeCount,4.0,2026-04-28 20:13:23.690252422,neo4j,all,False,a5ee306f-5a06-4e55-9849-3ab736a59b11
$S_\text{Uni-1}$,denormalized,$\mu_2$: EdgeCount,3.0,2026-04-28 20:13:23.690252422,neo4j,all,False,a5ee306f-5a06-4e55-9849-3ab736a59b11
$S_\text{Uni-1}$,denormalized,$\mu_3$: AvgNodePropCount,1.25,2026-04-28 20:13:23.690252422,neo4j,all,False,a5ee306f-5a06-4e55-9849-3ab736a59b11
$S_\text{Uni-1}$,denormalized,$\mu_4$: AvgEdgePropCount,2.0,2026-04-28 20:13:23.690252422,neo4j,all,False,a5ee306f-5a06-4e55-9849-3ab736a59b11
$S_\text{Uni-1}$,all,$\mu_1$: NodeCount,4.0,2026-04-28 20:13:23.877210316,neo4j,all,False,a5ee306f-5a06-4e55-9849-3ab736a59b11
$S_\text{Uni-1}$,all,$\mu_2$: EdgeCount,3.0,2026-04-28 20:13:23.877210316,neo4j,all,False,a5ee306f-5a06-4e55-9849-3ab736a59b11
$S_\text{Uni-1}$,all,$\mu_3$: AvgNodePropCount,1.5,2026-04-28 20:13:23.877210316,neo4j,all,False,a5ee306f-5a06-4e55-9849-3ab736a59b11
$S_\text{Uni-1}$,all,$\mu_4$: AvgEdgePropCount,1.0,2026-04-28 20:13:23.877210316,neo4j,all,False,a5ee306f-5a06-4e55-9849-3ab736a59b11
$S_\text{Uni-1}$,denormalized,$\mu_1$: NodeCount,4.0,2026-04-28 20:14:21.963708219,neo4j,node-left,False,a5ee306f-5a06-4e55-9849-3ab736a59b11
$S_\text{Uni-1}$,denormalized,$\mu_2$: EdgeCount,3.0,2026-04-28 20:14:21.963708219,neo4j,node-left,False,a5ee306f-5a06-4e55-9849-3ab736a59b11
$S_\text{Uni-1}$,denormalized,$\mu_3$: AvgNodePropCount,1.25,2026-04-28 20:14:21.963708219,neo4j,node-left,False,a5ee306f-5a06-4e55-9849-3ab736a59b11
$S_\text{Uni-1}$,denormalized,$\mu_4$: AvgEdgePropCount,2.0,2026-04-28 20:14:21.963708219,neo4j,node-left,False,a5ee306f-5a06-4e55-9849-3ab736a59b11
$S_\text{Uni-1}$,node-left,$\mu_1$: NodeCount,4.0,2026-04-28 20:14:22.149160276,neo4j,node-left,False,a5ee306f-5a06-4e55-9849-3ab736a59b11
$S_\text{Uni-1}$,node-left,$\mu_2$: EdgeCount,3.0,2026-04-28 20:14:22.149160276,neo4j,node-left,False,a5ee306f-5a06-4e55-9849-3ab736a59b11
$S_\text{Uni-1}$,node-left,$\mu_3$: AvgNodePropCount,1.5,2026-04-28 20:14:22.149160276,neo4j,node-left,False,a5ee306f-5a06-4e55-9849-3ab736a59b11
$S_\text{Uni-1}$,node-left,$\mu_4$: AvgEdgePropCount,1.0,2026-04-28 20:14:22.149160276,neo4j,node-left,False,a5ee306f-5a06-4e55-9849-3ab736a59b11
$S_\text{Uni-1}$,denormalized,$\mu_1$: NodeCount,4.0,2026-04-28 20:15:18.954404259,neo4j,edge-left,False,a5ee306f-5a06-4e55-9849-3ab736a59b11
$S_\text{Uni-1}$,denormalized,$\mu_2$: EdgeCount,3.0,2026-04-28 20:15:18.954404259,neo4j,edge-left,False,a5ee306f-5a06-4e55-9849-3ab736a59b11
$S_\text{Uni-1}$,denormalized,$\mu_3$: AvgNodePropCount,1.25,2026-04-28 20:15:18.954404259,neo4j,edge-left,False,a5ee306f-5a06-4e55-9849-3ab736a59b11
$S_\text{Uni-1}$,denormalized,$\mu_4$: AvgEdgePropCount,2.0,2026-04-28 20:15:18.954404259,neo4j,edge-left,False,a5ee306f-5a06-4e55-9849-3ab736a59b11
$S_\text{Uni-1}$,edge-left,$\mu_1$: NodeCount,4.0,2026-04-28 20:15:18.956104516,neo4j,edge-left,False,a5ee306f-5a06-4e55-9849-3ab736a59b11
$S_\text{Uni-1}$,edge-left,$\mu_2$: EdgeCount,3.0,2026-04-28 20:15:18.956104516,neo4j,edge-left,False,a5ee306f-5a06-4e55-9849-3ab736a59b11
$S_\text{Uni-1}$,edge-left,$\mu_3$: AvgNodePropCount,1.25,2026-04-28 20:15:18.956104516,neo4j,edge-left,False,a5ee306f-5a06-4e55-9849-3ab736a59b11
$S_\text{Uni-1}$,edge-left,$\mu_4$: AvgEdgePropCount,2.0,2026-04-28 20:15:18.956104516,neo4j,edge-left,False,a5ee306f-5a06-4e55-9849-3ab736a59b11
$S_\text{Uni-2}$,denormalized,$\mu_1$: NodeCount,4.0,2026-04-28 20:16:21.826609630,neo4j,all,False,a5ee306f-5a06-4e55-9849-3ab736a59b11
$S_\text{Uni-2}$,denormalized,$\mu_2$: EdgeCount,3.0,2026-04-28 20:16:21.826609630,neo4j,all,False,a5ee306f-5a06-4e55-9849-3ab736a59b11
$S_\text{Uni-2}$,denormalized,$\mu_3$: AvgNodePropCount,1.25,2026-04-28 20:16:21.826609630,neo4j,all,False,a5ee306f-5a06-4e55-9849-3ab736a59b11
$S_\text{Uni-2}$,denormalized,$\mu_4$: AvgEdgePropCount,2.0,2026-04-28 20:16:21.826609630,neo4j,all,False,a5ee306f-5a06-4e55-9849-3ab736a59b11
$S_\text{Uni-2}$,all,$\mu_1$: NodeCount,5.0,2026-04-28 20:16:22.397857881,neo4j,all,False,a5ee306f-5a06-4e55-9849-3ab736a59b11
$S_\text{Uni-2}$,all,$\mu_2$: EdgeCount,4.0,2026-04-28 20:16:22.397857881,neo4j,all,False,a5ee306f-5a06-4e55-9849-3ab736a59b11
$S_\text{Uni-2}$,all,$\mu_3$: AvgNodePropCount,1.2,2026-04-28 20:16:22.397857881,neo4j,all,False,a5ee306f-5a06-4e55-9849-3ab736a59b11
$S_\text{Uni-2}$,all,$\mu_4$: AvgEdgePropCount,0.75,2026-04-28 20:16:22.397857881,neo4j,all,False,a5ee306f-5a06-4e55-9849-3ab736a59b11
$S_\text{Uni-2}$,denormalized,$\mu_1$: NodeCount,4.0,2026-04-28 20:17:17.857920597,neo4j,node-left,False,a5ee306f-5a06-4e55-9849-3ab736a59b11
$S_\text{Uni-2}$,denormalized,$\mu_2$: EdgeCount,3.0,2026-04-28 20:17:17.857920597,neo4j,node-left,False,a5ee306f-5a06-4e55-9849-3ab736a59b11
$S_\text{Uni-2}$,denormalized,$\mu_3$: AvgNodePropCount,1.25,2026-04-28 20:17:17.857920597,neo4j,node-left,False,a5ee306f-5a06-4e55-9849-3ab736a59b11
$S_\text{Uni-2}$,denormalized,$\mu_4$: AvgEdgePropCount,2.0,2026-04-28 20:17:17.857920597,neo4j,node-left,False,a5ee306f-5a06-4e55-9849-3ab736a59b11
$S_\text{Uni-2}$,node-left,$\mu_1$: NodeCount,5.0,2026-04-28 20:17:18.410560039,neo4j,node-left,False,a5ee306f-5a06-4e55-9849-3ab736a59b11
$S_\text{Uni-2}$,node-left,$\mu_2$: EdgeCount,4.0,2026-04-28 20:17:18.410560039,neo4j,node-left,False,a5ee306f-5a06-4e55-9849-3ab736a59b11
$S_\text{Uni-2}$,node-left,$\mu_3$: AvgNodePropCount,1.2,2026-04-28 20:17:18.410560039,neo4j,node-left,False,a5ee306f-5a06-4e55-9849-3ab736a59b11
$S_\text{Uni-2}$,node-left,$\mu_4$: AvgEdgePropCount,0.75,2026-04-28 20:17:18.410560039,neo4j,node-left,False,a5ee306f-5a06-4e55-9849-3ab736a59b11
$S_\text{Uni-2}$,denormalized,$\mu_1$: NodeCount,4.0,2026-04-28 20:18:14.349059907,neo4j,edge-left,False,a5ee306f-5a06-4e55-9849-3ab736a59b11
$S_\text{Uni-2}$,denormalized,$\mu_2$: EdgeCount,3.0,2026-04-28 20:18:14.349059907,neo4j,edge-left,False,a5ee306f-5a06-4e55-9849-3ab736a59b11
$S_\text{Uni-2}$,denormalized,$\mu_3$: AvgNodePropCount,1.25,2026-04-28 20:18:14.349059907,neo4j,edge-left,False,a5ee306f-5a06-4e55-9849-3ab736a59b11
$S_\text{Uni-2}$,denormalized,$\mu_4$: AvgEdgePropCount,2.0,2026-04-28 20:18:14.349059907,neo4j,edge-left,False,a5ee306f-5a06-4e55-9849-3ab736a59b11
$S_\text{Uni-2}$,edge-left,$\mu_1$: NodeCount,4.0,2026-04-28 20:18:14.351651188,neo4j,edge-left,False,a5ee306f-5a06-4e55-9849-3ab736a59b11
$S_\text{Uni-2}$,edge-left,$\mu_2$: EdgeCount,3.0,2026-04-28 20:18:14.351651188,neo4j,edge-left,False,a5ee306f-5a06-4e55-9849-3ab736a59b11
$S_\text{Uni-2}$,edge-left,$\mu_3$: AvgNodePropCount,1.25,2026-04-28 20:18:14.351651188,neo4j,edge-left,False,a5ee306f-5a06-4e55-9849-3ab736a59b11
$S_\text{Uni-2}$,edge-left,$\mu_4$: AvgEdgePropCount,2.0,2026-04-28 20:18:14.351651188,neo4j,edge-left,False,a5ee306f-5a06-4e55-9849-3ab736a59b11
$S_\text{No-1}$,denormalized,$\mu_1$: NodeCount,3.0,2026-05-01 15:25:02.503684880,neo4j,all,False,c5f8e841-4048-4f60-b88e-e987c1ba4cb4
$S_\text{No-1}$,denormalized,$\mu_2$: EdgeCount,2.0,2026-05-01 15:25:02.503684880,neo4j,all,False,c5f8e841-4048-4f60-b88e-e987c1ba4cb4
$S_\text{No-1}$,denormalized,$\mu_3$: AvgNodePropCount,3.3333333333333335,2026-05-01 15:25:02.503684880,neo4j,all,False,c5f8e841-4048-4f60-b88e-e987c1ba4cb4
$S_\text{No-1}$,denormalized,$\mu_4$: AvgEdgePropCount,0.0,2026-05-01 15:25:02.503684880,neo4j,all,False,c5f8e841-4048-4f60-b88e-e987c1ba4cb4
$S_\text{No-1}$,all,$\mu_1$: NodeCount,6.0,2026-05-01 15:25:03.691616825,neo4j,all,False,c5f8e841-4048-4f60-b88e-e987c1ba4cb4
$S_\text{No-1}$,all,$\mu_2$: EdgeCount,6.0,2026-05-01 15:25:03.691616825,neo4j,all,False,c5f8e841-4048-4f60-b88e-e987c1ba4cb4
$S_\text{No-1}$,all,$\mu_3$: AvgNodePropCount,1.6666666666666667,2026-05-01 15:25:03.691616825,neo4j,all,False,c5f8e841-4048-4f60-b88e-e987c1ba4cb4
$S_\text{No-1}$,all,$\mu_4$: AvgEdgePropCount,0.0,2026-05-01 15:25:03.691616825,neo4j,all,False,c5f8e841-4048-4f60-b88e-e987c1ba4cb4
$S_\text{No-1}$,denormalized,$\mu_1$: NodeCount,3.0,2026-05-01 15:25:52.501277251,neo4j,node-left,False,c5f8e841-4048-4f60-b88e-e987c1ba4cb4
$S_\text{No-1}$,denormalized,$\mu_2$: EdgeCount,2.0,2026-05-01 15:25:52.501277251,neo4j,node-left,False,c5f8e841-4048-4f60-b88e-e987c1ba4cb4
$S_\text{No-1}$,denormalized,$\mu_3$: AvgNodePropCount,3.3333333333333335,2026-05-01 15:25:52.501277251,neo4j,node-left,False,c5f8e841-4048-4f60-b88e-e987c1ba4cb4
$S_\text{No-1}$,denormalized,$\mu_4$: AvgEdgePropCount,0.0,2026-05-01 15:25:52.501277251,neo4j,node-left,False,c5f8e841-4048-4f60-b88e-e987c1ba4cb4
$S_\text{No-1}$,node-left,$\mu_1$: NodeCount,6.0,2026-05-01 15:25:53.629352295,neo4j,node-left,False,c5f8e841-4048-4f60-b88e-e987c1ba4cb4
$S_\text{No-1}$,node-left,$\mu_2$: EdgeCount,6.0,2026-05-01 15:25:53.629352295,neo4j,node-left,False,c5f8e841-4048-4f60-b88e-e987c1ba4cb4
$S_\text{No-1}$,node-left,$\mu_3$: AvgNodePropCount,1.6666666666666665,2026-05-01 15:25:53.629352295,neo4j,node-left,False,c5f8e841-4048-4f60-b88e-e987c1ba4cb4
$S_\text{No-1}$,node-left,$\mu_4$: AvgEdgePropCount,0.0,2026-05-01 15:25:53.629352295,neo4j,node-left,False,c5f8e841-4048-4f60-b88e-e987c1ba4cb4
$S_\text{No-1}$,denormalized,$\mu_1$: NodeCount,3.0,2026-05-01 15:26:45.632377731,neo4j,edge-left,False,c5f8e841-4048-4f60-b88e-e987c1ba4cb4
$S_\text{No-1}$,denormalized,$\mu_2$: EdgeCount,2.0,2026-05-01 15:26:45.632377731,neo4j,edge-left,False,c5f8e841-4048-4f60-b88e-e987c1ba4cb4
$S_\text{No-1}$,denormalized,$\mu_3$: AvgNodePropCount,3.3333333333333335,2026-05-01 15:26:45.632377731,neo4j,edge-left,False,c5f8e841-4048-4f60-b88e-e987c1ba4cb4
$S_\text{No-1}$,denormalized,$\mu_4$: AvgEdgePropCount,0.0,2026-05-01 15:26:45.632377731,neo4j,edge-left,False,c5f8e841-4048-4f60-b88e-e987c1ba4cb4
$S_\text{No-1}$,edge-left,$\mu_1$: NodeCount,3.0,2026-05-01 15:26:45.634074433,neo4j,edge-left,False,c5f8e841-4048-4f60-b88e-e987c1ba4cb4
$S_\text{No-1}$,edge-left,$\mu_2$: EdgeCount,2.0,2026-05-01 15:26:45.634074433,neo4j,edge-left,False,c5f8e841-4048-4f60-b88e-e987c1ba4cb4
$S_\text{No-1}$,edge-left,$\mu_3$: AvgNodePropCount,3.3333333333333335,2026-05-01 15:26:45.634074433,neo4j,edge-left,False,c5f8e841-4048-4f60-b88e-e987c1ba4cb4
$S_\text{No-1}$,edge-left,$\mu_4$: AvgEdgePropCount,0.0,2026-05-01 15:26:45.634074433,neo4j,edge-left,False,c5f8e841-4048-4f60-b88e-e987c1ba4cb4
$S_\text{No-2}$,denormalized,$\mu_1$: NodeCount,3.0,2026-05-01 15:27:41.466172838,neo4j,all,False,c5f8e841-4048-4f60-b88e-e987c1ba4cb4
$S_\text{No-2}$,denormalized,$\mu_2$: EdgeCount,2.0,2026-05-01 15:27:41.466172838,neo4j,all,False,c5f8e841-4048-4f60-b88e-e987c1ba4cb4
$S_\text{No-2}$,denormalized,$\mu_3$: AvgNodePropCount,3.3333333333333335,2026-05-01 15:27:41.466172838,neo4j,all,False,c5f8e841-4048-4f60-b88e-e987c1ba4cb4
$S_\text{No-2}$,denormalized,$\mu_4$: AvgEdgePropCount,0.0,2026-05-01 15:27:41.466172838,neo4j,all,False,c5f8e841-4048-4f60-b88e-e987c1ba4cb4
$S_\text{No-2}$,all,$\mu_1$: NodeCount,8.0,2026-05-01 15:27:42.866763070,neo4j,all,False,c5f8e841-4048-4f60-b88e-e987c1ba4cb4
$S_\text{No-2}$,all,$\mu_2$: EdgeCount,8.0,2026-05-01 15:27:42.866763070,neo4j,all,False,c5f8e841-4048-4f60-b88e-e987c1ba4cb4
$S_\text{No-2}$,all,$\mu_3$: AvgNodePropCount,2.0,2026-05-01 15:27:42.866763070,neo4j,all,False,c5f8e841-4048-4f60-b88e-e987c1ba4cb4
$S_\text{No-2}$,all,$\mu_4$: AvgEdgePropCount,0.0,2026-05-01 15:27:42.866763070,neo4j,all,False,c5f8e841-4048-4f60-b88e-e987c1ba4cb4
$S_\text{No-2}$,denormalized,$\mu_1$: NodeCount,3.0,2026-05-01 15:28:35.027588467,neo4j,node-left,False,c5f8e841-4048-4f60-b88e-e987c1ba4cb4
$S_\text{No-2}$,denormalized,$\mu_2$: EdgeCount,2.0,2026-05-01 15:28:35.027588467,neo4j,node-left,False,c5f8e841-4048-4f60-b88e-e987c1ba4cb4
$S_\text{No-2}$,denormalized,$\mu_3$: AvgNodePropCount,3.3333333333333335,2026-05-01 15:28:35.027588467,neo4j,node-left,False,c5f8e841-4048-4f60-b88e-e987c1ba4cb4
$S_\text{No-2}$,denormalized,$\mu_4$: AvgEdgePropCount,0.0,2026-05-01 15:28:35.027588467,neo4j,node-left,False,c5f8e841-4048-4f60-b88e-e987c1ba4cb4
$S_\text{No-2}$,node-left,$\mu_1$: NodeCount,8.0,2026-05-01 15:28:36.409072133,neo4j,node-left,False,c5f8e841-4048-4f60-b88e-e987c1ba4cb4
$S_\text{No-2}$,node-left,$\mu_2$: EdgeCount,8.0,2026-05-01 15:28:36.409072133,neo4j,node-left,False,c5f8e841-4048-4f60-b88e-e987c1ba4cb4
$S_\text{No-2}$,node-left,$\mu_3$: AvgNodePropCount,2.0,2026-05-01 15:28:36.409072133,neo4j,node-left,False,c5f8e841-4048-4f60-b88e-e987c1ba4cb4
$S_\text{No-2}$,node-left,$\mu_4$: AvgEdgePropCount,0.0,2026-05-01 15:28:36.409072133,neo4j,node-left,False,c5f8e841-4048-4f60-b88e-e987c1ba4cb4
$S_\text{No-2}$,denormalized,$\mu_1$: NodeCount,3.0,2026-05-01 15:29:32.616137187,neo4j,edge-left,False,c5f8e841-4048-4f60-b88e-e987c1ba4cb4
$S_\text{No-2}$,denormalized,$\mu_2$: EdgeCount,2.0,2026-05-01 15:29:32.616137187,neo4j,edge-left,False,c5f8e841-4048-4f60-b88e-e987c1ba4cb4
$S_\text{No-2}$,denormalized,$\mu_3$: AvgNodePropCount,3.3333333333333335,2026-05-01 15:29:32.616137187,neo4j,edge-left,False,c5f8e841-4048-4f60-b88e-e987c1ba4cb4
$S_\text{No-2}$,denormalized,$\mu_4$: AvgEdgePropCount,0.0,2026-05-01 15:29:32.616137187,neo4j,edge-left,False,c5f8e841-4048-4f60-b88e-e987c1ba4cb4
$S_\text{No-2}$,edge-left,$\mu_1$: NodeCount,3.0,2026-05-01 15:29:32.617862692,neo4j,edge-left,False,c5f8e841-4048-4f60-b88e-e987c1ba4cb4
$S_\text{No-2}$,edge-left,$\mu_2$: EdgeCount,2.0,2026-05-01 15:29:32.617862692,neo4j,edge-left,False,c5f8e841-4048-4f60-b88e-e987c1ba4cb4
$S_\text{No-2}$,edge-left,$\mu_3$: AvgNodePropCount,3.3333333333333335,2026-05-01 15:29:32.617862692,neo4j,edge-left,False,c5f8e841-4048-4f60-b88e-e987c1ba4cb4
$S_\text{No-2}$,edge-left,$\mu_4$: AvgEdgePropCount,0.0,2026-05-01 15:29:32.617862692,neo4j,edge-left,False,c5f8e841-4048-4f60-b88e-e987c1ba4cb4
$S_\text{No-3}$,denormalized,$\mu_1$: NodeCount,3.0,2026-05-01 15:30:27.517311233,neo4j,all,False,c5f8e841-4048-4f60-b88e-e987c1ba4cb4
$S_\text{No-3}$,denormalized,$\mu_2$: EdgeCount,2.0,2026-05-01 15:30:27.517311233,neo4j,all,False,c5f8e841-4048-4f60-b88e-e987c1ba4cb4
$S_\text{No-3}$,denormalized,$\mu_3$: AvgNodePropCount,3.3333333333333335,2026-05-01 15:30:27.517311233,neo4j,all,False,c5f8e841-4048-4f60-b88e-e987c1ba4cb4
$S_\text{No-3}$,denormalized,$\mu_4$: AvgEdgePropCount,0.0,2026-05-01 15:30:27.517311233,neo4j,all,False,c5f8e841-4048-4f60-b88e-e987c1ba4cb4
$S_\text{No-3}$,all,$\mu_1$: NodeCount,6.0,2026-05-01 15:30:28.985355550,neo4j,all,False,c5f8e841-4048-4f60-b88e-e987c1ba4cb4
$S_\text{No-3}$,all,$\mu_2$: EdgeCount,5.0,2026-05-01 15:30:28.985355550,neo4j,all,False,c5f8e841-4048-4f60-b88e-e987c1ba4cb4
$S_\text{No-3}$,all,$\mu_3$: AvgNodePropCount,2.3333333333333335,2026-05-01 15:30:28.985355550,neo4j,all,False,c5f8e841-4048-4f60-b88e-e987c1ba4cb4
$S_\text{No-3}$,all,$\mu_4$: AvgEdgePropCount,0.0,2026-05-01 15:30:28.985355550,neo4j,all,False,c5f8e841-4048-4f60-b88e-e987c1ba4cb4
$S_\text{No-3}$,denormalized,$\mu_1$: NodeCount,3.0,2026-05-01 15:31:21.658883787,neo4j,node-left,False,c5f8e841-4048-4f60-b88e-e987c1ba4cb4
$S_\text{No-3}$,denormalized,$\mu_2$: EdgeCount,2.0,2026-05-01 15:31:21.658883787,neo4j,node-left,False,c5f8e841-4048-4f60-b88e-e987c1ba4cb4
$S_\text{No-3}$,denormalized,$\mu_3$: AvgNodePropCount,3.3333333333333335,2026-05-01 15:31:21.658883787,neo4j,node-left,False,c5f8e841-4048-4f60-b88e-e987c1ba4cb4
$S_\text{No-3}$,denormalized,$\mu_4$: AvgEdgePropCount,0.0,2026-05-01 15:31:21.658883787,neo4j,node-left,False,c5f8e841-4048-4f60-b88e-e987c1ba4cb4
$S_\text{No-3}$,node-left,$\mu_1$: NodeCount,6.0,2026-05-01 15:31:23.096512009,neo4j,node-left,False,c5f8e841-4048-4f60-b88e-e987c1ba4cb4
$S_\text{No-3}$,node-left,$\mu_2$: EdgeCount,5.0,2026-05-01 15:31:23.096512009,neo4j,node-left,False,c5f8e841-4048-4f60-b88e-e987c1ba4cb4
$S_\text{No-3}$,node-left,$\mu_3$: AvgNodePropCount,2.333333333333333,2026-05-01 15:31:23.096512009,neo4j,node-left,False,c5f8e841-4048-4f60-b88e-e987c1ba4cb4
$S_\text{No-3}$,node-left,$\mu_4$: AvgEdgePropCount,0.0,2026-05-01 15:31:23.096512009,neo4j,node-left,False,c5f8e841-4048-4f60-b88e-e987c1ba4cb4
$S_\text{No-3}$,denormalized,$\mu_1$: NodeCount,3.0,2026-05-01 15:32:11.601576195,neo4j,edge-left,False,c5f8e841-4048-4f60-b88e-e987c1ba4cb4
$S_\text{No-3}$,denormalized,$\mu_2$: EdgeCount,2.0,2026-05-01 15:32:11.601576195,neo4j,edge-left,False,c5f8e841-4048-4f60-b88e-e987c1ba4cb4
$S_\text{No-3}$,denormalized,$\mu_3$: AvgNodePropCount,3.3333333333333335,2026-05-01 15:32:11.601576195,neo4j,edge-left,False,c5f8e841-4048-4f60-b88e-e987c1ba4cb4
$S_\text{No-3}$,denormalized,$\mu_4$: AvgEdgePropCount,0.0,2026-05-01 15:32:11.601576195,neo4j,edge-left,False,c5f8e841-4048-4f60-b88e-e987c1ba4cb4
$S_\text{No-3}$,edge-left,$\mu_1$: NodeCount,3.0,2026-05-01 15:32:11.603292776,neo4j,edge-left,False,c5f8e841-4048-4f60-b88e-e987c1ba4cb4
$S_\text{No-3}$,edge-left,$\mu_2$: EdgeCount,2.0,2026-05-01 15:32:11.603292776,neo4j,edge-left,False,c5f8e841-4048-4f60-b88e-e987c1ba4cb4
$S_\text{No-3}$,edge-left,$\mu_3$: AvgNodePropCount,3.3333333333333335,2026-05-01 15:32:11.603292776,neo4j,edge-left,False,c5f8e841-4048-4f60-b88e-e987c1ba4cb4
$S_\text{No-3}$,edge-left,$\mu_4$: AvgEdgePropCount,0.0,2026-05-01 15:32:11.603292776,neo4j,edge-left,False,c5f8e841-4048-4f60-b88e-e987c1ba4cb4
$S_\text{Nw}$,denormalized,$\mu_1$: NodeCount,1035.0,2026-04-28 20:27:07.993825437,neo4j,all,False,a5ee306f-5a06-4e55-9849-3ab736a59b11
$S_\text{Nw}$,denormalized,$\mu_2$: EdgeCount,3139.0,2026-04-28 20:27:07.993825437,neo4j,all,False,a5ee306f-5a06-4e55-9849-3ab736a59b11
$S_\text{Nw}$,denormalized,$\mu_3$: AvgNodePropCount,13.30531400966183,2026-04-28 20:27:07.993825437,neo4j,all,False,a5ee306f-5a06-4e55-9849-3ab736a59b11
$S_\text{Nw}$,denormalized,$\mu_4$: AvgEdgePropCount,3.4326218540936595,2026-04-28 20:27:07.993825437,neo4j,all,False,a5ee306f-5a06-4e55-9849-3ab736a59b11
$S_\text{Nw}$,all,$\mu_1$: NodeCount,1124.0,2026-04-28 20:27:10.237241951,neo4j,all,False,a5ee306f-5a06-4e55-9849-3ab736a59b11
$S_\text{Nw}$,all,$\mu_2$: EdgeCount,3969.0,2026-04-28 20:27:10.237241951,neo4j,all,False,a5ee306f-5a06-4e55-9849-3ab736a59b11
$S_\text{Nw}$,all,$\mu_3$: AvgNodePropCount,8.296263345195728,2026-04-28 20:27:10.237241951,neo4j,all,False,a5ee306f-5a06-4e55-9849-3ab736a59b11
$S_\text{Nw}$,all,$\mu_4$: AvgEdgePropCount,2.7147896195515235,2026-04-28 20:27:10.237241951,neo4j,all,False,a5ee306f-5a06-4e55-9849-3ab736a59b11
$S_\text{Nw}$,denormalized,$\mu_1$: NodeCount,1035.0,2026-04-28 20:28:01.157486953,neo4j,node-left,False,a5ee306f-5a06-4e55-9849-3ab736a59b11
$S_\text{Nw}$,denormalized,$\mu_2$: EdgeCount,3139.0,2026-04-28 20:28:01.157486953,neo4j,node-left,False,a5ee306f-5a06-4e55-9849-3ab736a59b11
$S_\text{Nw}$,denormalized,$\mu_3$: AvgNodePropCount,13.30531400966183,2026-04-28 20:28:01.157486953,neo4j,node-left,False,a5ee306f-5a06-4e55-9849-3ab736a59b11
$S_\text{Nw}$,denormalized,$\mu_4$: AvgEdgePropCount,3.4326218540936595,2026-04-28 20:28:01.157486953,neo4j,node-left,False,a5ee306f-5a06-4e55-9849-3ab736a59b11
$S_\text{Nw}$,node-left,$\mu_1$: NodeCount,1124.0,2026-04-28 20:28:01.720904991,neo4j,node-left,False,a5ee306f-5a06-4e55-9849-3ab736a59b11
$S_\text{Nw}$,node-left,$\mu_2$: EdgeCount,3969.0,2026-04-28 20:28:01.720904991,neo4j,node-left,False,a5ee306f-5a06-4e55-9849-3ab736a59b11
$S_\text{Nw}$,node-left,$\mu_3$: AvgNodePropCount,8.296263345195728,2026-04-28 20:28:01.720904991,neo4j,node-left,False,a5ee306f-5a06-4e55-9849-3ab736a59b11
$S_\text{Nw}$,node-left,$\mu_4$: AvgEdgePropCount,2.7147896195515235,2026-04-28 20:28:01.720904991,neo4j,node-left,False,a5ee306f-5a06-4e55-9849-3ab736a59b11
$S_\text{Nw}$,denormalized,$\mu_1$: NodeCount,1035.0,2026-04-28 20:28:59.579670390,neo4j,edge-left,False,a5ee306f-5a06-4e55-9849-3ab736a59b11
$S_\text{Nw}$,denormalized,$\mu_2$: EdgeCount,3139.0,2026-04-28 20:28:59.579670390,neo4j,edge-left,False,a5ee306f-5a06-4e55-9849-3ab736a59b11
$S_\text{Nw}$,denormalized,$\mu_3$: AvgNodePropCount,13.30531400966183,2026-04-28 20:28:59.579670390,neo4j,edge-left,False,a5ee306f-5a06-4e55-9849-3ab736a59b11
$S_\text{Nw}$,denormalized,$\mu_4$: AvgEdgePropCount,3.4326218540936595,2026-04-28 20:28:59.579670390,neo4j,edge-left,False,a5ee306f-5a06-4e55-9849-3ab736a59b11
$S_\text{Nw}$,edge-left,$\mu_1$: NodeCount,1035.0,2026-04-28 20:28:59.581061314,neo4j,edge-left,False,a5ee306f-5a06-4e55-9849-3ab736a59b11
$S_\text{Nw}$,edge-left,$\mu_2$: EdgeCount,3139.0,2026-04-28 20:28:59.581061314,neo4j,edge-left,False,a5ee306f-5a06-4e55-9849-3ab736a59b11
$S_\text{Nw}$,edge-left,$\mu_3$: AvgNodePropCount,13.30531400966183,2026-04-28 20:28:59.581061314,neo4j,edge-left,False,a5ee306f-5a06-4e55-9849-3ab736a59b11
$S_\text{Nw}$,edge-left,$\mu_4$: AvgEdgePropCount,3.4326218540936595,2026-04-28 20:28:59.581061314,neo4j,edge-left,False,a5ee306f-5a06-4e55-9849-3ab736a59b11
$S_\text{Lon}$,denormalized,$\mu_1$: NodeCount,651.0,2026-04-28 20:29:52.729188201,neo4j,all,False,a5ee306f-5a06-4e55-9849-3ab736a59b11
$S_\text{Lon}$,denormalized,$\mu_2$: EdgeCount,1952.0,2026-04-28 20:29:52.729188201,neo4j,all,False,a5ee306f-5a06-4e55-9849-3ab736a59b11
$S_\text{Lon}$,denormalized,$\mu_3$: AvgNodePropCount,4.992319508448543,2026-04-28 20:29:52.729188201,neo4j,all,False,a5ee306f-5a06-4e55-9849-3ab736a59b11
$S_\text{Lon}$,denormalized,$\mu_4$: AvgEdgePropCount,3.0,2026-04-28 20:29:52.729188201,neo4j,all,False,a5ee306f-5a06-4e55-9849-3ab736a59b11
$S_\text{Lon}$,all,$\mu_1$: NodeCount,2646.0,2026-04-28 20:29:54.058313179,neo4j,all,False,a5ee306f-5a06-4e55-9849-3ab736a59b11
$S_\text{Lon}$,all,$\mu_2$: EdgeCount,6502.0,2026-04-28 20:29:54.058313179,neo4j,all,False,a5ee306f-5a06-4e55-9849-3ab736a59b11
$S_\text{Lon}$,all,$\mu_3$: AvgNodePropCount,0.7830687830687805,2026-04-28 20:29:54.058313179,neo4j,all,False,a5ee306f-5a06-4e55-9849-3ab736a59b11
$S_\text{Lon}$,all,$\mu_4$: AvgEdgePropCount,0.0,2026-04-28 20:29:54.058313179,neo4j,all,False,a5ee306f-5a06-4e55-9849-3ab736a59b11
$S_\text{Lon}$,denormalized,$\mu_1$: NodeCount,651.0,2026-04-28 20:30:47.382478866,neo4j,node-left,False,a5ee306f-5a06-4e55-9849-3ab736a59b11
$S_\text{Lon}$,denormalized,$\mu_2$: EdgeCount,1952.0,2026-04-28 20:30:47.382478866,neo4j,node-left,False,a5ee306f-5a06-4e55-9849-3ab736a59b11
$S_\text{Lon}$,denormalized,$\mu_3$: AvgNodePropCount,4.992319508448543,2026-04-28 20:30:47.382478866,neo4j,node-left,False,a5ee306f-5a06-4e55-9849-3ab736a59b11
$S_\text{Lon}$,denormalized,$\mu_4$: AvgEdgePropCount,3.0,2026-04-28 20:30:47.382478866,neo4j,node-left,False,a5ee306f-5a06-4e55-9849-3ab736a59b11
$S_\text{Lon}$,node-left,$\mu_1$: NodeCount,666.0,2026-04-28 20:30:47.942615436,neo4j,node-left,False,a5ee306f-5a06-4e55-9849-3ab736a59b11
$S_\text{Lon}$,node-left,$\mu_2$: EdgeCount,2598.0,2026-04-28 20:30:47.942615436,neo4j,node-left,False,a5ee306f-5a06-4e55-9849-3ab736a59b11
$S_\text{Lon}$,node-left,$\mu_3$: AvgNodePropCount,2.9849849849849828,2026-04-28 20:30:47.942615436,neo4j,node-left,False,a5ee306f-5a06-4e55-9849-3ab736a59b11
$S_\text{Lon}$,node-left,$\mu_4$: AvgEdgePropCount,2.2540415704387975,2026-04-28 20:30:47.942615436,neo4j,node-left,False,a5ee306f-5a06-4e55-9849-3ab736a59b11
$S_\text{Lon}$,denormalized,$\mu_1$: NodeCount,651.0,2026-04-28 20:31:41.187670931,neo4j,edge-left,False,a5ee306f-5a06-4e55-9849-3ab736a59b11
$S_\text{Lon}$,denormalized,$\mu_2$: EdgeCount,1952.0,2026-04-28 20:31:41.187670931,neo4j,edge-left,False,a5ee306f-5a06-4e55-9849-3ab736a59b11
$S_\text{Lon}$,denormalized,$\mu_3$: AvgNodePropCount,4.992319508448543,2026-04-28 20:31:41.187670931,neo4j,edge-left,False,a5ee306f-5a06-4e55-9849-3ab736a59b11
$S_\text{Lon}$,denormalized,$\mu_4$: AvgEdgePropCount,3.0,2026-04-28 20:31:41.187670931,neo4j,edge-left,False,a5ee306f-5a06-4e55-9849-3ab736a59b11
$S_\text{Lon}$,edge-left,$\mu_1$: NodeCount,2631.0,2026-04-28 20:31:42.161660301,neo4j,edge-left,False,a5ee306f-5a06-4e55-9849-3ab736a59b11
$S_\text{Lon}$,edge-left,$\mu_2$: EdgeCount,5856.0,2026-04-28 20:31:42.161660301,neo4j,edge-left,False,a5ee306f-5a06-4e55-9849-3ab736a59b11
$S_\text{Lon}$,edge-left,$\mu_3$: AvgNodePropCount,1.2671987837324208,2026-04-28 20:31:42.161660301,neo4j,edge-left,False,a5ee306f-5a06-4e55-9849-3ab736a59b11
$S_\text{Lon}$,edge-left,$\mu_4$: AvgEdgePropCount,0.0,2026-04-28 20:31:42.161660301,neo4j,edge-left,False,a5ee306f-5a06-4e55-9849-3ab736a59b11
$S_\text{Ts-1}$,denormalized,$\mu_1$: NodeCount,194179.0,2026-04-28 20:34:27.979685875,memgraph,all,False,a5ee306f-5a06-4e55-9849-3ab736a59b11
$S_\text{Ts-1}$,denormalized,$\mu_2$: EdgeCount,1826601.0,2026-04-28 20:34:27.979685875,memgraph,all,False,a5ee306f-5a06-4e55-9849-3ab736a59b11
$S_\text{Ts-1}$,denormalized,$\mu_3$: AvgNodePropCount,6.983252565931434,2026-04-28 20:34:27.979685875,memgraph,all,False,a5ee306f-5a06-4e55-9849-3ab736a59b11
$S_\text{Ts-1}$,denormalized,$\mu_4$: AvgEdgePropCount,3.787838723399363,2026-04-28 20:34:27.979685875,memgraph,all,False,a5ee306f-5a06-4e55-9849-3ab736a59b11
$S_\text{Ts-1}$,all,$\mu_1$: NodeCount,3845579.0,2026-04-28 20:35:32.063828534,memgraph,all,False,a5ee306f-5a06-4e55-9849-3ab736a59b11
$S_\text{Ts-1}$,all,$\mu_2$: EdgeCount,5286216.0,2026-04-28 20:35:32.063828534,memgraph,all,False,a5ee306f-5a06-4e55-9849-3ab736a59b11
$S_\text{Ts-1}$,all,$\mu_3$: AvgNodePropCount,2.0998752073484903,2026-04-28 20:35:32.063828534,memgraph,all,False,a5ee306f-5a06-4e55-9849-3ab736a59b11
$S_\text{Ts-1}$,all,$\mu_4$: AvgEdgePropCount,0.0,2026-04-28 20:35:32.063828534,memgraph,all,False,a5ee306f-5a06-4e55-9849-3ab736a59b11
$S_\text{Ts-1}$,denormalized,$\mu_1$: NodeCount,194179.0,2026-04-28 20:38:24.736841799,memgraph,node-left,False,a5ee306f-5a06-4e55-9849-3ab736a59b11
$S_\text{Ts-1}$,denormalized,$\mu_2$: EdgeCount,1826601.0,2026-04-28 20:38:24.736841799,memgraph,node-left,False,a5ee306f-5a06-4e55-9849-3ab736a59b11
$S_\text{Ts-1}$,denormalized,$\mu_3$: AvgNodePropCount,6.983252565931434,2026-04-28 20:38:24.736841799,memgraph,node-left,False,a5ee306f-5a06-4e55-9849-3ab736a59b11
$S_\text{Ts-1}$,denormalized,$\mu_4$: AvgEdgePropCount,3.787838723399363,2026-04-28 20:38:24.736841799,memgraph,node-left,False,a5ee306f-5a06-4e55-9849-3ab736a59b11
$S_\text{Ts-1}$,node-left,$\mu_1$: NodeCount,579979.0,2026-04-28 20:38:48.174505758,memgraph,node-left,False,a5ee306f-5a06-4e55-9849-3ab736a59b11
$S_\text{Ts-1}$,node-left,$\mu_2$: EdgeCount,2214417.0,2026-04-28 20:38:48.174505758,memgraph,node-left,False,a5ee306f-5a06-4e55-9849-3ab736a59b11
$S_\text{Ts-1}$,node-left,$\mu_3$: AvgNodePropCount,2.9962619336217347,2026-04-28 20:38:48.174505758,memgraph,node-left,False,a5ee306f-5a06-4e55-9849-3ab736a59b11
$S_\text{Ts-1}$,node-left,$\mu_4$: AvgEdgePropCount,2.299598043186988,2026-04-28 20:38:48.174505758,memgraph,node-left,False,a5ee306f-5a06-4e55-9849-3ab736a59b11
$S_\text{Ts-1}$,denormalized,$\mu_1$: NodeCount,194179.0,2026-04-28 20:41:18.328375341,memgraph,edge-left,False,a5ee306f-5a06-4e55-9849-3ab736a59b11
$S_\text{Ts-1}$,denormalized,$\mu_2$: EdgeCount,1826601.0,2026-04-28 20:41:18.328375341,memgraph,edge-left,False,a5ee306f-5a06-4e55-9849-3ab736a59b11
$S_\text{Ts-1}$,denormalized,$\mu_3$: AvgNodePropCount,6.983252565931434,2026-04-28 20:41:18.328375341,memgraph,edge-left,False,a5ee306f-5a06-4e55-9849-3ab736a59b11
$S_\text{Ts-1}$,denormalized,$\mu_4$: AvgEdgePropCount,3.787838723399363,2026-04-28 20:41:18.328375341,memgraph,edge-left,False,a5ee306f-5a06-4e55-9849-3ab736a59b11
$S_\text{Ts-1}$,edge-left,$\mu_1$: NodeCount,3459779.0,2026-04-28 20:41:55.210012289,memgraph,edge-left,False,a5ee306f-5a06-4e55-9849-3ab736a59b11
$S_\text{Ts-1}$,edge-left,$\mu_2$: EdgeCount,4898400.0,2026-04-28 20:41:55.210012289,memgraph,edge-left,False,a5ee306f-5a06-4e55-9849-3ab736a59b11
$S_\text{Ts-1}$,edge-left,$\mu_3$: AvgNodePropCount,2.22368769797146,2026-04-28 20:41:55.210012289,memgraph,edge-left,False,a5ee306f-5a06-4e55-9849-3ab736a59b11
$S_\text{Ts-1}$,edge-left,$\mu_4$: AvgEdgePropCount,0.0,2026-04-28 20:41:55.210012289,memgraph,edge-left,False,a5ee306f-5a06-4e55-9849-3ab736a59b11
$S_\text{Ts-2}$,denormalized,$\mu_1$: NodeCount,194179.0,2026-04-28 20:44:41.202269754,memgraph,all,False,a5ee306f-5a06-4e55-9849-3ab736a59b11
$S_\text{Ts-2}$,denormalized,$\mu_2$: EdgeCount,1826601.0,2026-04-28 20:44:41.202269754,memgraph,all,False,a5ee306f-5a06-4e55-9849-3ab736a59b11
$S_\text{Ts-2}$,denormalized,$\mu_3$: AvgNodePropCount,6.983252565931434,2026-04-28 20:44:41.202269754,memgraph,all,False,a5ee306f-5a06-4e55-9849-3ab736a59b11
$S_\text{Ts-2}$,denormalized,$\mu_4$: AvgEdgePropCount,3.787838723399363,2026-04-28 20:44:41.202269754,memgraph,all,False,a5ee306f-5a06-4e55-9849-3ab736a59b11
$S_\text{Ts-2}$,all,$\mu_1$: NodeCount,5672180.0,2026-04-28 20:46:28.110075906,memgraph,all,False,a5ee306f-5a06-4e55-9849-3ab736a59b11
$S_\text{Ts-2}$,all,$\mu_2$: EdgeCount,10766019.0,2026-04-28 20:46:28.110075906,memgraph,all,False,a5ee306f-5a06-4e55-9849-3ab736a59b11
$S_\text{Ts-2}$,all,$\mu_3$: AvgNodePropCount,2.3214187490523925,2026-04-28 20:46:28.110075906,memgraph,all,False,a5ee306f-5a06-4e55-9849-3ab736a59b11
$S_\text{Ts-2}$,all,$\mu_4$: AvgEdgePropCount,0.0,2026-04-28 20:46:28.110075906,memgraph,all,False,a5ee306f-5a06-4e55-9849-3ab736a59b11
$S_\text{Ts-2}$,denormalized,$\mu_1$: NodeCount,194179.0,2026-04-28 20:49:28.810885360,memgraph,node-left,False,a5ee306f-5a06-4e55-9849-3ab736a59b11
$S_\text{Ts-2}$,denormalized,$\mu_2$: EdgeCount,1826601.0,2026-04-28 20:49:28.810885360,memgraph,node-left,False,a5ee306f-5a06-4e55-9849-3ab736a59b11
$S_\text{Ts-2}$,denormalized,$\mu_3$: AvgNodePropCount,6.983252565931434,2026-04-28 20:49:28.810885360,memgraph,node-left,False,a5ee306f-5a06-4e55-9849-3ab736a59b11
$S_\text{Ts-2}$,denormalized,$\mu_4$: AvgEdgePropCount,3.787838723399363,2026-04-28 20:49:28.810885360,memgraph,node-left,False,a5ee306f-5a06-4e55-9849-3ab736a59b11
$S_\text{Ts-2}$,node-left,$\mu_1$: NodeCount,579979.0,2026-04-28 20:49:48.432203195,memgraph,node-left,False,a5ee306f-5a06-4e55-9849-3ab736a59b11
$S_\text{Ts-2}$,node-left,$\mu_2$: EdgeCount,2214417.0,2026-04-28 20:49:48.432203195,memgraph,node-left,False,a5ee306f-5a06-4e55-9849-3ab736a59b11
$S_\text{Ts-2}$,node-left,$\mu_3$: AvgNodePropCount,2.9962619336217347,2026-04-28 20:49:48.432203195,memgraph,node-left,False,a5ee306f-5a06-4e55-9849-3ab736a59b11
$S_\text{Ts-2}$,node-left,$\mu_4$: AvgEdgePropCount,2.299598043186988,2026-04-28 20:49:48.432203195,memgraph,node-left,False,a5ee306f-5a06-4e55-9849-3ab736a59b11
$S_\text{Ts-2}$,denormalized,$\mu_1$: NodeCount,194179.0,2026-04-28 20:52:24.656006529,memgraph,edge-left,False,a5ee306f-5a06-4e55-9849-3ab736a59b11
$S_\text{Ts-2}$,denormalized,$\mu_2$: EdgeCount,1826601.0,2026-04-28 20:52:24.656006529,memgraph,edge-left,False,a5ee306f-5a06-4e55-9849-3ab736a59b11
$S_\text{Ts-2}$,denormalized,$\mu_3$: AvgNodePropCount,6.983252565931434,2026-04-28 20:52:24.656006529,memgraph,edge-left,False,a5ee306f-5a06-4e55-9849-3ab736a59b11
$S_\text{Ts-2}$,denormalized,$\mu_4$: AvgEdgePropCount,3.787838723399363,2026-04-28 20:52:24.656006529,memgraph,edge-left,False,a5ee306f-5a06-4e55-9849-3ab736a59b11
$S_\text{Ts-2}$,edge-left,$\mu_1$: NodeCount,5286922.0,2026-04-28 20:53:46.455869140,memgraph,edge-left,False,a5ee306f-5a06-4e55-9849-3ab736a59b11
$S_\text{Ts-2}$,edge-left,$\mu_2$: EdgeCount,10378203.0,2026-04-28 20:53:46.455869140,memgraph,edge-left,False,a5ee306f-5a06-4e55-9849-3ab736a59b11
$S_\text{Ts-2}$,edge-left,$\mu_3$: AvgNodePropCount,2.4184731683198657,2026-04-28 20:53:46.455869140,memgraph,edge-left,False,a5ee306f-5a06-4e55-9849-3ab736a59b11
$S_\text{Ts-2}$,edge-left,$\mu_4$: AvgEdgePropCount,0.0,2026-04-28 20:53:46.455869140,memgraph,edge-left,False,a5ee306f-5a06-4e55-9849-3ab736a59b11
$S_\text{Off-1}$,denormalized,$\mu_1$: NodeCount,2016523.0,2026-04-28 21:00:15.950969874,memgraph,all,False,a5ee306f-5a06-4e55-9849-3ab736a59b11
$S_\text{Off-1}$,denormalized,$\mu_2$: EdgeCount,3339267.0,2026-04-28 21:00:15.950969874,memgraph,all,False,a5ee306f-5a06-4e55-9849-3ab736a59b11
$S_\text{Off-1}$,denormalized,$\mu_3$: AvgNodePropCount,9.86189297121828,2026-04-28 21:00:15.950969874,memgraph,all,False,a5ee306f-5a06-4e55-9849-3ab736a59b11
$S_\text{Off-1}$,denormalized,$\mu_4$: AvgEdgePropCount,3.2509934066368458,2026-04-28 21:00:15.950969874,memgraph,all,False,a5ee306f-5a06-4e55-9849-3ab736a59b11
$S_\text{Off-1}$,all,$\mu_1$: NodeCount,2017381.0,2026-04-28 21:00:24.869049873,memgraph,all,False,a5ee306f-5a06-4e55-9849-3ab736a59b11
$S_\text{Off-1}$,all,$\mu_2$: EdgeCount,3681864.0,2026-04-28 21:00:24.869049873,memgraph,all,False,a5ee306f-5a06-4e55-9849-3ab736a59b11
$S_\text{Off-1}$,all,$\mu_3$: AvgNodePropCount,9.518903965091374,2026-04-28 21:00:24.869049873,memgraph,all,False,a5ee306f-5a06-4e55-9849-3ab736a59b11
$S_\text{Off-1}$,all,$\mu_4$: AvgEdgePropCount,2.9484888632497017,2026-04-28 21:00:24.869049873,memgraph,all,False,a5ee306f-5a06-4e55-9849-3ab736a59b11
$S_\text{Off-1}$,denormalized,$\mu_1$: NodeCount,2016523.0,2026-04-28 21:06:44.174476763,memgraph,node-left,False,a5ee306f-5a06-4e55-9849-3ab736a59b11
$S_\text{Off-1}$,denormalized,$\mu_2$: EdgeCount,3339267.0,2026-04-28 21:06:44.174476763,memgraph,node-left,False,a5ee306f-5a06-4e55-9849-3ab736a59b11
$S_\text{Off-1}$,denormalized,$\mu_3$: AvgNodePropCount,9.86189297121828,2026-04-28 21:06:44.174476763,memgraph,node-left,False,a5ee306f-5a06-4e55-9849-3ab736a59b11
$S_\text{Off-1}$,denormalized,$\mu_4$: AvgEdgePropCount,3.2509934066368458,2026-04-28 21:06:44.174476763,memgraph,node-left,False,a5ee306f-5a06-4e55-9849-3ab736a59b11
$S_\text{Off-1}$,node-left,$\mu_1$: NodeCount,2017381.0,2026-04-28 21:06:52.303221007,memgraph,node-left,False,a5ee306f-5a06-4e55-9849-3ab736a59b11
$S_\text{Off-1}$,node-left,$\mu_2$: EdgeCount,3681864.0,2026-04-28 21:06:52.303221007,memgraph,node-left,False,a5ee306f-5a06-4e55-9849-3ab736a59b11
$S_\text{Off-1}$,node-left,$\mu_3$: AvgNodePropCount,9.518903965091374,2026-04-28 21:06:52.303221007,memgraph,node-left,False,a5ee306f-5a06-4e55-9849-3ab736a59b11
$S_\text{Off-1}$,node-left,$\mu_4$: AvgEdgePropCount,2.9484888632497017,2026-04-28 21:06:52.303221007,memgraph,node-left,False,a5ee306f-5a06-4e55-9849-3ab736a59b11
$S_\text{Off-1}$,denormalized,$\mu_1$: NodeCount,2016523.0,2026-04-28 21:13:07.692599057,memgraph,edge-left,False,a5ee306f-5a06-4e55-9849-3ab736a59b11
$S_\text{Off-1}$,denormalized,$\mu_2$: EdgeCount,3339267.0,2026-04-28 21:13:07.692599057,memgraph,edge-left,False,a5ee306f-5a06-4e55-9849-3ab736a59b11
$S_\text{Off-1}$,denormalized,$\mu_3$: AvgNodePropCount,9.86189297121828,2026-04-28 21:13:07.692599057,memgraph,edge-left,False,a5ee306f-5a06-4e55-9849-3ab736a59b11
$S_\text{Off-1}$,denormalized,$\mu_4$: AvgEdgePropCount,3.2509934066368458,2026-04-28 21:13:07.692599057,memgraph,edge-left,False,a5ee306f-5a06-4e55-9849-3ab736a59b11
$S_\text{Off-1}$,edge-left,$\mu_1$: NodeCount,2016523.0,2026-04-28 21:13:07.694306525,memgraph,edge-left,False,a5ee306f-5a06-4e55-9849-3ab736a59b11
$S_\text{Off-1}$,edge-left,$\mu_2$: EdgeCount,3339267.0,2026-04-28 21:13:07.694306525,memgraph,edge-left,False,a5ee306f-5a06-4e55-9849-3ab736a59b11
$S_\text{Off-1}$,edge-left,$\mu_3$: AvgNodePropCount,9.86189297121828,2026-04-28 21:13:07.694306525,memgraph,edge-left,False,a5ee306f-5a06-4e55-9849-3ab736a59b11
$S_\text{Off-1}$,edge-left,$\mu_4$: AvgEdgePropCount,3.2509934066368458,2026-04-28 21:13:07.694306525,memgraph,edge-left,False,a5ee306f-5a06-4e55-9849-3ab736a59b11
$S_\text{Off-2}$,denormalized,$\mu_1$: NodeCount,2016523.0,2026-04-28 21:19:42.589059287,memgraph,all,False,a5ee306f-5a06-4e55-9849-3ab736a59b11
$S_\text{Off-2}$,denormalized,$\mu_2$: EdgeCount,3339267.0,2026-04-28 21:19:42.589059287,memgraph,all,False,a5ee306f-5a06-4e55-9849-3ab736a59b11
$S_\text{Off-2}$,denormalized,$\mu_3$: AvgNodePropCount,9.86189297121828,2026-04-28 21:19:42.589059287,memgraph,all,False,a5ee306f-5a06-4e55-9849-3ab736a59b11
$S_\text{Off-2}$,denormalized,$\mu_4$: AvgEdgePropCount,3.2509934066368458,2026-04-28 21:19:42.589059287,memgraph,all,False,a5ee306f-5a06-4e55-9849-3ab736a59b11
$S_\text{Off-2}$,all,$\mu_1$: NodeCount,2021602.0,2026-04-28 21:20:13.949223393,memgraph,all,False,a5ee306f-5a06-4e55-9849-3ab736a59b11
$S_\text{Off-2}$,all,$\mu_2$: EdgeCount,4854231.0,2026-04-28 21:20:13.949223393,memgraph,all,False,a5ee306f-5a06-4e55-9849-3ab736a59b11
$S_\text{Off-2}$,all,$\mu_3$: AvgNodePropCount,8.595673629131747,2026-04-28 21:20:13.949223393,memgraph,all,False,a5ee306f-5a06-4e55-9849-3ab736a59b11
$S_\text{Off-2}$,all,$\mu_4$: AvgEdgePropCount,2.236386154676199,2026-04-28 21:20:13.949223393,memgraph,all,False,a5ee306f-5a06-4e55-9849-3ab736a59b11
$S_\text{Off-2}$,denormalized,$\mu_1$: NodeCount,2016523.0,2026-04-28 21:26:51.249286518,memgraph,node-left,False,a5ee306f-5a06-4e55-9849-3ab736a59b11
$S_\text{Off-2}$,denormalized,$\mu_2$: EdgeCount,3339267.0,2026-04-28 21:26:51.249286518,memgraph,node-left,False,a5ee306f-5a06-4e55-9849-3ab736a59b11
$S_\text{Off-2}$,denormalized,$\mu_3$: AvgNodePropCount,9.86189297121828,2026-04-28 21:26:51.249286518,memgraph,node-left,False,a5ee306f-5a06-4e55-9849-3ab736a59b11
$S_\text{Off-2}$,denormalized,$\mu_4$: AvgEdgePropCount,3.2509934066368458,2026-04-28 21:26:51.249286518,memgraph,node-left,False,a5ee306f-5a06-4e55-9849-3ab736a59b11
$S_\text{Off-2}$,node-left,$\mu_1$: NodeCount,2021602.0,2026-04-28 21:27:23.284808857,memgraph,node-left,False,a5ee306f-5a06-4e55-9849-3ab736a59b11
$S_\text{Off-2}$,node-left,$\mu_2$: EdgeCount,4854231.0,2026-04-28 21:27:23.284808857,memgraph,node-left,False,a5ee306f-5a06-4e55-9849-3ab736a59b11
$S_\text{Off-2}$,node-left,$\mu_3$: AvgNodePropCount,8.595673629131747,2026-04-28 21:27:23.284808857,memgraph,node-left,False,a5ee306f-5a06-4e55-9849-3ab736a59b11
$S_\text{Off-2}$,node-left,$\mu_4$: AvgEdgePropCount,2.236386154676199,2026-04-28 21:27:23.284808857,memgraph,node-left,False,a5ee306f-5a06-4e55-9849-3ab736a59b11
$S_\text{Off-2}$,denormalized,$\mu_1$: NodeCount,2016523.0,2026-04-28 21:33:52.707125876,memgraph,edge-left,False,a5ee306f-5a06-4e55-9849-3ab736a59b11
$S_\text{Off-2}$,denormalized,$\mu_2$: EdgeCount,3339267.0,2026-04-28 21:33:52.707125876,memgraph,edge-left,False,a5ee306f-5a06-4e55-9849-3ab736a59b11
$S_\text{Off-2}$,denormalized,$\mu_3$: AvgNodePropCount,9.86189297121828,2026-04-28 21:33:52.707125876,memgraph,edge-left,False,a5ee306f-5a06-4e55-9849-3ab736a59b11
$S_\text{Off-2}$,denormalized,$\mu_4$: AvgEdgePropCount,3.2509934066368458,2026-04-28 21:33:52.707125876,memgraph,edge-left,False,a5ee306f-5a06-4e55-9849-3ab736a59b11
$S_\text{Off-2}$,edge-left,$\mu_1$: NodeCount,2016523.0,2026-04-28 21:33:52.708815697,memgraph,edge-left,False,a5ee306f-5a06-4e55-9849-3ab736a59b11
$S_\text{Off-2}$,edge-left,$\mu_2$: EdgeCount,3339267.0,2026-04-28 21:33:52.708815697,memgraph,edge-left,False,a5ee306f-5a06-4e55-9849-3ab736a59b11
$S_\text{Off-2}$,edge-left,$\mu_3$: AvgNodePropCount,9.86189297121828,2026-04-28 21:33:52.708815697,memgraph,edge-left,False,a5ee306f-5a06-4e55-9849-3ab736a59b11
$S_\text{Off-2}$,edge-left,$\mu_4$: AvgEdgePropCount,3.2509934066368458,2026-04-28 21:33:52.708815697,memgraph,edge-left,False,a5ee306f-5a06-4e55-9849-3ab736a59b11
$S_\text{Off-3}$,denormalized,$\mu_1$: NodeCount,2016523.0,2026-04-28 21:41:06.260741873,memgraph,all,False,a5ee306f-5a06-4e55-9849-3ab736a59b11
$S_\text{Off-3}$,denormalized,$\mu_2$: EdgeCount,3339267.0,2026-04-28 21:41:06.260741873,memgraph,all,False,a5ee306f-5a06-4e55-9849-3ab736a59b11
$S_\text{Off-3}$,denormalized,$\mu_3$: AvgNodePropCount,9.86189297121828,2026-04-28 21:41:06.260741873,memgraph,all,False,a5ee306f-5a06-4e55-9849-3ab736a59b11
$S_\text{Off-3}$,denormalized,$\mu_4$: AvgEdgePropCount,3.2509934066368458,2026-04-28 21:41:06.260741873,memgraph,all,False,a5ee306f-5a06-4e55-9849-3ab736a59b11
$S_\text{Off-3}$,all,$\mu_1$: NodeCount,2017388.0,2026-04-28 21:41:29.142772862,memgraph,all,False,a5ee306f-5a06-4e55-9849-3ab736a59b11
$S_\text{Off-3}$,all,$\mu_2$: EdgeCount,4367058.0,2026-04-28 21:41:29.142772862,memgraph,all,False,a5ee306f-5a06-4e55-9849-3ab736a59b11
$S_\text{Off-3}$,all,$\mu_3$: AvgNodePropCount,9.009411674898432,2026-04-28 21:41:29.142772862,memgraph,all,False,a5ee306f-5a06-4e55-9849-3ab736a59b11
$S_\text{Off-3}$,all,$\mu_4$: AvgEdgePropCount,2.485869205309387,2026-04-28 21:41:29.142772862,memgraph,all,False,a5ee306f-5a06-4e55-9849-3ab736a59b11
$S_\text{Off-3}$,denormalized,$\mu_1$: NodeCount,2016523.0,2026-04-28 21:48:13.116841375,memgraph,node-left,False,a5ee306f-5a06-4e55-9849-3ab736a59b11
$S_\text{Off-3}$,denormalized,$\mu_2$: EdgeCount,3339267.0,2026-04-28 21:48:13.116841375,memgraph,node-left,False,a5ee306f-5a06-4e55-9849-3ab736a59b11
$S_\text{Off-3}$,denormalized,$\mu_3$: AvgNodePropCount,9.86189297121828,2026-04-28 21:48:13.116841375,memgraph,node-left,False,a5ee306f-5a06-4e55-9849-3ab736a59b11
$S_\text{Off-3}$,denormalized,$\mu_4$: AvgEdgePropCount,3.2509934066368458,2026-04-28 21:48:13.116841375,memgraph,node-left,False,a5ee306f-5a06-4e55-9849-3ab736a59b11
$S_\text{Off-3}$,node-left,$\mu_1$: NodeCount,2017388.0,2026-04-28 21:48:37.135353411,memgraph,node-left,False,a5ee306f-5a06-4e55-9849-3ab736a59b11
$S_\text{Off-3}$,node-left,$\mu_2$: EdgeCount,4367058.0,2026-04-28 21:48:37.135353411,memgraph,node-left,False,a5ee306f-5a06-4e55-9849-3ab736a59b11
$S_\text{Off-3}$,node-left,$\mu_3$: AvgNodePropCount,9.009411674898432,2026-04-28 21:48:37.135353411,memgraph,node-left,False,a5ee306f-5a06-4e55-9849-3ab736a59b11
$S_\text{Off-3}$,node-left,$\mu_4$: AvgEdgePropCount,2.485869205309387,2026-04-28 21:48:37.135353411,memgraph,node-left,False,a5ee306f-5a06-4e55-9849-3ab736a59b11
$S_\text{Off-3}$,denormalized,$\mu_1$: NodeCount,2016523.0,2026-04-28 21:55:33.741646154,memgraph,edge-left,False,a5ee306f-5a06-4e55-9849-3ab736a59b11
$S_\text{Off-3}$,denormalized,$\mu_2$: EdgeCount,3339267.0,2026-04-28 21:55:33.741646154,memgraph,edge-left,False,a5ee306f-5a06-4e55-9849-3ab736a59b11
$S_\text{Off-3}$,denormalized,$\mu_3$: AvgNodePropCount,9.86189297121828,2026-04-28 21:55:33.741646154,memgraph,edge-left,False,a5ee306f-5a06-4e55-9849-3ab736a59b11
$S_\text{Off-3}$,denormalized,$\mu_4$: AvgEdgePropCount,3.2509934066368458,2026-04-28 21:55:33.741646154,memgraph,edge-left,False,a5ee306f-5a06-4e55-9849-3ab736a59b11
$S_\text{Off-3}$,edge-left,$\mu_1$: NodeCount,2016523.0,2026-04-28 21:55:33.743378900,memgraph,edge-left,False,a5ee306f-5a06-4e55-9849-3ab736a59b11
$S_\text{Off-3}$,edge-left,$\mu_2$: EdgeCount,3339267.0,2026-04-28 21:55:33.743378900,memgraph,edge-left,False,a5ee306f-5a06-4e55-9849-3ab736a59b11
$S_\text{Off-3}$,edge-left,$\mu_3$: AvgNodePropCount,9.86189297121828,2026-04-28 21:55:33.743378900,memgraph,edge-left,False,a5ee306f-5a06-4e55-9849-3ab736a59b11
$S_\text{Off-3}$,edge-left,$\mu_4$: AvgEdgePropCount,3.2509934066368458,2026-04-28 21:55:33.743378900,memgraph,edge-left,False,a5ee306f-5a06-4e55-9849-3ab736a59b11
$S_\text{Uni-1}$,denormalized,$\mu_1$: NodeCount,4.0,2026-04-28 21:55:54.751296169,memgraph,all,False,a5ee306f-5a06-4e55-9849-3ab736a59b11
$S_\text{Uni-1}$,denormalized,$\mu_2$: EdgeCount,3.0,2026-04-28 21:55:54.751296169,memgraph,all,False,a5ee306f-5a06-4e55-9849-3ab736a59b11
$S_\text{Uni-1}$,denormalized,$\mu_3$: AvgNodePropCount,1.25,2026-04-28 21:55:54.751296169,memgraph,all,False,a5ee306f-5a06-4e55-9849-3ab736a59b11
$S_\text{Uni-1}$,denormalized,$\mu_4$: AvgEdgePropCount,2.0,2026-04-28 21:55:54.751296169,memgraph,all,False,a5ee306f-5a06-4e55-9849-3ab736a59b11
$S_\text{Uni-1}$,all,$\mu_1$: NodeCount,4.0,2026-04-28 21:55:54.760055952,memgraph,all,False,a5ee306f-5a06-4e55-9849-3ab736a59b11
$S_\text{Uni-1}$,all,$\mu_2$: EdgeCount,3.0,2026-04-28 21:55:54.760055952,memgraph,all,False,a5ee306f-5a06-4e55-9849-3ab736a59b11
$S_\text{Uni-1}$,all,$\mu_3$: AvgNodePropCount,1.5,2026-04-28 21:55:54.760055952,memgraph,all,False,a5ee306f-5a06-4e55-9849-3ab736a59b11
$S_\text{Uni-1}$,all,$\mu_4$: AvgEdgePropCount,1.0,2026-04-28 21:55:54.760055952,memgraph,all,False,a5ee306f-5a06-4e55-9849-3ab736a59b11
$S_\text{Uni-1}$,denormalized,$\mu_1$: NodeCount,4.0,2026-04-28 21:55:55.202682676,memgraph,node-left,False,a5ee306f-5a06-4e55-9849-3ab736a59b11
$S_\text{Uni-1}$,denormalized,$\mu_2$: EdgeCount,3.0,2026-04-28 21:55:55.202682676,memgraph,node-left,False,a5ee306f-5a06-4e55-9849-3ab736a59b11
$S_\text{Uni-1}$,denormalized,$\mu_3$: AvgNodePropCount,1.25,2026-04-28 21:55:55.202682676,memgraph,node-left,False,a5ee306f-5a06-4e55-9849-3ab736a59b11
$S_\text{Uni-1}$,denormalized,$\mu_4$: AvgEdgePropCount,2.0,2026-04-28 21:55:55.202682676,memgraph,node-left,False,a5ee306f-5a06-4e55-9849-3ab736a59b11
$S_\text{Uni-1}$,node-left,$\mu_1$: NodeCount,4.0,2026-04-28 21:55:55.211141968,memgraph,node-left,False,a5ee306f-5a06-4e55-9849-3ab736a59b11
$S_\text{Uni-1}$,node-left,$\mu_2$: EdgeCount,3.0,2026-04-28 21:55:55.211141968,memgraph,node-left,False,a5ee306f-5a06-4e55-9849-3ab736a59b11
$S_\text{Uni-1}$,node-left,$\mu_3$: AvgNodePropCount,1.5,2026-04-28 21:55:55.211141968,memgraph,node-left,False,a5ee306f-5a06-4e55-9849-3ab736a59b11
$S_\text{Uni-1}$,node-left,$\mu_4$: AvgEdgePropCount,1.0,2026-04-28 21:55:55.211141968,memgraph,node-left,False,a5ee306f-5a06-4e55-9849-3ab736a59b11
$S_\text{Uni-1}$,denormalized,$\mu_1$: NodeCount,4.0,2026-04-28 21:55:55.863179267,memgraph,edge-left,False,a5ee306f-5a06-4e55-9849-3ab736a59b11
$S_\text{Uni-1}$,denormalized,$\mu_2$: EdgeCount,3.0,2026-04-28 21:55:55.863179267,memgraph,edge-left,False,a5ee306f-5a06-4e55-9849-3ab736a59b11
$S_\text{Uni-1}$,denormalized,$\mu_3$: AvgNodePropCount,1.25,2026-04-28 21:55:55.863179267,memgraph,edge-left,False,a5ee306f-5a06-4e55-9849-3ab736a59b11
$S_\text{Uni-1}$,denormalized,$\mu_4$: AvgEdgePropCount,2.0,2026-04-28 21:55:55.863179267,memgraph,edge-left,False,a5ee306f-5a06-4e55-9849-3ab736a59b11
$S_\text{Uni-1}$,edge-left,$\mu_1$: NodeCount,4.0,2026-04-28 21:55:55.864049241,memgraph,edge-left,False,a5ee306f-5a06-4e55-9849-3ab736a59b11
$S_\text{Uni-1}$,edge-left,$\mu_2$: EdgeCount,3.0,2026-04-28 21:55:55.864049241,memgraph,edge-left,False,a5ee306f-5a06-4e55-9849-3ab736a59b11
$S_\text{Uni-1}$,edge-left,$\mu_3$: AvgNodePropCount,1.25,2026-04-28 21:55:55.864049241,memgraph,edge-left,False,a5ee306f-5a06-4e55-9849-3ab736a59b11
$S_\text{Uni-1}$,edge-left,$\mu_4$: AvgEdgePropCount,2.0,2026-04-28 21:55:55.864049241,memgraph,edge-left,False,a5ee306f-5a06-4e55-9849-3ab736a59b11
$S_\text{Uni-2}$,denormalized,$\mu_1$: NodeCount,4.0,2026-04-28 21:55:56.597976057,memgraph,all,False,a5ee306f-5a06-4e55-9849-3ab736a59b11
$S_\text{Uni-2}$,denormalized,$\mu_2$: EdgeCount,3.0,2026-04-28 21:55:56.597976057,memgraph,all,False,a5ee306f-5a06-4e55-9849-3ab736a59b11
$S_\text{Uni-2}$,denormalized,$\mu_3$: AvgNodePropCount,1.25,2026-04-28 21:55:56.597976057,memgraph,all,False,a5ee306f-5a06-4e55-9849-3ab736a59b11
$S_\text{Uni-2}$,denormalized,$\mu_4$: AvgEdgePropCount,2.0,2026-04-28 21:55:56.597976057,memgraph,all,False,a5ee306f-5a06-4e55-9849-3ab736a59b11
$S_\text{Uni-2}$,all,$\mu_1$: NodeCount,5.0,2026-04-28 21:55:56.607255699,memgraph,all,False,a5ee306f-5a06-4e55-9849-3ab736a59b11
$S_\text{Uni-2}$,all,$\mu_2$: EdgeCount,4.0,2026-04-28 21:55:56.607255699,memgraph,all,False,a5ee306f-5a06-4e55-9849-3ab736a59b11
$S_\text{Uni-2}$,all,$\mu_3$: AvgNodePropCount,1.2,2026-04-28 21:55:56.607255699,memgraph,all,False,a5ee306f-5a06-4e55-9849-3ab736a59b11
$S_\text{Uni-2}$,all,$\mu_4$: AvgEdgePropCount,0.75,2026-04-28 21:55:56.607255699,memgraph,all,False,a5ee306f-5a06-4e55-9849-3ab736a59b11
$S_\text{Uni-2}$,denormalized,$\mu_1$: NodeCount,4.0,2026-04-28 21:55:57.298347905,memgraph,node-left,False,a5ee306f-5a06-4e55-9849-3ab736a59b11
$S_\text{Uni-2}$,denormalized,$\mu_2$: EdgeCount,3.0,2026-04-28 21:55:57.298347905,memgraph,node-left,False,a5ee306f-5a06-4e55-9849-3ab736a59b11
$S_\text{Uni-2}$,denormalized,$\mu_3$: AvgNodePropCount,1.25,2026-04-28 21:55:57.298347905,memgraph,node-left,False,a5ee306f-5a06-4e55-9849-3ab736a59b11
$S_\text{Uni-2}$,denormalized,$\mu_4$: AvgEdgePropCount,2.0,2026-04-28 21:55:57.298347905,memgraph,node-left,False,a5ee306f-5a06-4e55-9849-3ab736a59b11
$S_\text{Uni-2}$,node-left,$\mu_1$: NodeCount,5.0,2026-04-28 21:55:57.311441601,memgraph,node-left,False,a5ee306f-5a06-4e55-9849-3ab736a59b11
$S_\text{Uni-2}$,node-left,$\mu_2$: EdgeCount,4.0,2026-04-28 21:55:57.311441601,memgraph,node-left,False,a5ee306f-5a06-4e55-9849-3ab736a59b11
$S_\text{Uni-2}$,node-left,$\mu_3$: AvgNodePropCount,1.2,2026-04-28 21:55:57.311441601,memgraph,node-left,False,a5ee306f-5a06-4e55-9849-3ab736a59b11
$S_\text{Uni-2}$,node-left,$\mu_4$: AvgEdgePropCount,0.75,2026-04-28 21:55:57.311441601,memgraph,node-left,False,a5ee306f-5a06-4e55-9849-3ab736a59b11
$S_\text{Uni-2}$,denormalized,$\mu_1$: NodeCount,4.0,2026-04-28 21:55:57.938742803,memgraph,edge-left,False,a5ee306f-5a06-4e55-9849-3ab736a59b11
$S_\text{Uni-2}$,denormalized,$\mu_2$: EdgeCount,3.0,2026-04-28 21:55:57.938742803,memgraph,edge-left,False,a5ee306f-5a06-4e55-9849-3ab736a59b11
$S_\text{Uni-2}$,denormalized,$\mu_3$: AvgNodePropCount,1.25,2026-04-28 21:55:57.938742803,memgraph,edge-left,False,a5ee306f-5a06-4e55-9849-3ab736a59b11
$S_\text{Uni-2}$,denormalized,$\mu_4$: AvgEdgePropCount,2.0,2026-04-28 21:55:57.938742803,memgraph,edge-left,False,a5ee306f-5a06-4e55-9849-3ab736a59b11
$S_\text{Uni-2}$,edge-left,$\mu_1$: NodeCount,4.0,2026-04-28 21:55:57.940431403,memgraph,edge-left,False,a5ee306f-5a06-4e55-9849-3ab736a59b11
$S_\text{Uni-2}$,edge-left,$\mu_2$: EdgeCount,3.0,2026-04-28 21:55:57.940431403,memgraph,edge-left,False,a5ee306f-5a06-4e55-9849-3ab736a59b11
$S_\text{Uni-2}$,edge-left,$\mu_3$: AvgNodePropCount,1.25,2026-04-28 21:55:57.940431403,memgraph,edge-left,False,a5ee306f-5a06-4e55-9849-3ab736a59b11
$S_\text{Uni-2}$,edge-left,$\mu_4$: AvgEdgePropCount,2.0,2026-04-28 21:55:57.940431403,memgraph,edge-left,False,a5ee306f-5a06-4e55-9849-3ab736a59b11
$S_\text{No-1}$,denormalized,$\mu_1$: NodeCount,3.0,2026-05-01 15:32:30.313195117,memgraph,all,False,c5f8e841-4048-4f60-b88e-e987c1ba4cb4
$S_\text{No-1}$,denormalized,$\mu_2$: EdgeCount,2.0,2026-05-01 15:32:30.313195117,memgraph,all,False,c5f8e841-4048-4f60-b88e-e987c1ba4cb4
$S_\text{No-1}$,denormalized,$\mu_3$: AvgNodePropCount,3.3333333333333335,2026-05-01 15:32:30.313195117,memgraph,all,False,c5f8e841-4048-4f60-b88e-e987c1ba4cb4
$S_\text{No-1}$,denormalized,$\mu_4$: AvgEdgePropCount,0.0,2026-05-01 15:32:30.313195117,memgraph,all,False,c5f8e841-4048-4f60-b88e-e987c1ba4cb4
$S_\text{No-1}$,all,$\mu_1$: NodeCount,6.0,2026-05-01 15:32:30.336491883,memgraph,all,False,c5f8e841-4048-4f60-b88e-e987c1ba4cb4
$S_\text{No-1}$,all,$\mu_2$: EdgeCount,6.0,2026-05-01 15:32:30.336491883,memgraph,all,False,c5f8e841-4048-4f60-b88e-e987c1ba4cb4
$S_\text{No-1}$,all,$\mu_3$: AvgNodePropCount,1.6666666666666667,2026-05-01 15:32:30.336491883,memgraph,all,False,c5f8e841-4048-4f60-b88e-e987c1ba4cb4
$S_\text{No-1}$,all,$\mu_4$: AvgEdgePropCount,0.0,2026-05-01 15:32:30.336491883,memgraph,all,False,c5f8e841-4048-4f60-b88e-e987c1ba4cb4
$S_\text{No-1}$,denormalized,$\mu_1$: NodeCount,3.0,2026-05-01 15:32:30.976264119,memgraph,node-left,False,c5f8e841-4048-4f60-b88e-e987c1ba4cb4
$S_\text{No-1}$,denormalized,$\mu_2$: EdgeCount,2.0,2026-05-01 15:32:30.976264119,memgraph,node-left,False,c5f8e841-4048-4f60-b88e-e987c1ba4cb4
$S_\text{No-1}$,denormalized,$\mu_3$: AvgNodePropCount,3.3333333333333335,2026-05-01 15:32:30.976264119,memgraph,node-left,False,c5f8e841-4048-4f60-b88e-e987c1ba4cb4
$S_\text{No-1}$,denormalized,$\mu_4$: AvgEdgePropCount,0.0,2026-05-01 15:32:30.976264119,memgraph,node-left,False,c5f8e841-4048-4f60-b88e-e987c1ba4cb4
$S_\text{No-1}$,node-left,$\mu_1$: NodeCount,6.0,2026-05-01 15:32:31.001378167,memgraph,node-left,False,c5f8e841-4048-4f60-b88e-e987c1ba4cb4
$S_\text{No-1}$,node-left,$\mu_2$: EdgeCount,6.0,2026-05-01 15:32:31.001378167,memgraph,node-left,False,c5f8e841-4048-4f60-b88e-e987c1ba4cb4
$S_\text{No-1}$,node-left,$\mu_3$: AvgNodePropCount,1.6666666666666667,2026-05-01 15:32:31.001378167,memgraph,node-left,False,c5f8e841-4048-4f60-b88e-e987c1ba4cb4
$S_\text{No-1}$,node-left,$\mu_4$: AvgEdgePropCount,0.0,2026-05-01 15:32:31.001378167,memgraph,node-left,False,c5f8e841-4048-4f60-b88e-e987c1ba4cb4
$S_\text{No-1}$,denormalized,$\mu_1$: NodeCount,3.0,2026-05-01 15:32:31.633279944,memgraph,edge-left,False,c5f8e841-4048-4f60-b88e-e987c1ba4cb4
$S_\text{No-1}$,denormalized,$\mu_2$: EdgeCount,2.0,2026-05-01 15:32:31.633279944,memgraph,edge-left,False,c5f8e841-4048-4f60-b88e-e987c1ba4cb4
$S_\text{No-1}$,denormalized,$\mu_3$: AvgNodePropCount,3.3333333333333335,2026-05-01 15:32:31.633279944,memgraph,edge-left,False,c5f8e841-4048-4f60-b88e-e987c1ba4cb4
$S_\text{No-1}$,denormalized,$\mu_4$: AvgEdgePropCount,0.0,2026-05-01 15:32:31.633279944,memgraph,edge-left,False,c5f8e841-4048-4f60-b88e-e987c1ba4cb4
$S_\text{No-1}$,edge-left,$\mu_1$: NodeCount,3.0,2026-05-01 15:32:31.634717297,memgraph,edge-left,False,c5f8e841-4048-4f60-b88e-e987c1ba4cb4
$S_\text{No-1}$,edge-left,$\mu_2$: EdgeCount,2.0,2026-05-01 15:32:31.634717297,memgraph,edge-left,False,c5f8e841-4048-4f60-b88e-e987c1ba4cb4
$S_\text{No-1}$,edge-left,$\mu_3$: AvgNodePropCount,3.3333333333333335,2026-05-01 15:32:31.634717297,memgraph,edge-left,False,c5f8e841-4048-4f60-b88e-e987c1ba4cb4
$S_\text{No-1}$,edge-left,$\mu_4$: AvgEdgePropCount,0.0,2026-05-01 15:32:31.634717297,memgraph,edge-left,False,c5f8e841-4048-4f60-b88e-e987c1ba4cb4
$S_\text{No-2}$,denormalized,$\mu_1$: NodeCount,3.0,2026-05-01 15:32:32.282676536,memgraph,all,False,c5f8e841-4048-4f60-b88e-e987c1ba4cb4
$S_\text{No-2}$,denormalized,$\mu_2$: EdgeCount,2.0,2026-05-01 15:32:32.282676536,memgraph,all,False,c5f8e841-4048-4f60-b88e-e987c1ba4cb4
$S_\text{No-2}$,denormalized,$\mu_3$: AvgNodePropCount,3.3333333333333335,2026-05-01 15:32:32.282676536,memgraph,all,False,c5f8e841-4048-4f60-b88e-e987c1ba4cb4
$S_\text{No-2}$,denormalized,$\mu_4$: AvgEdgePropCount,0.0,2026-05-01 15:32:32.282676536,memgraph,all,False,c5f8e841-4048-4f60-b88e-e987c1ba4cb4
$S_\text{No-2}$,all,$\mu_1$: NodeCount,8.0,2026-05-01 15:32:32.322862591,memgraph,all,False,c5f8e841-4048-4f60-b88e-e987c1ba4cb4
$S_\text{No-2}$,all,$\mu_2$: EdgeCount,8.0,2026-05-01 15:32:32.322862591,memgraph,all,False,c5f8e841-4048-4f60-b88e-e987c1ba4cb4
$S_\text{No-2}$,all,$\mu_3$: AvgNodePropCount,2.0,2026-05-01 15:32:32.322862591,memgraph,all,False,c5f8e841-4048-4f60-b88e-e987c1ba4cb4
$S_\text{No-2}$,all,$\mu_4$: AvgEdgePropCount,0.0,2026-05-01 15:32:32.322862591,memgraph,all,False,c5f8e841-4048-4f60-b88e-e987c1ba4cb4
$S_\text{No-2}$,denormalized,$\mu_1$: NodeCount,3.0,2026-05-01 15:32:32.939139924,memgraph,node-left,False,c5f8e841-4048-4f60-b88e-e987c1ba4cb4
$S_\text{No-2}$,denormalized,$\mu_2$: EdgeCount,2.0,2026-05-01 15:32:32.939139924,memgraph,node-left,False,c5f8e841-4048-4f60-b88e-e987c1ba4cb4
$S_\text{No-2}$,denormalized,$\mu_3$: AvgNodePropCount,3.3333333333333335,2026-05-01 15:32:32.939139924,memgraph,node-left,False,c5f8e841-4048-4f60-b88e-e987c1ba4cb4
$S_\text{No-2}$,denormalized,$\mu_4$: AvgEdgePropCount,0.0,2026-05-01 15:32:32.939139924,memgraph,node-left,False,c5f8e841-4048-4f60-b88e-e987c1ba4cb4
$S_\text{No-2}$,node-left,$\mu_1$: NodeCount,8.0,2026-05-01 15:32:32.970925545,memgraph,node-left,False,c5f8e841-4048-4f60-b88e-e987c1ba4cb4
$S_\text{No-2}$,node-left,$\mu_2$: EdgeCount,8.0,2026-05-01 15:32:32.970925545,memgraph,node-left,False,c5f8e841-4048-4f60-b88e-e987c1ba4cb4
$S_\text{No-2}$,node-left,$\mu_3$: AvgNodePropCount,2.0,2026-05-01 15:32:32.970925545,memgraph,node-left,False,c5f8e841-4048-4f60-b88e-e987c1ba4cb4
$S_\text{No-2}$,node-left,$\mu_4$: AvgEdgePropCount,0.0,2026-05-01 15:32:32.970925545,memgraph,node-left,False,c5f8e841-4048-4f60-b88e-e987c1ba4cb4
$S_\text{No-2}$,denormalized,$\mu_1$: NodeCount,3.0,2026-05-01 15:32:37.194076550,memgraph,edge-left,False,c5f8e841-4048-4f60-b88e-e987c1ba4cb4
$S_\text{No-2}$,denormalized,$\mu_2$: EdgeCount,2.0,2026-05-01 15:32:37.194076550,memgraph,edge-left,False,c5f8e841-4048-4f60-b88e-e987c1ba4cb4
$S_\text{No-2}$,denormalized,$\mu_3$: AvgNodePropCount,3.3333333333333335,2026-05-01 15:32:37.194076550,memgraph,edge-left,False,c5f8e841-4048-4f60-b88e-e987c1ba4cb4
$S_\text{No-2}$,denormalized,$\mu_4$: AvgEdgePropCount,0.0,2026-05-01 15:32:37.194076550,memgraph,edge-left,False,c5f8e841-4048-4f60-b88e-e987c1ba4cb4
$S_\text{No-2}$,edge-left,$\mu_1$: NodeCount,3.0,2026-05-01 15:32:37.195102166,memgraph,edge-left,False,c5f8e841-4048-4f60-b88e-e987c1ba4cb4
$S_\text{No-2}$,edge-left,$\mu_2$: EdgeCount,2.0,2026-05-01 15:32:37.195102166,memgraph,edge-left,False,c5f8e841-4048-4f60-b88e-e987c1ba4cb4
$S_\text{No-2}$,edge-left,$\mu_3$: AvgNodePropCount,3.3333333333333335,2026-05-01 15:32:37.195102166,memgraph,edge-left,False,c5f8e841-4048-4f60-b88e-e987c1ba4cb4
$S_\text{No-2}$,edge-left,$\mu_4$: AvgEdgePropCount,0.0,2026-05-01 15:32:37.195102166,memgraph,edge-left,False,c5f8e841-4048-4f60-b88e-e987c1ba4cb4
$S_\text{No-3}$,denormalized,$\mu_1$: NodeCount,3.0,2026-05-01 15:32:37.848569685,memgraph,all,False,c5f8e841-4048-4f60-b88e-e987c1ba4cb4
$S_\text{No-3}$,denormalized,$\mu_2$: EdgeCount,2.0,2026-05-01 15:32:37.848569685,memgraph,all,False,c5f8e841-4048-4f60-b88e-e987c1ba4cb4
$S_\text{No-3}$,denormalized,$\mu_3$: AvgNodePropCount,3.3333333333333335,2026-05-01 15:32:37.848569685,memgraph,all,False,c5f8e841-4048-4f60-b88e-e987c1ba4cb4
$S_\text{No-3}$,denormalized,$\mu_4$: AvgEdgePropCount,0.0,2026-05-01 15:32:37.848569685,memgraph,all,False,c5f8e841-4048-4f60-b88e-e987c1ba4cb4
$S_\text{No-3}$,all,$\mu_1$: NodeCount,6.0,2026-05-01 15:32:37.866285341,memgraph,all,False,c5f8e841-4048-4f60-b88e-e987c1ba4cb4
$S_\text{No-3}$,all,$\mu_2$: EdgeCount,5.0,2026-05-01 15:32:37.866285341,memgraph,all,False,c5f8e841-4048-4f60-b88e-e987c1ba4cb4
$S_\text{No-3}$,all,$\mu_3$: AvgNodePropCount,2.3333333333333335,2026-05-01 15:32:37.866285341,memgraph,all,False,c5f8e841-4048-4f60-b88e-e987c1ba4cb4
$S_\text{No-3}$,all,$\mu_4$: AvgEdgePropCount,0.0,2026-05-01 15:32:37.866285341,memgraph,all,False,c5f8e841-4048-4f60-b88e-e987c1ba4cb4
$S_\text{No-3}$,denormalized,$\mu_1$: NodeCount,3.0,2026-05-01 15:32:38.540270092,memgraph,node-left,False,c5f8e841-4048-4f60-b88e-e987c1ba4cb4
$S_\text{No-3}$,denormalized,$\mu_2$: EdgeCount,2.0,2026-05-01 15:32:38.540270092,memgraph,node-left,False,c5f8e841-4048-4f60-b88e-e987c1ba4cb4
$S_\text{No-3}$,denormalized,$\mu_3$: AvgNodePropCount,3.3333333333333335,2026-05-01 15:32:38.540270092,memgraph,node-left,False,c5f8e841-4048-4f60-b88e-e987c1ba4cb4
$S_\text{No-3}$,denormalized,$\mu_4$: AvgEdgePropCount,0.0,2026-05-01 15:32:38.540270092,memgraph,node-left,False,c5f8e841-4048-4f60-b88e-e987c1ba4cb4
$S_\text{No-3}$,node-left,$\mu_1$: NodeCount,6.0,2026-05-01 15:32:38.573942770,memgraph,node-left,False,c5f8e841-4048-4f60-b88e-e987c1ba4cb4
$S_\text{No-3}$,node-left,$\mu_2$: EdgeCount,5.0,2026-05-01 15:32:38.573942770,memgraph,node-left,False,c5f8e841-4048-4f60-b88e-e987c1ba4cb4
$S_\text{No-3}$,node-left,$\mu_3$: AvgNodePropCount,2.3333333333333335,2026-05-01 15:32:38.573942770,memgraph,node-left,False,c5f8e841-4048-4f60-b88e-e987c1ba4cb4
$S_\text{No-3}$,node-left,$\mu_4$: AvgEdgePropCount,0.0,2026-05-01 15:32:38.573942770,memgraph,node-left,False,c5f8e841-4048-4f60-b88e-e987c1ba4cb4
$S_\text{No-3}$,denormalized,$\mu_1$: NodeCount,3.0,2026-05-01 15:32:39.234775110,memgraph,edge-left,False,c5f8e841-4048-4f60-b88e-e987c1ba4cb4
$S_\text{No-3}$,denormalized,$\mu_2$: EdgeCount,2.0,2026-05-01 15:32:39.234775110,memgraph,edge-left,False,c5f8e841-4048-4f60-b88e-e987c1ba4cb4
$S_\text{No-3}$,denormalized,$\mu_3$: AvgNodePropCount,3.3333333333333335,2026-05-01 15:32:39.234775110,memgraph,edge-left,False,c5f8e841-4048-4f60-b88e-e987c1ba4cb4
$S_\text{No-3}$,denormalized,$\mu_4$: AvgEdgePropCount,0.0,2026-05-01 15:32:39.234775110,memgraph,edge-left,False,c5f8e841-4048-4f60-b88e-e987c1ba4cb4
$S_\text{No-3}$,edge-left,$\mu_1$: NodeCount,3.0,2026-05-01 15:32:39.236440755,memgraph,edge-left,False,c5f8e841-4048-4f60-b88e-e987c1ba4cb4
$S_\text{No-3}$,edge-left,$\mu_2$: EdgeCount,2.0,2026-05-01 15:32:39.236440755,memgraph,edge-left,False,c5f8e841-4048-4f60-b88e-e987c1ba4cb4
$S_\text{No-3}$,edge-left,$\mu_3$: AvgNodePropCount,3.3333333333333335,2026-05-01 15:32:39.236440755,memgraph,edge-left,False,c5f8e841-4048-4f60-b88e-e987c1ba4cb4
$S_\text{No-3}$,edge-left,$\mu_4$: AvgEdgePropCount,0.0,2026-05-01 15:32:39.236440755,memgraph,edge-left,False,c5f8e841-4048-4f60-b88e-e987c1ba4cb4
$S_\text{Nw}$,denormalized,$\mu_1$: NodeCount,1035.0,2026-04-28 21:56:37.278623663,memgraph,all,False,a5ee306f-5a06-4e55-9849-3ab736a59b11
$S_\text{Nw}$,denormalized,$\mu_2$: EdgeCount,3139.0,2026-04-28 21:56:37.278623663,memgraph,all,False,a5ee306f-5a06-4e55-9849-3ab736a59b11
$S_\text{Nw}$,denormalized,$\mu_3$: AvgNodePropCount,13.305314009661835,2026-04-28 21:56:37.278623663,memgraph,all,False,a5ee306f-5a06-4e55-9849-3ab736a59b11
$S_\text{Nw}$,denormalized,$\mu_4$: AvgEdgePropCount,3.4326218540936604,2026-04-28 21:56:37.278623663,memgraph,all,False,a5ee306f-5a06-4e55-9849-3ab736a59b11
$S_\text{Nw}$,all,$\mu_1$: NodeCount,1124.0,2026-04-28 21:56:37.325711475,memgraph,all,False,a5ee306f-5a06-4e55-9849-3ab736a59b11
$S_\text{Nw}$,all,$\mu_2$: EdgeCount,3969.0,2026-04-28 21:56:37.325711475,memgraph,all,False,a5ee306f-5a06-4e55-9849-3ab736a59b11
$S_\text{Nw}$,all,$\mu_3$: AvgNodePropCount,8.29626334519573,2026-04-28 21:56:37.325711475,memgraph,all,False,a5ee306f-5a06-4e55-9849-3ab736a59b11
$S_\text{Nw}$,all,$\mu_4$: AvgEdgePropCount,2.7147896195515244,2026-04-28 21:56:37.325711475,memgraph,all,False,a5ee306f-5a06-4e55-9849-3ab736a59b11
$S_\text{Nw}$,denormalized,$\mu_1$: NodeCount,1035.0,2026-04-28 21:57:35.555628991,memgraph,node-left,False,a5ee306f-5a06-4e55-9849-3ab736a59b11
$S_\text{Nw}$,denormalized,$\mu_2$: EdgeCount,3139.0,2026-04-28 21:57:35.555628991,memgraph,node-left,False,a5ee306f-5a06-4e55-9849-3ab736a59b11
$S_\text{Nw}$,denormalized,$\mu_3$: AvgNodePropCount,13.305314009661835,2026-04-28 21:57:35.555628991,memgraph,node-left,False,a5ee306f-5a06-4e55-9849-3ab736a59b11
$S_\text{Nw}$,denormalized,$\mu_4$: AvgEdgePropCount,3.4326218540936604,2026-04-28 21:57:35.555628991,memgraph,node-left,False,a5ee306f-5a06-4e55-9849-3ab736a59b11
$S_\text{Nw}$,node-left,$\mu_1$: NodeCount,1124.0,2026-04-28 21:57:35.595547473,memgraph,node-left,False,a5ee306f-5a06-4e55-9849-3ab736a59b11
$S_\text{Nw}$,node-left,$\mu_2$: EdgeCount,3969.0,2026-04-28 21:57:35.595547473,memgraph,node-left,False,a5ee306f-5a06-4e55-9849-3ab736a59b11
$S_\text{Nw}$,node-left,$\mu_3$: AvgNodePropCount,8.29626334519573,2026-04-28 21:57:35.595547473,memgraph,node-left,False,a5ee306f-5a06-4e55-9849-3ab736a59b11
$S_\text{Nw}$,node-left,$\mu_4$: AvgEdgePropCount,2.7147896195515244,2026-04-28 21:57:35.595547473,memgraph,node-left,False,a5ee306f-5a06-4e55-9849-3ab736a59b11
$S_\text{Nw}$,denormalized,$\mu_1$: NodeCount,1035.0,2026-04-28 21:58:32.793424265,memgraph,edge-left,False,a5ee306f-5a06-4e55-9849-3ab736a59b11
$S_\text{Nw}$,denormalized,$\mu_2$: EdgeCount,3139.0,2026-04-28 21:58:32.793424265,memgraph,edge-left,False,a5ee306f-5a06-4e55-9849-3ab736a59b11
$S_\text{Nw}$,denormalized,$\mu_3$: AvgNodePropCount,13.305314009661835,2026-04-28 21:58:32.793424265,memgraph,edge-left,False,a5ee306f-5a06-4e55-9849-3ab736a59b11
$S_\text{Nw}$,denormalized,$\mu_4$: AvgEdgePropCount,3.4326218540936604,2026-04-28 21:58:32.793424265,memgraph,edge-left,False,a5ee306f-5a06-4e55-9849-3ab736a59b11
$S_\text{Nw}$,edge-left,$\mu_1$: NodeCount,1035.0,2026-04-28 21:58:32.795099524,memgraph,edge-left,False,a5ee306f-5a06-4e55-9849-3ab736a59b11
$S_\text{Nw}$,edge-left,$\mu_2$: EdgeCount,3139.0,2026-04-28 21:58:32.795099524,memgraph,edge-left,False,a5ee306f-5a06-4e55-9849-3ab736a59b11
$S_\text{Nw}$,edge-left,$\mu_3$: AvgNodePropCount,13.305314009661835,2026-04-28 21:58:32.795099524,memgraph,edge-left,False,a5ee306f-5a06-4e55-9849-3ab736a59b11
$S_\text{Nw}$,edge-left,$\mu_4$: AvgEdgePropCount,3.4326218540936604,2026-04-28 21:58:32.795099524,memgraph,edge-left,False,a5ee306f-5a06-4e55-9849-3ab736a59b11
$S_\text{Lon}$,denormalized,$\mu_1$: NodeCount,651.0,2026-04-28 21:59:32.391443364,memgraph,all,False,a5ee306f-5a06-4e55-9849-3ab736a59b11
$S_\text{Lon}$,denormalized,$\mu_2$: EdgeCount,1952.0,2026-04-28 21:59:32.391443364,memgraph,all,False,a5ee306f-5a06-4e55-9849-3ab736a59b11
$S_\text{Lon}$,denormalized,$\mu_3$: AvgNodePropCount,4.99231950844854,2026-04-28 21:59:32.391443364,memgraph,all,False,a5ee306f-5a06-4e55-9849-3ab736a59b11
$S_\text{Lon}$,denormalized,$\mu_4$: AvgEdgePropCount,3.0,2026-04-28 21:59:32.391443364,memgraph,all,False,a5ee306f-5a06-4e55-9849-3ab736a59b11
$S_\text{Lon}$,all,$\mu_1$: NodeCount,2646.0,2026-04-28 21:59:32.514671399,memgraph,all,False,a5ee306f-5a06-4e55-9849-3ab736a59b11
$S_\text{Lon}$,all,$\mu_2$: EdgeCount,6502.0,2026-04-28 21:59:32.514671399,memgraph,all,False,a5ee306f-5a06-4e55-9849-3ab736a59b11
$S_\text{Lon}$,all,$\mu_3$: AvgNodePropCount,0.783068783068783,2026-04-28 21:59:32.514671399,memgraph,all,False,a5ee306f-5a06-4e55-9849-3ab736a59b11
$S_\text{Lon}$,all,$\mu_4$: AvgEdgePropCount,0.0,2026-04-28 21:59:32.514671399,memgraph,all,False,a5ee306f-5a06-4e55-9849-3ab736a59b11
$S_\text{Lon}$,denormalized,$\mu_1$: NodeCount,651.0,2026-04-28 22:00:25.327156065,memgraph,node-left,False,a5ee306f-5a06-4e55-9849-3ab736a59b11
$S_\text{Lon}$,denormalized,$\mu_2$: EdgeCount,1952.0,2026-04-28 22:00:25.327156065,memgraph,node-left,False,a5ee306f-5a06-4e55-9849-3ab736a59b11
$S_\text{Lon}$,denormalized,$\mu_3$: AvgNodePropCount,4.99231950844854,2026-04-28 22:00:25.327156065,memgraph,node-left,False,a5ee306f-5a06-4e55-9849-3ab736a59b11
$S_\text{Lon}$,denormalized,$\mu_4$: AvgEdgePropCount,3.0,2026-04-28 22:00:25.327156065,memgraph,node-left,False,a5ee306f-5a06-4e55-9849-3ab736a59b11
$S_\text{Lon}$,node-left,$\mu_1$: NodeCount,666.0,2026-04-28 22:00:25.358907151,memgraph,node-left,False,a5ee306f-5a06-4e55-9849-3ab736a59b11
$S_\text{Lon}$,node-left,$\mu_2$: EdgeCount,2598.0,2026-04-28 22:00:25.358907151,memgraph,node-left,False,a5ee306f-5a06-4e55-9849-3ab736a59b11
$S_\text{Lon}$,node-left,$\mu_3$: AvgNodePropCount,2.984984984984985,2026-04-28 22:00:25.358907151,memgraph,node-left,False,a5ee306f-5a06-4e55-9849-3ab736a59b11
$S_\text{Lon}$,node-left,$\mu_4$: AvgEdgePropCount,2.2540415704387993,2026-04-28 22:00:25.358907151,memgraph,node-left,False,a5ee306f-5a06-4e55-9849-3ab736a59b11
$S_\text{Lon}$,denormalized,$\mu_1$: NodeCount,651.0,2026-04-28 22:01:17.686896660,memgraph,edge-left,False,a5ee306f-5a06-4e55-9849-3ab736a59b11
$S_\text{Lon}$,denormalized,$\mu_2$: EdgeCount,1952.0,2026-04-28 22:01:17.686896660,memgraph,edge-left,False,a5ee306f-5a06-4e55-9849-3ab736a59b11
$S_\text{Lon}$,denormalized,$\mu_3$: AvgNodePropCount,4.99231950844854,2026-04-28 22:01:17.686896660,memgraph,edge-left,False,a5ee306f-5a06-4e55-9849-3ab736a59b11
$S_\text{Lon}$,denormalized,$\mu_4$: AvgEdgePropCount,3.0,2026-04-28 22:01:17.686896660,memgraph,edge-left,False,a5ee306f-5a06-4e55-9849-3ab736a59b11
$S_\text{Lon}$,edge-left,$\mu_1$: NodeCount,2631.0,2026-04-28 22:01:17.796759493,memgraph,edge-left,False,a5ee306f-5a06-4e55-9849-3ab736a59b11
$S_\text{Lon}$,edge-left,$\mu_2$: EdgeCount,5856.0,2026-04-28 22:01:17.796759493,memgraph,edge-left,False,a5ee306f-5a06-4e55-9849-3ab736a59b11
$S_\text{Lon}$,edge-left,$\mu_3$: AvgNodePropCount,1.2671987837324212,2026-04-28 22:01:17.796759493,memgraph,edge-left,False,a5ee306f-5a06-4e55-9849-3ab736a59b11
$S_\text{Lon}$,edge-left,$\mu_4$: AvgEdgePropCount,0.0,2026-04-28 22:01:17.796759493,memgraph,edge-left,False,a5ee306f-5a06-4e55-9849-3ab736a59b11
$S_\text{Ts-1}$,denormalized,$\mu_1$: NodeCount,194179.0,2026-04-28 22:02:26.938332317,neo4j,all,False,cd3ccf68-bc44-465a-858c-8bfcd230590c
$S_\text{Ts-1}$,denormalized,$\mu_2$: EdgeCount,1826601.0,2026-04-28 22:02:26.938332317,neo4j,all,False,cd3ccf68-bc44-465a-858c-8bfcd230590c
$S_\text{Ts-1}$,denormalized,$\mu_3$: AvgNodePropCount,6.983252565931562,2026-04-28 22:02:26.938332317,neo4j,all,False,cd3ccf68-bc44-465a-858c-8bfcd230590c
$S_\text{Ts-1}$,denormalized,$\mu_4$: AvgEdgePropCount,3.7878387233993314,2026-04-28 22:02:26.938332317,neo4j,all,False,cd3ccf68-bc44-465a-858c-8bfcd230590c
$S_\text{Ts-1}$,all,$\mu_1$: NodeCount,3845579.0,2026-04-28 22:04:35.104134658,neo4j,all,False,cd3ccf68-bc44-465a-858c-8bfcd230590c
$S_\text{Ts-1}$,all,$\mu_2$: EdgeCount,5286216.0,2026-04-28 22:04:35.104134658,neo4j,all,False,cd3ccf68-bc44-465a-858c-8bfcd230590c
$S_\text{Ts-1}$,all,$\mu_3$: AvgNodePropCount,2.099875207348645,2026-04-28 22:04:35.104134658,neo4j,all,False,cd3ccf68-bc44-465a-858c-8bfcd230590c
$S_\text{Ts-1}$,all,$\mu_4$: AvgEdgePropCount,0.0,2026-04-28 22:04:35.104134658,neo4j,all,False,cd3ccf68-bc44-465a-858c-8bfcd230590c
$S_\text{Ts-1}$,denormalized,$\mu_1$: NodeCount,194179.0,2026-04-28 22:05:31.186009267,neo4j,node-left,False,cd3ccf68-bc44-465a-858c-8bfcd230590c
$S_\text{Ts-1}$,denormalized,$\mu_2$: EdgeCount,1826601.0,2026-04-28 22:05:31.186009267,neo4j,node-left,False,cd3ccf68-bc44-465a-858c-8bfcd230590c
$S_\text{Ts-1}$,denormalized,$\mu_3$: AvgNodePropCount,6.983252565931562,2026-04-28 22:05:31.186009267,neo4j,node-left,False,cd3ccf68-bc44-465a-858c-8bfcd230590c
$S_\text{Ts-1}$,denormalized,$\mu_4$: AvgEdgePropCount,3.7878387233993314,2026-04-28 22:05:31.186009267,neo4j,node-left,False,cd3ccf68-bc44-465a-858c-8bfcd230590c
$S_\text{Ts-1}$,node-left,$\mu_1$: NodeCount,579979.0,2026-04-28 22:06:15.499771382,neo4j,node-left,False,cd3ccf68-bc44-465a-858c-8bfcd230590c
$S_\text{Ts-1}$,node-left,$\mu_2$: EdgeCount,2214417.0,2026-04-28 22:06:15.499771382,neo4j,node-left,False,cd3ccf68-bc44-465a-858c-8bfcd230590c
$S_\text{Ts-1}$,node-left,$\mu_3$: AvgNodePropCount,2.9962619336217435,2026-04-28 22:06:15.499771382,neo4j,node-left,False,cd3ccf68-bc44-465a-858c-8bfcd230590c
$S_\text{Ts-1}$,node-left,$\mu_4$: AvgEdgePropCount,2.299598043186951,2026-04-28 22:06:15.499771382,neo4j,node-left,False,cd3ccf68-bc44-465a-858c-8bfcd230590c
$S_\text{Ts-1}$,denormalized,$\mu_1$: NodeCount,194179.0,2026-04-28 22:07:04.874484430,neo4j,edge-left,False,cd3ccf68-bc44-465a-858c-8bfcd230590c
$S_\text{Ts-1}$,denormalized,$\mu_2$: EdgeCount,1826601.0,2026-04-28 22:07:04.874484430,neo4j,edge-left,False,cd3ccf68-bc44-465a-858c-8bfcd230590c
$S_\text{Ts-1}$,denormalized,$\mu_3$: AvgNodePropCount,6.983252565931562,2026-04-28 22:07:04.874484430,neo4j,edge-left,False,cd3ccf68-bc44-465a-858c-8bfcd230590c
$S_\text{Ts-1}$,denormalized,$\mu_4$: AvgEdgePropCount,3.7878387233993314,2026-04-28 22:07:04.874484430,neo4j,edge-left,False,cd3ccf68-bc44-465a-858c-8bfcd230590c
$S_\text{Ts-1}$,edge-left,$\mu_1$: NodeCount,3459779.0,2026-04-28 22:08:39.230873608,neo4j,edge-left,False,cd3ccf68-bc44-465a-858c-8bfcd230590c
$S_\text{Ts-1}$,edge-left,$\mu_2$: EdgeCount,4898400.0,2026-04-28 22:08:39.230873608,neo4j,edge-left,False,cd3ccf68-bc44-465a-858c-8bfcd230590c
$S_\text{Ts-1}$,edge-left,$\mu_3$: AvgNodePropCount,2.2236876979712843,2026-04-28 22:08:39.230873608,neo4j,edge-left,False,cd3ccf68-bc44-465a-858c-8bfcd230590c
$S_\text{Ts-1}$,edge-left,$\mu_4$: AvgEdgePropCount,0.0,2026-04-28 22:08:39.230873608,neo4j,edge-left,False,cd3ccf68-bc44-465a-858c-8bfcd230590c
$S_\text{Ts-2}$,denormalized,$\mu_1$: NodeCount,194179.0,2026-04-28 22:09:31.982537847,neo4j,all,False,cd3ccf68-bc44-465a-858c-8bfcd230590c
$S_\text{Ts-2}$,denormalized,$\mu_2$: EdgeCount,1826601.0,2026-04-28 22:09:31.982537847,neo4j,all,False,cd3ccf68-bc44-465a-858c-8bfcd230590c
$S_\text{Ts-2}$,denormalized,$\mu_3$: AvgNodePropCount,6.983252565931562,2026-04-28 22:09:31.982537847,neo4j,all,False,cd3ccf68-bc44-465a-858c-8bfcd230590c
$S_\text{Ts-2}$,denormalized,$\mu_4$: AvgEdgePropCount,3.7878387233993314,2026-04-28 22:09:31.982537847,neo4j,all,False,cd3ccf68-bc44-465a-858c-8bfcd230590c
$S_\text{Ts-2}$,all,$\mu_1$: NodeCount,5672180.0,2026-04-28 22:13:07.742143229,neo4j,all,False,cd3ccf68-bc44-465a-858c-8bfcd230590c
$S_\text{Ts-2}$,all,$\mu_2$: EdgeCount,10766019.0,2026-04-28 22:13:07.742143229,neo4j,all,False,cd3ccf68-bc44-465a-858c-8bfcd230590c
$S_\text{Ts-2}$,all,$\mu_3$: AvgNodePropCount,2.321418749052496,2026-04-28 22:13:07.742143229,neo4j,all,False,cd3ccf68-bc44-465a-858c-8bfcd230590c
$S_\text{Ts-2}$,all,$\mu_4$: AvgEdgePropCount,0.0,2026-04-28 22:13:07.742143229,neo4j,all,False,cd3ccf68-bc44-465a-858c-8bfcd230590c
$S_\text{Ts-2}$,denormalized,$\mu_1$: NodeCount,194179.0,2026-04-28 22:14:09.264621784,neo4j,node-left,False,cd3ccf68-bc44-465a-858c-8bfcd230590c
$S_\text{Ts-2}$,denormalized,$\mu_2$: EdgeCount,1826601.0,2026-04-28 22:14:09.264621784,neo4j,node-left,False,cd3ccf68-bc44-465a-858c-8bfcd230590c
$S_\text{Ts-2}$,denormalized,$\mu_3$: AvgNodePropCount,6.983252565931562,2026-04-28 22:14:09.264621784,neo4j,node-left,False,cd3ccf68-bc44-465a-858c-8bfcd230590c
$S_\text{Ts-2}$,denormalized,$\mu_4$: AvgEdgePropCount,3.7878387233993314,2026-04-28 22:14:09.264621784,neo4j,node-left,False,cd3ccf68-bc44-465a-858c-8bfcd230590c
$S_\text{Ts-2}$,node-left,$\mu_1$: NodeCount,579979.0,2026-04-28 22:14:52.494196533,neo4j,node-left,False,cd3ccf68-bc44-465a-858c-8bfcd230590c
$S_\text{Ts-2}$,node-left,$\mu_2$: EdgeCount,2214417.0,2026-04-28 22:14:52.494196533,neo4j,node-left,False,cd3ccf68-bc44-465a-858c-8bfcd230590c
$S_\text{Ts-2}$,node-left,$\mu_3$: AvgNodePropCount,2.9962619336217435,2026-04-28 22:14:52.494196533,neo4j,node-left,False,cd3ccf68-bc44-465a-858c-8bfcd230590c
$S_\text{Ts-2}$,node-left,$\mu_4$: AvgEdgePropCount,2.299598043186951,2026-04-28 22:14:52.494196533,neo4j,node-left,False,cd3ccf68-bc44-465a-858c-8bfcd230590c
$S_\text{Ts-2}$,denormalized,$\mu_1$: NodeCount,194179.0,2026-04-28 22:15:44.586810556,neo4j,edge-left,False,cd3ccf68-bc44-465a-858c-8bfcd230590c
$S_\text{Ts-2}$,denormalized,$\mu_2$: EdgeCount,1826601.0,2026-04-28 22:15:44.586810556,neo4j,edge-left,False,cd3ccf68-bc44-465a-858c-8bfcd230590c
$S_\text{Ts-2}$,denormalized,$\mu_3$: AvgNodePropCount,6.983252565931562,2026-04-28 22:15:44.586810556,neo4j,edge-left,False,cd3ccf68-bc44-465a-858c-8bfcd230590c
$S_\text{Ts-2}$,denormalized,$\mu_4$: AvgEdgePropCount,3.7878387233993314,2026-04-28 22:15:44.586810556,neo4j,edge-left,False,cd3ccf68-bc44-465a-858c-8bfcd230590c
$S_\text{Ts-2}$,edge-left,$\mu_1$: NodeCount,5286922.0,2026-04-28 22:18:28.314764268,neo4j,edge-left,False,cd3ccf68-bc44-465a-858c-8bfcd230590c
$S_\text{Ts-2}$,edge-left,$\mu_2$: EdgeCount,10378203.0,2026-04-28 22:18:28.314764268,neo4j,edge-left,False,cd3ccf68-bc44-465a-858c-8bfcd230590c
$S_\text{Ts-2}$,edge-left,$\mu_3$: AvgNodePropCount,2.418473168319681,2026-04-28 22:18:28.314764268,neo4j,edge-left,False,cd3ccf68-bc44-465a-858c-8bfcd230590c
$S_\text{Ts-2}$,edge-left,$\mu_4$: AvgEdgePropCount,0.0,2026-04-28 22:18:28.314764268,neo4j,edge-left,False,cd3ccf68-bc44-465a-858c-8bfcd230590c
$S_\text{Off-1}$,denormalized,$\mu_1$: NodeCount,2016523.0,2026-04-28 22:20:06.663026569,neo4j,all,False,cd3ccf68-bc44-465a-858c-8bfcd230590c
$S_\text{Off-1}$,denormalized,$\mu_2$: EdgeCount,3339267.0,2026-04-28 22:20:06.663026569,neo4j,all,False,cd3ccf68-bc44-465a-858c-8bfcd230590c
$S_\text{Off-1}$,denormalized,$\mu_3$: AvgNodePropCount,9.861892971218284,2026-04-28 22:20:06.663026569,neo4j,all,False,cd3ccf68-bc44-465a-858c-8bfcd230590c
$S_\text{Off-1}$,denormalized,$\mu_4$: AvgEdgePropCount,3.2509934066367396,2026-04-28 22:20:06.663026569,neo4j,all,False,cd3ccf68-bc44-465a-858c-8bfcd230590c
$S_\text{Off-1}$,all,$\mu_1$: NodeCount,2017381.0,2026-04-28 22:20:33.465996800,neo4j,all,False,cd3ccf68-bc44-465a-858c-8bfcd230590c
$S_\text{Off-1}$,all,$\mu_2$: EdgeCount,3681864.0,2026-04-28 22:20:33.465996800,neo4j,all,False,cd3ccf68-bc44-465a-858c-8bfcd230590c
$S_\text{Off-1}$,all,$\mu_3$: AvgNodePropCount,9.518903965091825,2026-04-28 22:20:33.465996800,neo4j,all,False,cd3ccf68-bc44-465a-858c-8bfcd230590c
$S_\text{Off-1}$,all,$\mu_4$: AvgEdgePropCount,2.9484888632495836,2026-04-28 22:20:33.465996800,neo4j,all,False,cd3ccf68-bc44-465a-858c-8bfcd230590c
$S_\text{Off-1}$,denormalized,$\mu_1$: NodeCount,2016523.0,2026-04-28 22:22:06.802726653,neo4j,node-left,False,cd3ccf68-bc44-465a-858c-8bfcd230590c
$S_\text{Off-1}$,denormalized,$\mu_2$: EdgeCount,3339267.0,2026-04-28 22:22:06.802726653,neo4j,node-left,False,cd3ccf68-bc44-465a-858c-8bfcd230590c
$S_\text{Off-1}$,denormalized,$\mu_3$: AvgNodePropCount,9.861892971218284,2026-04-28 22:22:06.802726653,neo4j,node-left,False,cd3ccf68-bc44-465a-858c-8bfcd230590c
$S_\text{Off-1}$,denormalized,$\mu_4$: AvgEdgePropCount,3.2509934066367396,2026-04-28 22:22:06.802726653,neo4j,node-left,False,cd3ccf68-bc44-465a-858c-8bfcd230590c
$S_\text{Off-1}$,node-left,$\mu_1$: NodeCount,2017381.0,2026-04-28 22:22:36.930161429,neo4j,node-left,False,cd3ccf68-bc44-465a-858c-8bfcd230590c
$S_\text{Off-1}$,node-left,$\mu_2$: EdgeCount,3681864.0,2026-04-28 22:22:36.930161429,neo4j,node-left,False,cd3ccf68-bc44-465a-858c-8bfcd230590c
$S_\text{Off-1}$,node-left,$\mu_3$: AvgNodePropCount,9.518903965091825,2026-04-28 22:22:36.930161429,neo4j,node-left,False,cd3ccf68-bc44-465a-858c-8bfcd230590c
$S_\text{Off-1}$,node-left,$\mu_4$: AvgEdgePropCount,2.9484888632495836,2026-04-28 22:22:36.930161429,neo4j,node-left,False,cd3ccf68-bc44-465a-858c-8bfcd230590c
$S_\text{Off-1}$,denormalized,$\mu_1$: NodeCount,2016523.0,2026-04-28 22:24:17.183144561,neo4j,edge-left,False,cd3ccf68-bc44-465a-858c-8bfcd230590c
$S_\text{Off-1}$,denormalized,$\mu_2$: EdgeCount,3339267.0,2026-04-28 22:24:17.183144561,neo4j,edge-left,False,cd3ccf68-bc44-465a-858c-8bfcd230590c
$S_\text{Off-1}$,denormalized,$\mu_3$: AvgNodePropCount,9.861892971218284,2026-04-28 22:24:17.183144561,neo4j,edge-left,False,cd3ccf68-bc44-465a-858c-8bfcd230590c
$S_\text{Off-1}$,denormalized,$\mu_4$: AvgEdgePropCount,3.2509934066367396,2026-04-28 22:24:17.183144561,neo4j,edge-left,False,cd3ccf68-bc44-465a-858c-8bfcd230590c
$S_\text{Off-1}$,edge-left,$\mu_1$: NodeCount,2016523.0,2026-04-28 22:24:17.185068524,neo4j,edge-left,False,cd3ccf68-bc44-465a-858c-8bfcd230590c
$S_\text{Off-1}$,edge-left,$\mu_2$: EdgeCount,3339267.0,2026-04-28 22:24:17.185068524,neo4j,edge-left,False,cd3ccf68-bc44-465a-858c-8bfcd230590c
$S_\text{Off-1}$,edge-left,$\mu_3$: AvgNodePropCount,9.861892971218284,2026-04-28 22:24:17.185068524,neo4j,edge-left,False,cd3ccf68-bc44-465a-858c-8bfcd230590c
$S_\text{Off-1}$,edge-left,$\mu_4$: AvgEdgePropCount,3.2509934066367396,2026-04-28 22:24:17.185068524,neo4j,edge-left,False,cd3ccf68-bc44-465a-858c-8bfcd230590c
$S_\text{Off-2}$,denormalized,$\mu_1$: NodeCount,2016523.0,2026-04-28 22:26:04.921271698,neo4j,all,False,cd3ccf68-bc44-465a-858c-8bfcd230590c
$S_\text{Off-2}$,denormalized,$\mu_2$: EdgeCount,3339267.0,2026-04-28 22:26:04.921271698,neo4j,all,False,cd3ccf68-bc44-465a-858c-8bfcd230590c
$S_\text{Off-2}$,denormalized,$\mu_3$: AvgNodePropCount,9.861892971218284,2026-04-28 22:26:04.921271698,neo4j,all,False,cd3ccf68-bc44-465a-858c-8bfcd230590c
$S_\text{Off-2}$,denormalized,$\mu_4$: AvgEdgePropCount,3.2509934066367396,2026-04-28 22:26:04.921271698,neo4j,all,False,cd3ccf68-bc44-465a-858c-8bfcd230590c
$S_\text{Off-2}$,all,$\mu_1$: NodeCount,2021602.0,2026-04-28 22:28:01.465899180,neo4j,all,False,cd3ccf68-bc44-465a-858c-8bfcd230590c
$S_\text{Off-2}$,all,$\mu_2$: EdgeCount,4854231.0,2026-04-28 22:28:01.465899180,neo4j,all,False,cd3ccf68-bc44-465a-858c-8bfcd230590c
$S_\text{Off-2}$,all,$\mu_3$: AvgNodePropCount,8.595673629131408,2026-04-28 22:28:01.465899180,neo4j,all,False,cd3ccf68-bc44-465a-858c-8bfcd230590c
$S_\text{Off-2}$,all,$\mu_4$: AvgEdgePropCount,2.2363861546760946,2026-04-28 22:28:01.465899180,neo4j,all,False,cd3ccf68-bc44-465a-858c-8bfcd230590c
$S_\text{Off-2}$,denormalized,$\mu_1$: NodeCount,2016523.0,2026-04-28 22:29:50.868844203,neo4j,node-left,False,cd3ccf68-bc44-465a-858c-8bfcd230590c
$S_\text{Off-2}$,denormalized,$\mu_2$: EdgeCount,3339267.0,2026-04-28 22:29:50.868844203,neo4j,node-left,False,cd3ccf68-bc44-465a-858c-8bfcd230590c
$S_\text{Off-2}$,denormalized,$\mu_3$: AvgNodePropCount,9.861892971218284,2026-04-28 22:29:50.868844203,neo4j,node-left,False,cd3ccf68-bc44-465a-858c-8bfcd230590c
$S_\text{Off-2}$,denormalized,$\mu_4$: AvgEdgePropCount,3.2509934066367396,2026-04-28 22:29:50.868844203,neo4j,node-left,False,cd3ccf68-bc44-465a-858c-8bfcd230590c
$S_\text{Off-2}$,node-left,$\mu_1$: NodeCount,2021602.0,2026-04-28 22:31:43.791002209,neo4j,node-left,False,cd3ccf68-bc44-465a-858c-8bfcd230590c
$S_\text{Off-2}$,node-left,$\mu_2$: EdgeCount,4854231.0,2026-04-28 22:31:43.791002209,neo4j,node-left,False,cd3ccf68-bc44-465a-858c-8bfcd230590c
$S_\text{Off-2}$,node-left,$\mu_3$: AvgNodePropCount,8.595673629131408,2026-04-28 22:31:43.791002209,neo4j,node-left,False,cd3ccf68-bc44-465a-858c-8bfcd230590c
$S_\text{Off-2}$,node-left,$\mu_4$: AvgEdgePropCount,2.2363861546760946,2026-04-28 22:31:43.791002209,neo4j,node-left,False,cd3ccf68-bc44-465a-858c-8bfcd230590c
$S_\text{Off-2}$,denormalized,$\mu_1$: NodeCount,2016523.0,2026-04-28 22:33:28.727404312,neo4j,edge-left,False,cd3ccf68-bc44-465a-858c-8bfcd230590c
$S_\text{Off-2}$,denormalized,$\mu_2$: EdgeCount,3339267.0,2026-04-28 22:33:28.727404312,neo4j,edge-left,False,cd3ccf68-bc44-465a-858c-8bfcd230590c
$S_\text{Off-2}$,denormalized,$\mu_3$: AvgNodePropCount,9.861892971218284,2026-04-28 22:33:28.727404312,neo4j,edge-left,False,cd3ccf68-bc44-465a-858c-8bfcd230590c
$S_\text{Off-2}$,denormalized,$\mu_4$: AvgEdgePropCount,3.2509934066367396,2026-04-28 22:33:28.727404312,neo4j,edge-left,False,cd3ccf68-bc44-465a-858c-8bfcd230590c
$S_\text{Off-2}$,edge-left,$\mu_1$: NodeCount,2016523.0,2026-04-28 22:33:28.729109316,neo4j,edge-left,False,cd3ccf68-bc44-465a-858c-8bfcd230590c
$S_\text{Off-2}$,edge-left,$\mu_2$: EdgeCount,3339267.0,2026-04-28 22:33:28.729109316,neo4j,edge-left,False,cd3ccf68-bc44-465a-858c-8bfcd230590c
$S_\text{Off-2}$,edge-left,$\mu_3$: AvgNodePropCount,9.861892971218284,2026-04-28 22:33:28.729109316,neo4j,edge-left,False,cd3ccf68-bc44-465a-858c-8bfcd230590c
$S_\text{Off-2}$,edge-left,$\mu_4$: AvgEdgePropCount,3.2509934066367396,2026-04-28 22:33:28.729109316,neo4j,edge-left,False,cd3ccf68-bc44-465a-858c-8bfcd230590c
$S_\text{Off-3}$,denormalized,$\mu_1$: NodeCount,2016523.0,2026-04-28 22:35:29.619319005,neo4j,all,False,cd3ccf68-bc44-465a-858c-8bfcd230590c
$S_\text{Off-3}$,denormalized,$\mu_2$: EdgeCount,3339267.0,2026-04-28 22:35:29.619319005,neo4j,all,False,cd3ccf68-bc44-465a-858c-8bfcd230590c
$S_\text{Off-3}$,denormalized,$\mu_3$: AvgNodePropCount,9.861892971218284,2026-04-28 22:35:29.619319005,neo4j,all,False,cd3ccf68-bc44-465a-858c-8bfcd230590c
$S_\text{Off-3}$,denormalized,$\mu_4$: AvgEdgePropCount,3.2509934066367396,2026-04-28 22:35:29.619319005,neo4j,all,False,cd3ccf68-bc44-465a-858c-8bfcd230590c
$S_\text{Off-3}$,all,$\mu_1$: NodeCount,2017388.0,2026-04-28 22:36:36.481310729,neo4j,all,False,cd3ccf68-bc44-465a-858c-8bfcd230590c
$S_\text{Off-3}$,all,$\mu_2$: EdgeCount,4367058.0,2026-04-28 22:36:36.481310729,neo4j,all,False,cd3ccf68-bc44-465a-858c-8bfcd230590c
$S_\text{Off-3}$,all,$\mu_3$: AvgNodePropCount,9.009411674898349,2026-04-28 22:36:36.481310729,neo4j,all,False,cd3ccf68-bc44-465a-858c-8bfcd230590c
$S_\text{Off-3}$,all,$\mu_4$: AvgEdgePropCount,2.485869205309275,2026-04-28 22:36:36.481310729,neo4j,all,False,cd3ccf68-bc44-465a-858c-8bfcd230590c
$S_\text{Off-3}$,denormalized,$\mu_1$: NodeCount,2016523.0,2026-04-28 22:38:32.572213063,neo4j,node-left,False,cd3ccf68-bc44-465a-858c-8bfcd230590c
$S_\text{Off-3}$,denormalized,$\mu_2$: EdgeCount,3339267.0,2026-04-28 22:38:32.572213063,neo4j,node-left,False,cd3ccf68-bc44-465a-858c-8bfcd230590c
$S_\text{Off-3}$,denormalized,$\mu_3$: AvgNodePropCount,9.861892971218284,2026-04-28 22:38:32.572213063,neo4j,node-left,False,cd3ccf68-bc44-465a-858c-8bfcd230590c
$S_\text{Off-3}$,denormalized,$\mu_4$: AvgEdgePropCount,3.2509934066367396,2026-04-28 22:38:32.572213063,neo4j,node-left,False,cd3ccf68-bc44-465a-858c-8bfcd230590c
$S_\text{Off-3}$,node-left,$\mu_1$: NodeCount,2017388.0,2026-04-28 22:39:35.637628649,neo4j,node-left,False,cd3ccf68-bc44-465a-858c-8bfcd230590c
$S_\text{Off-3}$,node-left,$\mu_2$: EdgeCount,4367058.0,2026-04-28 22:39:35.637628649,neo4j,node-left,False,cd3ccf68-bc44-465a-858c-8bfcd230590c
$S_\text{Off-3}$,node-left,$\mu_3$: AvgNodePropCount,9.009411674898349,2026-04-28 22:39:35.637628649,neo4j,node-left,False,cd3ccf68-bc44-465a-858c-8bfcd230590c
$S_\text{Off-3}$,node-left,$\mu_4$: AvgEdgePropCount,2.485869205309275,2026-04-28 22:39:35.637628649,neo4j,node-left,False,cd3ccf68-bc44-465a-858c-8bfcd230590c
$S_\text{Off-3}$,denormalized,$\mu_1$: NodeCount,2016523.0,2026-04-28 22:41:31.182697647,neo4j,edge-left,False,cd3ccf68-bc44-465a-858c-8bfcd230590c
$S_\text{Off-3}$,denormalized,$\mu_2$: EdgeCount,3339267.0,2026-04-28 22:41:31.182697647,neo4j,edge-left,False,cd3ccf68-bc44-465a-858c-8bfcd230590c
$S_\text{Off-3}$,denormalized,$\mu_3$: AvgNodePropCount,9.861892971218284,2026-04-28 22:41:31.182697647,neo4j,edge-left,False,cd3ccf68-bc44-465a-858c-8bfcd230590c
$S_\text{Off-3}$,denormalized,$\mu_4$: AvgEdgePropCount,3.2509934066367396,2026-04-28 22:41:31.182697647,neo4j,edge-left,False,cd3ccf68-bc44-465a-858c-8bfcd230590c
$S_\text{Off-3}$,edge-left,$\mu_1$: NodeCount,2016523.0,2026-04-28 22:41:31.185272024,neo4j,edge-left,False,cd3ccf68-bc44-465a-858c-8bfcd230590c
$S_\text{Off-3}$,edge-left,$\mu_2$: EdgeCount,3339267.0,2026-04-28 22:41:31.185272024,neo4j,edge-left,False,cd3ccf68-bc44-465a-858c-8bfcd230590c
$S_\text{Off-3}$,edge-left,$\mu_3$: AvgNodePropCount,9.861892971218284,2026-04-28 22:41:31.185272024,neo4j,edge-left,False,cd3ccf68-bc44-465a-858c-8bfcd230590c
$S_\text{Off-3}$,edge-left,$\mu_4$: AvgEdgePropCount,3.2509934066367396,2026-04-28 22:41:31.185272024,neo4j,edge-left,False,cd3ccf68-bc44-465a-858c-8bfcd230590c
$S_\text{Uni-1}$,denormalized,$\mu_1$: NodeCount,4.0,2026-04-28 22:42:12.060688072,neo4j,all,False,cd3ccf68-bc44-465a-858c-8bfcd230590c
$S_\text{Uni-1}$,denormalized,$\mu_2$: EdgeCount,3.0,2026-04-28 22:42:12.060688072,neo4j,all,False,cd3ccf68-bc44-465a-858c-8bfcd230590c
$S_\text{Uni-1}$,denormalized,$\mu_3$: AvgNodePropCount,1.25,2026-04-28 22:42:12.060688072,neo4j,all,False,cd3ccf68-bc44-465a-858c-8bfcd230590c
$S_\text{Uni-1}$,denormalized,$\mu_4$: AvgEdgePropCount,2.0,2026-04-28 22:42:12.060688072,neo4j,all,False,cd3ccf68-bc44-465a-858c-8bfcd230590c
$S_\text{Uni-1}$,all,$\mu_1$: NodeCount,4.0,2026-04-28 22:42:12.255359807,neo4j,all,False,cd3ccf68-bc44-465a-858c-8bfcd230590c
$S_\text{Uni-1}$,all,$\mu_2$: EdgeCount,3.0,2026-04-28 22:42:12.255359807,neo4j,all,False,cd3ccf68-bc44-465a-858c-8bfcd230590c
$S_\text{Uni-1}$,all,$\mu_3$: AvgNodePropCount,1.5,2026-04-28 22:42:12.255359807,neo4j,all,False,cd3ccf68-bc44-465a-858c-8bfcd230590c
$S_\text{Uni-1}$,all,$\mu_4$: AvgEdgePropCount,1.0,2026-04-28 22:42:12.255359807,neo4j,all,False,cd3ccf68-bc44-465a-858c-8bfcd230590c
$S_\text{Uni-1}$,denormalized,$\mu_1$: NodeCount,4.0,2026-04-28 22:43:04.061827553,neo4j,node-left,False,cd3ccf68-bc44-465a-858c-8bfcd230590c
$S_\text{Uni-1}$,denormalized,$\mu_2$: EdgeCount,3.0,2026-04-28 22:43:04.061827553,neo4j,node-left,False,cd3ccf68-bc44-465a-858c-8bfcd230590c
$S_\text{Uni-1}$,denormalized,$\mu_3$: AvgNodePropCount,1.25,2026-04-28 22:43:04.061827553,neo4j,node-left,False,cd3ccf68-bc44-465a-858c-8bfcd230590c
$S_\text{Uni-1}$,denormalized,$\mu_4$: AvgEdgePropCount,2.0,2026-04-28 22:43:04.061827553,neo4j,node-left,False,cd3ccf68-bc44-465a-858c-8bfcd230590c
$S_\text{Uni-1}$,node-left,$\mu_1$: NodeCount,4.0,2026-04-28 22:43:04.251043094,neo4j,node-left,False,cd3ccf68-bc44-465a-858c-8bfcd230590c
$S_\text{Uni-1}$,node-left,$\mu_2$: EdgeCount,3.0,2026-04-28 22:43:04.251043094,neo4j,node-left,False,cd3ccf68-bc44-465a-858c-8bfcd230590c
$S_\text{Uni-1}$,node-left,$\mu_3$: AvgNodePropCount,1.5,2026-04-28 22:43:04.251043094,neo4j,node-left,False,cd3ccf68-bc44-465a-858c-8bfcd230590c
$S_\text{Uni-1}$,node-left,$\mu_4$: AvgEdgePropCount,1.0,2026-04-28 22:43:04.251043094,neo4j,node-left,False,cd3ccf68-bc44-465a-858c-8bfcd230590c
$S_\text{Uni-1}$,denormalized,$\mu_1$: NodeCount,4.0,2026-04-28 22:43:52.022172549,neo4j,edge-left,False,cd3ccf68-bc44-465a-858c-8bfcd230590c
$S_\text{Uni-1}$,denormalized,$\mu_2$: EdgeCount,3.0,2026-04-28 22:43:52.022172549,neo4j,edge-left,False,cd3ccf68-bc44-465a-858c-8bfcd230590c
$S_\text{Uni-1}$,denormalized,$\mu_3$: AvgNodePropCount,1.25,2026-04-28 22:43:52.022172549,neo4j,edge-left,False,cd3ccf68-bc44-465a-858c-8bfcd230590c
$S_\text{Uni-1}$,denormalized,$\mu_4$: AvgEdgePropCount,2.0,2026-04-28 22:43:52.022172549,neo4j,edge-left,False,cd3ccf68-bc44-465a-858c-8bfcd230590c
$S_\text{Uni-1}$,edge-left,$\mu_1$: NodeCount,4.0,2026-04-28 22:43:52.023856301,neo4j,edge-left,False,cd3ccf68-bc44-465a-858c-8bfcd230590c
$S_\text{Uni-1}$,edge-left,$\mu_2$: EdgeCount,3.0,2026-04-28 22:43:52.023856301,neo4j,edge-left,False,cd3ccf68-bc44-465a-858c-8bfcd230590c
$S_\text{Uni-1}$,edge-left,$\mu_3$: AvgNodePropCount,1.25,2026-04-28 22:43:52.023856301,neo4j,edge-left,False,cd3ccf68-bc44-465a-858c-8bfcd230590c
$S_\text{Uni-1}$,edge-left,$\mu_4$: AvgEdgePropCount,2.0,2026-04-28 22:43:52.023856301,neo4j,edge-left,False,cd3ccf68-bc44-465a-858c-8bfcd230590c
$S_\text{Uni-2}$,denormalized,$\mu_1$: NodeCount,4.0,2026-04-28 22:44:37.593384056,neo4j,all,False,cd3ccf68-bc44-465a-858c-8bfcd230590c
$S_\text{Uni-2}$,denormalized,$\mu_2$: EdgeCount,3.0,2026-04-28 22:44:37.593384056,neo4j,all,False,cd3ccf68-bc44-465a-858c-8bfcd230590c
$S_\text{Uni-2}$,denormalized,$\mu_3$: AvgNodePropCount,1.25,2026-04-28 22:44:37.593384056,neo4j,all,False,cd3ccf68-bc44-465a-858c-8bfcd230590c
$S_\text{Uni-2}$,denormalized,$\mu_4$: AvgEdgePropCount,2.0,2026-04-28 22:44:37.593384056,neo4j,all,False,cd3ccf68-bc44-465a-858c-8bfcd230590c
$S_\text{Uni-2}$,all,$\mu_1$: NodeCount,5.0,2026-04-28 22:44:38.225300612,neo4j,all,False,cd3ccf68-bc44-465a-858c-8bfcd230590c
$S_\text{Uni-2}$,all,$\mu_2$: EdgeCount,4.0,2026-04-28 22:44:38.225300612,neo4j,all,False,cd3ccf68-bc44-465a-858c-8bfcd230590c
$S_\text{Uni-2}$,all,$\mu_3$: AvgNodePropCount,1.2,2026-04-28 22:44:38.225300612,neo4j,all,False,cd3ccf68-bc44-465a-858c-8bfcd230590c
$S_\text{Uni-2}$,all,$\mu_4$: AvgEdgePropCount,0.75,2026-04-28 22:44:38.225300612,neo4j,all,False,cd3ccf68-bc44-465a-858c-8bfcd230590c
$S_\text{Uni-2}$,denormalized,$\mu_1$: NodeCount,4.0,2026-04-28 22:45:26.471999430,neo4j,node-left,False,cd3ccf68-bc44-465a-858c-8bfcd230590c
$S_\text{Uni-2}$,denormalized,$\mu_2$: EdgeCount,3.0,2026-04-28 22:45:26.471999430,neo4j,node-left,False,cd3ccf68-bc44-465a-858c-8bfcd230590c
$S_\text{Uni-2}$,denormalized,$\mu_3$: AvgNodePropCount,1.25,2026-04-28 22:45:26.471999430,neo4j,node-left,False,cd3ccf68-bc44-465a-858c-8bfcd230590c
$S_\text{Uni-2}$,denormalized,$\mu_4$: AvgEdgePropCount,2.0,2026-04-28 22:45:26.471999430,neo4j,node-left,False,cd3ccf68-bc44-465a-858c-8bfcd230590c
$S_\text{Uni-2}$,node-left,$\mu_1$: NodeCount,5.0,2026-04-28 22:45:27.051802655,neo4j,node-left,False,cd3ccf68-bc44-465a-858c-8bfcd230590c
$S_\text{Uni-2}$,node-left,$\mu_2$: EdgeCount,4.0,2026-04-28 22:45:27.051802655,neo4j,node-left,False,cd3ccf68-bc44-465a-858c-8bfcd230590c
$S_\text{Uni-2}$,node-left,$\mu_3$: AvgNodePropCount,1.2,2026-04-28 22:45:27.051802655,neo4j,node-left,False,cd3ccf68-bc44-465a-858c-8bfcd230590c
$S_\text{Uni-2}$,node-left,$\mu_4$: AvgEdgePropCount,0.75,2026-04-28 22:45:27.051802655,neo4j,node-left,False,cd3ccf68-bc44-465a-858c-8bfcd230590c
$S_\text{Uni-2}$,denormalized,$\mu_1$: NodeCount,4.0,2026-04-28 22:46:18.680285547,neo4j,edge-left,False,cd3ccf68-bc44-465a-858c-8bfcd230590c
$S_\text{Uni-2}$,denormalized,$\mu_2$: EdgeCount,3.0,2026-04-28 22:46:18.680285547,neo4j,edge-left,False,cd3ccf68-bc44-465a-858c-8bfcd230590c
$S_\text{Uni-2}$,denormalized,$\mu_3$: AvgNodePropCount,1.25,2026-04-28 22:46:18.680285547,neo4j,edge-left,False,cd3ccf68-bc44-465a-858c-8bfcd230590c
$S_\text{Uni-2}$,denormalized,$\mu_4$: AvgEdgePropCount,2.0,2026-04-28 22:46:18.680285547,neo4j,edge-left,False,cd3ccf68-bc44-465a-858c-8bfcd230590c
$S_\text{Uni-2}$,edge-left,$\mu_1$: NodeCount,4.0,2026-04-28 22:46:18.682942497,neo4j,edge-left,False,cd3ccf68-bc44-465a-858c-8bfcd230590c
$S_\text{Uni-2}$,edge-left,$\mu_2$: EdgeCount,3.0,2026-04-28 22:46:18.682942497,neo4j,edge-left,False,cd3ccf68-bc44-465a-858c-8bfcd230590c
$S_\text{Uni-2}$,edge-left,$\mu_3$: AvgNodePropCount,1.25,2026-04-28 22:46:18.682942497,neo4j,edge-left,False,cd3ccf68-bc44-465a-858c-8bfcd230590c
$S_\text{Uni-2}$,edge-left,$\mu_4$: AvgEdgePropCount,2.0,2026-04-28 22:46:18.682942497,neo4j,edge-left,False,cd3ccf68-bc44-465a-858c-8bfcd230590c
$S_\text{No-1}$,denormalized,$\mu_1$: NodeCount,3.0,2026-05-01 15:33:06.833224245,neo4j,all,False,b3b45123-e0f1-490f-9432-465ec5db35da
$S_\text{No-1}$,denormalized,$\mu_2$: EdgeCount,2.0,2026-05-01 15:33:06.833224245,neo4j,all,False,b3b45123-e0f1-490f-9432-465ec5db35da
$S_\text{No-1}$,denormalized,$\mu_3$: AvgNodePropCount,3.3333333333333335,2026-05-01 15:33:06.833224245,neo4j,all,False,b3b45123-e0f1-490f-9432-465ec5db35da
$S_\text{No-1}$,denormalized,$\mu_4$: AvgEdgePropCount,0.0,2026-05-01 15:33:06.833224245,neo4j,all,False,b3b45123-e0f1-490f-9432-465ec5db35da
$S_\text{No-1}$,all,$\mu_1$: NodeCount,6.0,2026-05-01 15:33:07.988644739,neo4j,all,False,b3b45123-e0f1-490f-9432-465ec5db35da
$S_\text{No-1}$,all,$\mu_2$: EdgeCount,6.0,2026-05-01 15:33:07.988644739,neo4j,all,False,b3b45123-e0f1-490f-9432-465ec5db35da
$S_\text{No-1}$,all,$\mu_3$: AvgNodePropCount,1.6666666666666665,2026-05-01 15:33:07.988644739,neo4j,all,False,b3b45123-e0f1-490f-9432-465ec5db35da
$S_\text{No-1}$,all,$\mu_4$: AvgEdgePropCount,0.0,2026-05-01 15:33:07.988644739,neo4j,all,False,b3b45123-e0f1-490f-9432-465ec5db35da
$S_\text{No-1}$,denormalized,$\mu_1$: NodeCount,3.0,2026-05-01 15:34:00.552150267,neo4j,node-left,False,b3b45123-e0f1-490f-9432-465ec5db35da
$S_\text{No-1}$,denormalized,$\mu_2$: EdgeCount,2.0,2026-05-01 15:34:00.552150267,neo4j,node-left,False,b3b45123-e0f1-490f-9432-465ec5db35da
$S_\text{No-1}$,denormalized,$\mu_3$: AvgNodePropCount,3.3333333333333335,2026-05-01 15:34:00.552150267,neo4j,node-left,False,b3b45123-e0f1-490f-9432-465ec5db35da
$S_\text{No-1}$,denormalized,$\mu_4$: AvgEdgePropCount,0.0,2026-05-01 15:34:00.552150267,neo4j,node-left,False,b3b45123-e0f1-490f-9432-465ec5db35da
$S_\text{No-1}$,node-left,$\mu_1$: NodeCount,6.0,2026-05-01 15:34:01.747246299,neo4j,node-left,False,b3b45123-e0f1-490f-9432-465ec5db35da
$S_\text{No-1}$,node-left,$\mu_2$: EdgeCount,6.0,2026-05-01 15:34:01.747246299,neo4j,node-left,False,b3b45123-e0f1-490f-9432-465ec5db35da
$S_\text{No-1}$,node-left,$\mu_3$: AvgNodePropCount,1.6666666666666667,2026-05-01 15:34:01.747246299,neo4j,node-left,False,b3b45123-e0f1-490f-9432-465ec5db35da
$S_\text{No-1}$,node-left,$\mu_4$: AvgEdgePropCount,0.0,2026-05-01 15:34:01.747246299,neo4j,node-left,False,b3b45123-e0f1-490f-9432-465ec5db35da
$S_\text{No-1}$,denormalized,$\mu_1$: NodeCount,3.0,2026-05-01 15:34:55.026291702,neo4j,edge-left,False,b3b45123-e0f1-490f-9432-465ec5db35da
$S_\text{No-1}$,denormalized,$\mu_2$: EdgeCount,2.0,2026-05-01 15:34:55.026291702,neo4j,edge-left,False,b3b45123-e0f1-490f-9432-465ec5db35da
$S_\text{No-1}$,denormalized,$\mu_3$: AvgNodePropCount,3.3333333333333335,2026-05-01 15:34:55.026291702,neo4j,edge-left,False,b3b45123-e0f1-490f-9432-465ec5db35da
$S_\text{No-1}$,denormalized,$\mu_4$: AvgEdgePropCount,0.0,2026-05-01 15:34:55.026291702,neo4j,edge-left,False,b3b45123-e0f1-490f-9432-465ec5db35da
$S_\text{No-1}$,edge-left,$\mu_1$: NodeCount,3.0,2026-05-01 15:34:55.027978509,neo4j,edge-left,False,b3b45123-e0f1-490f-9432-465ec5db35da
$S_\text{No-1}$,edge-left,$\mu_2$: EdgeCount,2.0,2026-05-01 15:34:55.027978509,neo4j,edge-left,False,b3b45123-e0f1-490f-9432-465ec5db35da
$S_\text{No-1}$,edge-left,$\mu_3$: AvgNodePropCount,3.3333333333333335,2026-05-01 15:34:55.027978509,neo4j,edge-left,False,b3b45123-e0f1-490f-9432-465ec5db35da
$S_\text{No-1}$,edge-left,$\mu_4$: AvgEdgePropCount,0.0,2026-05-01 15:34:55.027978509,neo4j,edge-left,False,b3b45123-e0f1-490f-9432-465ec5db35da
$S_\text{No-2}$,denormalized,$\mu_1$: NodeCount,3.0,2026-05-01 15:35:47.192001205,neo4j,all,False,b3b45123-e0f1-490f-9432-465ec5db35da
$S_\text{No-2}$,denormalized,$\mu_2$: EdgeCount,2.0,2026-05-01 15:35:47.192001205,neo4j,all,False,b3b45123-e0f1-490f-9432-465ec5db35da
$S_\text{No-2}$,denormalized,$\mu_3$: AvgNodePropCount,3.3333333333333335,2026-05-01 15:35:47.192001205,neo4j,all,False,b3b45123-e0f1-490f-9432-465ec5db35da
$S_\text{No-2}$,denormalized,$\mu_4$: AvgEdgePropCount,0.0,2026-05-01 15:35:47.192001205,neo4j,all,False,b3b45123-e0f1-490f-9432-465ec5db35da
$S_\text{No-2}$,all,$\mu_1$: NodeCount,8.0,2026-05-01 15:35:48.611622262,neo4j,all,False,b3b45123-e0f1-490f-9432-465ec5db35da
$S_\text{No-2}$,all,$\mu_2$: EdgeCount,8.0,2026-05-01 15:35:48.611622262,neo4j,all,False,b3b45123-e0f1-490f-9432-465ec5db35da
$S_\text{No-2}$,all,$\mu_3$: AvgNodePropCount,2.0,2026-05-01 15:35:48.611622262,neo4j,all,False,b3b45123-e0f1-490f-9432-465ec5db35da
$S_\text{No-2}$,all,$\mu_4$: AvgEdgePropCount,0.0,2026-05-01 15:35:48.611622262,neo4j,all,False,b3b45123-e0f1-490f-9432-465ec5db35da
$S_\text{No-2}$,denormalized,$\mu_1$: NodeCount,3.0,2026-05-01 15:36:40.796892088,neo4j,node-left,False,b3b45123-e0f1-490f-9432-465ec5db35da
$S_\text{No-2}$,denormalized,$\mu_2$: EdgeCount,2.0,2026-05-01 15:36:40.796892088,neo4j,node-left,False,b3b45123-e0f1-490f-9432-465ec5db35da
$S_\text{No-2}$,denormalized,$\mu_3$: AvgNodePropCount,3.3333333333333335,2026-05-01 15:36:40.796892088,neo4j,node-left,False,b3b45123-e0f1-490f-9432-465ec5db35da
$S_\text{No-2}$,denormalized,$\mu_4$: AvgEdgePropCount,0.0,2026-05-01 15:36:40.796892088,neo4j,node-left,False,b3b45123-e0f1-490f-9432-465ec5db35da
$S_\text{No-2}$,node-left,$\mu_1$: NodeCount,8.0,2026-05-01 15:36:42.211469623,neo4j,node-left,False,b3b45123-e0f1-490f-9432-465ec5db35da
$S_\text{No-2}$,node-left,$\mu_2$: EdgeCount,8.0,2026-05-01 15:36:42.211469623,neo4j,node-left,False,b3b45123-e0f1-490f-9432-465ec5db35da
$S_\text{No-2}$,node-left,$\mu_3$: AvgNodePropCount,2.0,2026-05-01 15:36:42.211469623,neo4j,node-left,False,b3b45123-e0f1-490f-9432-465ec5db35da
$S_\text{No-2}$,node-left,$\mu_4$: AvgEdgePropCount,0.0,2026-05-01 15:36:42.211469623,neo4j,node-left,False,b3b45123-e0f1-490f-9432-465ec5db35da
$S_\text{No-2}$,denormalized,$\mu_1$: NodeCount,3.0,2026-05-01 15:37:38.303737187,neo4j,edge-left,False,b3b45123-e0f1-490f-9432-465ec5db35da
$S_\text{No-2}$,denormalized,$\mu_2$: EdgeCount,2.0,2026-05-01 15:37:38.303737187,neo4j,edge-left,False,b3b45123-e0f1-490f-9432-465ec5db35da
$S_\text{No-2}$,denormalized,$\mu_3$: AvgNodePropCount,3.3333333333333335,2026-05-01 15:37:38.303737187,neo4j,edge-left,False,b3b45123-e0f1-490f-9432-465ec5db35da
$S_\text{No-2}$,denormalized,$\mu_4$: AvgEdgePropCount,0.0,2026-05-01 15:37:38.303737187,neo4j,edge-left,False,b3b45123-e0f1-490f-9432-465ec5db35da
$S_\text{No-2}$,edge-left,$\mu_1$: NodeCount,3.0,2026-05-01 15:37:38.305676141,neo4j,edge-left,False,b3b45123-e0f1-490f-9432-465ec5db35da
$S_\text{No-2}$,edge-left,$\mu_2$: EdgeCount,2.0,2026-05-01 15:37:38.305676141,neo4j,edge-left,False,b3b45123-e0f1-490f-9432-465ec5db35da
$S_\text{No-2}$,edge-left,$\mu_3$: AvgNodePropCount,3.3333333333333335,2026-05-01 15:37:38.305676141,neo4j,edge-left,False,b3b45123-e0f1-490f-9432-465ec5db35da
$S_\text{No-2}$,edge-left,$\mu_4$: AvgEdgePropCount,0.0,2026-05-01 15:37:38.305676141,neo4j,edge-left,False,b3b45123-e0f1-490f-9432-465ec5db35da
$S_\text{No-3}$,denormalized,$\mu_1$: NodeCount,3.0,2026-05-01 15:38:31.606671151,neo4j,all,False,b3b45123-e0f1-490f-9432-465ec5db35da
$S_\text{No-3}$,denormalized,$\mu_2$: EdgeCount,2.0,2026-05-01 15:38:31.606671151,neo4j,all,False,b3b45123-e0f1-490f-9432-465ec5db35da
$S_\text{No-3}$,denormalized,$\mu_3$: AvgNodePropCount,3.3333333333333335,2026-05-01 15:38:31.606671151,neo4j,all,False,b3b45123-e0f1-490f-9432-465ec5db35da
$S_\text{No-3}$,denormalized,$\mu_4$: AvgEdgePropCount,0.0,2026-05-01 15:38:31.606671151,neo4j,all,False,b3b45123-e0f1-490f-9432-465ec5db35da
$S_\text{No-3}$,all,$\mu_1$: NodeCount,6.0,2026-05-01 15:38:33.035852820,neo4j,all,False,b3b45123-e0f1-490f-9432-465ec5db35da
$S_\text{No-3}$,all,$\mu_2$: EdgeCount,5.0,2026-05-01 15:38:33.035852820,neo4j,all,False,b3b45123-e0f1-490f-9432-465ec5db35da
$S_\text{No-3}$,all,$\mu_3$: AvgNodePropCount,2.3333333333333335,2026-05-01 15:38:33.035852820,neo4j,all,False,b3b45123-e0f1-490f-9432-465ec5db35da
$S_\text{No-3}$,all,$\mu_4$: AvgEdgePropCount,0.0,2026-05-01 15:38:33.035852820,neo4j,all,False,b3b45123-e0f1-490f-9432-465ec5db35da
$S_\text{No-3}$,denormalized,$\mu_1$: NodeCount,3.0,2026-05-01 15:39:25.470324324,neo4j,node-left,False,b3b45123-e0f1-490f-9432-465ec5db35da
$S_\text{No-3}$,denormalized,$\mu_2$: EdgeCount,2.0,2026-05-01 15:39:25.470324324,neo4j,node-left,False,b3b45123-e0f1-490f-9432-465ec5db35da
$S_\text{No-3}$,denormalized,$\mu_3$: AvgNodePropCount,3.3333333333333335,2026-05-01 15:39:25.470324324,neo4j,node-left,False,b3b45123-e0f1-490f-9432-465ec5db35da
$S_\text{No-3}$,denormalized,$\mu_4$: AvgEdgePropCount,0.0,2026-05-01 15:39:25.470324324,neo4j,node-left,False,b3b45123-e0f1-490f-9432-465ec5db35da
$S_\text{No-3}$,node-left,$\mu_1$: NodeCount,6.0,2026-05-01 15:39:30.649019198,neo4j,node-left,False,b3b45123-e0f1-490f-9432-465ec5db35da
$S_\text{No-3}$,node-left,$\mu_2$: EdgeCount,5.0,2026-05-01 15:39:30.649019198,neo4j,node-left,False,b3b45123-e0f1-490f-9432-465ec5db35da
$S_\text{No-3}$,node-left,$\mu_3$: AvgNodePropCount,2.333333333333333,2026-05-01 15:39:30.649019198,neo4j,node-left,False,b3b45123-e0f1-490f-9432-465ec5db35da
$S_\text{No-3}$,node-left,$\mu_4$: AvgEdgePropCount,0.0,2026-05-01 15:39:30.649019198,neo4j,node-left,False,b3b45123-e0f1-490f-9432-465ec5db35da
$S_\text{No-3}$,denormalized,$\mu_1$: NodeCount,3.0,2026-05-01 15:40:19.187585682,neo4j,edge-left,False,b3b45123-e0f1-490f-9432-465ec5db35da
$S_\text{No-3}$,denormalized,$\mu_2$: EdgeCount,2.0,2026-05-01 15:40:19.187585682,neo4j,edge-left,False,b3b45123-e0f1-490f-9432-465ec5db35da
$S_\text{No-3}$,denormalized,$\mu_3$: AvgNodePropCount,3.3333333333333335,2026-05-01 15:40:19.187585682,neo4j,edge-left,False,b3b45123-e0f1-490f-9432-465ec5db35da
$S_\text{No-3}$,denormalized,$\mu_4$: AvgEdgePropCount,0.0,2026-05-01 15:40:19.187585682,neo4j,edge-left,False,b3b45123-e0f1-490f-9432-465ec5db35da
$S_\text{No-3}$,edge-left,$\mu_1$: NodeCount,3.0,2026-05-01 15:40:19.189279318,neo4j,edge-left,False,b3b45123-e0f1-490f-9432-465ec5db35da
$S_\text{No-3}$,edge-left,$\mu_2$: EdgeCount,2.0,2026-05-01 15:40:19.189279318,neo4j,edge-left,False,b3b45123-e0f1-490f-9432-465ec5db35da
$S_\text{No-3}$,edge-left,$\mu_3$: AvgNodePropCount,3.3333333333333335,2026-05-01 15:40:19.189279318,neo4j,edge-left,False,b3b45123-e0f1-490f-9432-465ec5db35da
$S_\text{No-3}$,edge-left,$\mu_4$: AvgEdgePropCount,0.0,2026-05-01 15:40:19.189279318,neo4j,edge-left,False,b3b45123-e0f1-490f-9432-465ec5db35da
$S_\text{Nw}$,denormalized,$\mu_1$: NodeCount,1035.0,2026-04-28 22:54:56.389080079,neo4j,all,False,cd3ccf68-bc44-465a-858c-8bfcd230590c
$S_\text{Nw}$,denormalized,$\mu_2$: EdgeCount,3139.0,2026-04-28 22:54:56.389080079,neo4j,all,False,cd3ccf68-bc44-465a-858c-8bfcd230590c
$S_\text{Nw}$,denormalized,$\mu_3$: AvgNodePropCount,13.30531400966183,2026-04-28 22:54:56.389080079,neo4j,all,False,cd3ccf68-bc44-465a-858c-8bfcd230590c
$S_\text{Nw}$,denormalized,$\mu_4$: AvgEdgePropCount,3.4326218540936595,2026-04-28 22:54:56.389080079,neo4j,all,False,cd3ccf68-bc44-465a-858c-8bfcd230590c
$S_\text{Nw}$,all,$\mu_1$: NodeCount,1124.0,2026-04-28 22:54:56.983662400,neo4j,all,False,cd3ccf68-bc44-465a-858c-8bfcd230590c
$S_\text{Nw}$,all,$\mu_2$: EdgeCount,3969.0,2026-04-28 22:54:56.983662400,neo4j,all,False,cd3ccf68-bc44-465a-858c-8bfcd230590c
$S_\text{Nw}$,all,$\mu_3$: AvgNodePropCount,8.296263345195728,2026-04-28 22:54:56.983662400,neo4j,all,False,cd3ccf68-bc44-465a-858c-8bfcd230590c
$S_\text{Nw}$,all,$\mu_4$: AvgEdgePropCount,2.7147896195515235,2026-04-28 22:54:56.983662400,neo4j,all,False,cd3ccf68-bc44-465a-858c-8bfcd230590c
$S_\text{Nw}$,denormalized,$\mu_1$: NodeCount,1035.0,2026-04-28 22:55:51.193338505,neo4j,node-left,False,cd3ccf68-bc44-465a-858c-8bfcd230590c
$S_\text{Nw}$,denormalized,$\mu_2$: EdgeCount,3139.0,2026-04-28 22:55:51.193338505,neo4j,node-left,False,cd3ccf68-bc44-465a-858c-8bfcd230590c
$S_\text{Nw}$,denormalized,$\mu_3$: AvgNodePropCount,13.30531400966183,2026-04-28 22:55:51.193338505,neo4j,node-left,False,cd3ccf68-bc44-465a-858c-8bfcd230590c
$S_\text{Nw}$,denormalized,$\mu_4$: AvgEdgePropCount,3.4326218540936595,2026-04-28 22:55:51.193338505,neo4j,node-left,False,cd3ccf68-bc44-465a-858c-8bfcd230590c
$S_\text{Nw}$,node-left,$\mu_1$: NodeCount,1124.0,2026-04-28 22:55:51.763367881,neo4j,node-left,False,cd3ccf68-bc44-465a-858c-8bfcd230590c
$S_\text{Nw}$,node-left,$\mu_2$: EdgeCount,3969.0,2026-04-28 22:55:51.763367881,neo4j,node-left,False,cd3ccf68-bc44-465a-858c-8bfcd230590c
$S_\text{Nw}$,node-left,$\mu_3$: AvgNodePropCount,8.296263345195728,2026-04-28 22:55:51.763367881,neo4j,node-left,False,cd3ccf68-bc44-465a-858c-8bfcd230590c
$S_\text{Nw}$,node-left,$\mu_4$: AvgEdgePropCount,2.7147896195515235,2026-04-28 22:55:51.763367881,neo4j,node-left,False,cd3ccf68-bc44-465a-858c-8bfcd230590c
$S_\text{Nw}$,denormalized,$\mu_1$: NodeCount,1035.0,2026-04-28 22:56:42.295409256,neo4j,edge-left,False,cd3ccf68-bc44-465a-858c-8bfcd230590c
$S_\text{Nw}$,denormalized,$\mu_2$: EdgeCount,3139.0,2026-04-28 22:56:42.295409256,neo4j,edge-left,False,cd3ccf68-bc44-465a-858c-8bfcd230590c
$S_\text{Nw}$,denormalized,$\mu_3$: AvgNodePropCount,13.30531400966183,2026-04-28 22:56:42.295409256,neo4j,edge-left,False,cd3ccf68-bc44-465a-858c-8bfcd230590c
$S_\text{Nw}$,denormalized,$\mu_4$: AvgEdgePropCount,3.4326218540936595,2026-04-28 22:56:42.295409256,neo4j,edge-left,False,cd3ccf68-bc44-465a-858c-8bfcd230590c
$S_\text{Nw}$,edge-left,$\mu_1$: NodeCount,1035.0,2026-04-28 22:56:42.297098176,neo4j,edge-left,False,cd3ccf68-bc44-465a-858c-8bfcd230590c
$S_\text{Nw}$,edge-left,$\mu_2$: EdgeCount,3139.0,2026-04-28 22:56:42.297098176,neo4j,edge-left,False,cd3ccf68-bc44-465a-858c-8bfcd230590c
$S_\text{Nw}$,edge-left,$\mu_3$: AvgNodePropCount,13.30531400966183,2026-04-28 22:56:42.297098176,neo4j,edge-left,False,cd3ccf68-bc44-465a-858c-8bfcd230590c
$S_\text{Nw}$,edge-left,$\mu_4$: AvgEdgePropCount,3.4326218540936595,2026-04-28 22:56:42.297098176,neo4j,edge-left,False,cd3ccf68-bc44-465a-858c-8bfcd230590c
$S_\text{Lon}$,denormalized,$\mu_1$: NodeCount,651.0,2026-04-28 22:57:34.573006583,neo4j,all,False,cd3ccf68-bc44-465a-858c-8bfcd230590c
$S_\text{Lon}$,denormalized,$\mu_2$: EdgeCount,1952.0,2026-04-28 22:57:34.573006583,neo4j,all,False,cd3ccf68-bc44-465a-858c-8bfcd230590c
$S_\text{Lon}$,denormalized,$\mu_3$: AvgNodePropCount,4.992319508448543,2026-04-28 22:57:34.573006583,neo4j,all,False,cd3ccf68-bc44-465a-858c-8bfcd230590c
$S_\text{Lon}$,denormalized,$\mu_4$: AvgEdgePropCount,3.0,2026-04-28 22:57:34.573006583,neo4j,all,False,cd3ccf68-bc44-465a-858c-8bfcd230590c
$S_\text{Lon}$,all,$\mu_1$: NodeCount,2646.0,2026-04-28 22:57:35.915749390,neo4j,all,False,cd3ccf68-bc44-465a-858c-8bfcd230590c
$S_\text{Lon}$,all,$\mu_2$: EdgeCount,6502.0,2026-04-28 22:57:35.915749390,neo4j,all,False,cd3ccf68-bc44-465a-858c-8bfcd230590c
$S_\text{Lon}$,all,$\mu_3$: AvgNodePropCount,0.7830687830687805,2026-04-28 22:57:35.915749390,neo4j,all,False,cd3ccf68-bc44-465a-858c-8bfcd230590c
$S_\text{Lon}$,all,$\mu_4$: AvgEdgePropCount,0.0,2026-04-28 22:57:35.915749390,neo4j,all,False,cd3ccf68-bc44-465a-858c-8bfcd230590c
$S_\text{Lon}$,denormalized,$\mu_1$: NodeCount,651.0,2026-04-28 22:58:27.209839635,neo4j,node-left,False,cd3ccf68-bc44-465a-858c-8bfcd230590c
$S_\text{Lon}$,denormalized,$\mu_2$: EdgeCount,1952.0,2026-04-28 22:58:27.209839635,neo4j,node-left,False,cd3ccf68-bc44-465a-858c-8bfcd230590c
$S_\text{Lon}$,denormalized,$\mu_3$: AvgNodePropCount,4.992319508448543,2026-04-28 22:58:27.209839635,neo4j,node-left,False,cd3ccf68-bc44-465a-858c-8bfcd230590c
$S_\text{Lon}$,denormalized,$\mu_4$: AvgEdgePropCount,3.0,2026-04-28 22:58:27.209839635,neo4j,node-left,False,cd3ccf68-bc44-465a-858c-8bfcd230590c
$S_\text{Lon}$,node-left,$\mu_1$: NodeCount,666.0,2026-04-28 22:58:27.775483719,neo4j,node-left,False,cd3ccf68-bc44-465a-858c-8bfcd230590c
$S_\text{Lon}$,node-left,$\mu_2$: EdgeCount,2598.0,2026-04-28 22:58:27.775483719,neo4j,node-left,False,cd3ccf68-bc44-465a-858c-8bfcd230590c
$S_\text{Lon}$,node-left,$\mu_3$: AvgNodePropCount,2.9849849849849828,2026-04-28 22:58:27.775483719,neo4j,node-left,False,cd3ccf68-bc44-465a-858c-8bfcd230590c
$S_\text{Lon}$,node-left,$\mu_4$: AvgEdgePropCount,2.2540415704387975,2026-04-28 22:58:27.775483719,neo4j,node-left,False,cd3ccf68-bc44-465a-858c-8bfcd230590c
$S_\text{Lon}$,denormalized,$\mu_1$: NodeCount,651.0,2026-04-28 22:59:21.715606693,neo4j,edge-left,False,cd3ccf68-bc44-465a-858c-8bfcd230590c
$S_\text{Lon}$,denormalized,$\mu_2$: EdgeCount,1952.0,2026-04-28 22:59:21.715606693,neo4j,edge-left,False,cd3ccf68-bc44-465a-858c-8bfcd230590c
$S_\text{Lon}$,denormalized,$\mu_3$: AvgNodePropCount,4.992319508448543,2026-04-28 22:59:21.715606693,neo4j,edge-left,False,cd3ccf68-bc44-465a-858c-8bfcd230590c
$S_\text{Lon}$,denormalized,$\mu_4$: AvgEdgePropCount,3.0,2026-04-28 22:59:21.715606693,neo4j,edge-left,False,cd3ccf68-bc44-465a-858c-8bfcd230590c
$S_\text{Lon}$,edge-left,$\mu_1$: NodeCount,2631.0,2026-04-28 22:59:22.665782358,neo4j,edge-left,False,cd3ccf68-bc44-465a-858c-8bfcd230590c
$S_\text{Lon}$,edge-left,$\mu_2$: EdgeCount,5856.0,2026-04-28 22:59:22.665782358,neo4j,edge-left,False,cd3ccf68-bc44-465a-858c-8bfcd230590c
$S_\text{Lon}$,edge-left,$\mu_3$: AvgNodePropCount,1.2671987837324208,2026-04-28 22:59:22.665782358,neo4j,edge-left,False,cd3ccf68-bc44-465a-858c-8bfcd230590c
$S_\text{Lon}$,edge-left,$\mu_4$: AvgEdgePropCount,0.0,2026-04-28 22:59:22.665782358,neo4j,edge-left,False,cd3ccf68-bc44-465a-858c-8bfcd230590c
$S_\text{Ts-1}$,denormalized,$\mu_1$: NodeCount,194179.0,2026-04-28 23:02:12.945177334,memgraph,all,False,cd3ccf68-bc44-465a-858c-8bfcd230590c
$S_\text{Ts-1}$,denormalized,$\mu_2$: EdgeCount,1826601.0,2026-04-28 23:02:12.945177334,memgraph,all,False,cd3ccf68-bc44-465a-858c-8bfcd230590c
$S_\text{Ts-1}$,denormalized,$\mu_3$: AvgNodePropCount,6.983252565931434,2026-04-28 23:02:12.945177334,memgraph,all,False,cd3ccf68-bc44-465a-858c-8bfcd230590c
$S_\text{Ts-1}$,denormalized,$\mu_4$: AvgEdgePropCount,3.787838723399363,2026-04-28 23:02:12.945177334,memgraph,all,False,cd3ccf68-bc44-465a-858c-8bfcd230590c
$S_\text{Ts-1}$,all,$\mu_1$: NodeCount,3845579.0,2026-04-28 23:03:12.864359810,memgraph,all,False,cd3ccf68-bc44-465a-858c-8bfcd230590c
$S_\text{Ts-1}$,all,$\mu_2$: EdgeCount,5286216.0,2026-04-28 23:03:12.864359810,memgraph,all,False,cd3ccf68-bc44-465a-858c-8bfcd230590c
$S_\text{Ts-1}$,all,$\mu_3$: AvgNodePropCount,2.0998752073484903,2026-04-28 23:03:12.864359810,memgraph,all,False,cd3ccf68-bc44-465a-858c-8bfcd230590c
$S_\text{Ts-1}$,all,$\mu_4$: AvgEdgePropCount,0.0,2026-04-28 23:03:12.864359810,memgraph,all,False,cd3ccf68-bc44-465a-858c-8bfcd230590c
$S_\text{Ts-1}$,denormalized,$\mu_1$: NodeCount,194179.0,2026-04-28 23:06:03.472715056,memgraph,node-left,False,cd3ccf68-bc44-465a-858c-8bfcd230590c
$S_\text{Ts-1}$,denormalized,$\mu_2$: EdgeCount,1826601.0,2026-04-28 23:06:03.472715056,memgraph,node-left,False,cd3ccf68-bc44-465a-858c-8bfcd230590c
$S_\text{Ts-1}$,denormalized,$\mu_3$: AvgNodePropCount,6.983252565931434,2026-04-28 23:06:03.472715056,memgraph,node-left,False,cd3ccf68-bc44-465a-858c-8bfcd230590c
$S_\text{Ts-1}$,denormalized,$\mu_4$: AvgEdgePropCount,3.787838723399363,2026-04-28 23:06:03.472715056,memgraph,node-left,False,cd3ccf68-bc44-465a-858c-8bfcd230590c
$S_\text{Ts-1}$,node-left,$\mu_1$: NodeCount,579979.0,2026-04-28 23:06:23.993268305,memgraph,node-left,False,cd3ccf68-bc44-465a-858c-8bfcd230590c
$S_\text{Ts-1}$,node-left,$\mu_2$: EdgeCount,2214417.0,2026-04-28 23:06:23.993268305,memgraph,node-left,False,cd3ccf68-bc44-465a-858c-8bfcd230590c
$S_\text{Ts-1}$,node-left,$\mu_3$: AvgNodePropCount,2.9962619336217347,2026-04-28 23:06:23.993268305,memgraph,node-left,False,cd3ccf68-bc44-465a-858c-8bfcd230590c
$S_\text{Ts-1}$,node-left,$\mu_4$: AvgEdgePropCount,2.299598043186988,2026-04-28 23:06:23.993268305,memgraph,node-left,False,cd3ccf68-bc44-465a-858c-8bfcd230590c
$S_\text{Ts-1}$,denormalized,$\mu_1$: NodeCount,194179.0,2026-04-28 23:09:01.804281698,memgraph,edge-left,False,cd3ccf68-bc44-465a-858c-8bfcd230590c
$S_\text{Ts-1}$,denormalized,$\mu_2$: EdgeCount,1826601.0,2026-04-28 23:09:01.804281698,memgraph,edge-left,False,cd3ccf68-bc44-465a-858c-8bfcd230590c
$S_\text{Ts-1}$,denormalized,$\mu_3$: AvgNodePropCount,6.983252565931434,2026-04-28 23:09:01.804281698,memgraph,edge-left,False,cd3ccf68-bc44-465a-858c-8bfcd230590c
$S_\text{Ts-1}$,denormalized,$\mu_4$: AvgEdgePropCount,3.787838723399363,2026-04-28 23:09:01.804281698,memgraph,edge-left,False,cd3ccf68-bc44-465a-858c-8bfcd230590c
$S_\text{Ts-1}$,edge-left,$\mu_1$: NodeCount,3459779.0,2026-04-28 23:09:40.468177876,memgraph,edge-left,False,cd3ccf68-bc44-465a-858c-8bfcd230590c
$S_\text{Ts-1}$,edge-left,$\mu_2$: EdgeCount,4898400.0,2026-04-28 23:09:40.468177876,memgraph,edge-left,False,cd3ccf68-bc44-465a-858c-8bfcd230590c
$S_\text{Ts-1}$,edge-left,$\mu_3$: AvgNodePropCount,2.22368769797146,2026-04-28 23:09:40.468177876,memgraph,edge-left,False,cd3ccf68-bc44-465a-858c-8bfcd230590c
$S_\text{Ts-1}$,edge-left,$\mu_4$: AvgEdgePropCount,0.0,2026-04-28 23:09:40.468177876,memgraph,edge-left,False,cd3ccf68-bc44-465a-858c-8bfcd230590c
$S_\text{Ts-2}$,denormalized,$\mu_1$: NodeCount,194179.0,2026-04-28 23:12:26.524769120,memgraph,all,False,cd3ccf68-bc44-465a-858c-8bfcd230590c
$S_\text{Ts-2}$,denormalized,$\mu_2$: EdgeCount,1826601.0,2026-04-28 23:12:26.524769120,memgraph,all,False,cd3ccf68-bc44-465a-858c-8bfcd230590c
$S_\text{Ts-2}$,denormalized,$\mu_3$: AvgNodePropCount,6.983252565931434,2026-04-28 23:12:26.524769120,memgraph,all,False,cd3ccf68-bc44-465a-858c-8bfcd230590c
$S_\text{Ts-2}$,denormalized,$\mu_4$: AvgEdgePropCount,3.787838723399363,2026-04-28 23:12:26.524769120,memgraph,all,False,cd3ccf68-bc44-465a-858c-8bfcd230590c
$S_\text{Ts-2}$,all,$\mu_1$: NodeCount,5672180.0,2026-04-28 23:14:09.814441372,memgraph,all,False,cd3ccf68-bc44-465a-858c-8bfcd230590c
$S_\text{Ts-2}$,all,$\mu_2$: EdgeCount,10766019.0,2026-04-28 23:14:09.814441372,memgraph,all,False,cd3ccf68-bc44-465a-858c-8bfcd230590c
$S_\text{Ts-2}$,all,$\mu_3$: AvgNodePropCount,2.3214187490523925,2026-04-28 23:14:09.814441372,memgraph,all,False,cd3ccf68-bc44-465a-858c-8bfcd230590c
$S_\text{Ts-2}$,all,$\mu_4$: AvgEdgePropCount,0.0,2026-04-28 23:14:09.814441372,memgraph,all,False,cd3ccf68-bc44-465a-858c-8bfcd230590c
$S_\text{Ts-2}$,denormalized,$\mu_1$: NodeCount,194179.0,2026-04-28 23:17:16.137678371,memgraph,node-left,False,cd3ccf68-bc44-465a-858c-8bfcd230590c
$S_\text{Ts-2}$,denormalized,$\mu_2$: EdgeCount,1826601.0,2026-04-28 23:17:16.137678371,memgraph,node-left,False,cd3ccf68-bc44-465a-858c-8bfcd230590c
$S_\text{Ts-2}$,denormalized,$\mu_3$: AvgNodePropCount,6.983252565931434,2026-04-28 23:17:16.137678371,memgraph,node-left,False,cd3ccf68-bc44-465a-858c-8bfcd230590c
$S_\text{Ts-2}$,denormalized,$\mu_4$: AvgEdgePropCount,3.787838723399363,2026-04-28 23:17:16.137678371,memgraph,node-left,False,cd3ccf68-bc44-465a-858c-8bfcd230590c
$S_\text{Ts-2}$,node-left,$\mu_1$: NodeCount,579979.0,2026-04-28 23:17:35.599135353,memgraph,node-left,False,cd3ccf68-bc44-465a-858c-8bfcd230590c
$S_\text{Ts-2}$,node-left,$\mu_2$: EdgeCount,2214417.0,2026-04-28 23:17:35.599135353,memgraph,node-left,False,cd3ccf68-bc44-465a-858c-8bfcd230590c
$S_\text{Ts-2}$,node-left,$\mu_3$: AvgNodePropCount,2.9962619336217347,2026-04-28 23:17:35.599135353,memgraph,node-left,False,cd3ccf68-bc44-465a-858c-8bfcd230590c
$S_\text{Ts-2}$,node-left,$\mu_4$: AvgEdgePropCount,2.299598043186988,2026-04-28 23:17:35.599135353,memgraph,node-left,False,cd3ccf68-bc44-465a-858c-8bfcd230590c
$S_\text{Ts-2}$,denormalized,$\mu_1$: NodeCount,194179.0,2026-04-28 23:20:12.201022595,memgraph,edge-left,False,cd3ccf68-bc44-465a-858c-8bfcd230590c
$S_\text{Ts-2}$,denormalized,$\mu_2$: EdgeCount,1826601.0,2026-04-28 23:20:12.201022595,memgraph,edge-left,False,cd3ccf68-bc44-465a-858c-8bfcd230590c
$S_\text{Ts-2}$,denormalized,$\mu_3$: AvgNodePropCount,6.983252565931434,2026-04-28 23:20:12.201022595,memgraph,edge-left,False,cd3ccf68-bc44-465a-858c-8bfcd230590c
$S_\text{Ts-2}$,denormalized,$\mu_4$: AvgEdgePropCount,3.787838723399363,2026-04-28 23:20:12.201022595,memgraph,edge-left,False,cd3ccf68-bc44-465a-858c-8bfcd230590c
$S_\text{Ts-2}$,edge-left,$\mu_1$: NodeCount,5286922.0,2026-04-28 23:21:33.937207584,memgraph,edge-left,False,cd3ccf68-bc44-465a-858c-8bfcd230590c
$S_\text{Ts-2}$,edge-left,$\mu_2$: EdgeCount,10378203.0,2026-04-28 23:21:33.937207584,memgraph,edge-left,False,cd3ccf68-bc44-465a-858c-8bfcd230590c
$S_\text{Ts-2}$,edge-left,$\mu_3$: AvgNodePropCount,2.4184731683198657,2026-04-28 23:21:33.937207584,memgraph,edge-left,False,cd3ccf68-bc44-465a-858c-8bfcd230590c
$S_\text{Ts-2}$,edge-left,$\mu_4$: AvgEdgePropCount,0.0,2026-04-28 23:21:33.937207584,memgraph,edge-left,False,cd3ccf68-bc44-465a-858c-8bfcd230590c
$S_\text{Off-1}$,denormalized,$\mu_1$: NodeCount,2016523.0,2026-04-28 23:28:02.531065315,memgraph,all,False,cd3ccf68-bc44-465a-858c-8bfcd230590c
$S_\text{Off-1}$,denormalized,$\mu_2$: EdgeCount,3339267.0,2026-04-28 23:28:02.531065315,memgraph,all,False,cd3ccf68-bc44-465a-858c-8bfcd230590c
$S_\text{Off-1}$,denormalized,$\mu_3$: AvgNodePropCount,9.86189297121828,2026-04-28 23:28:02.531065315,memgraph,all,False,cd3ccf68-bc44-465a-858c-8bfcd230590c
$S_\text{Off-1}$,denormalized,$\mu_4$: AvgEdgePropCount,3.2509934066368458,2026-04-28 23:28:02.531065315,memgraph,all,False,cd3ccf68-bc44-465a-858c-8bfcd230590c
$S_\text{Off-1}$,all,$\mu_1$: NodeCount,2017381.0,2026-04-28 23:28:11.839552118,memgraph,all,False,cd3ccf68-bc44-465a-858c-8bfcd230590c
$S_\text{Off-1}$,all,$\mu_2$: EdgeCount,3681864.0,2026-04-28 23:28:11.839552118,memgraph,all,False,cd3ccf68-bc44-465a-858c-8bfcd230590c
$S_\text{Off-1}$,all,$\mu_3$: AvgNodePropCount,9.518903965091374,2026-04-28 23:28:11.839552118,memgraph,all,False,cd3ccf68-bc44-465a-858c-8bfcd230590c
$S_\text{Off-1}$,all,$\mu_4$: AvgEdgePropCount,2.9484888632497017,2026-04-28 23:28:11.839552118,memgraph,all,False,cd3ccf68-bc44-465a-858c-8bfcd230590c
$S_\text{Off-1}$,denormalized,$\mu_1$: NodeCount,2016523.0,2026-04-28 23:34:43.600226729,memgraph,node-left,False,cd3ccf68-bc44-465a-858c-8bfcd230590c
$S_\text{Off-1}$,denormalized,$\mu_2$: EdgeCount,3339267.0,2026-04-28 23:34:43.600226729,memgraph,node-left,False,cd3ccf68-bc44-465a-858c-8bfcd230590c
$S_\text{Off-1}$,denormalized,$\mu_3$: AvgNodePropCount,9.86189297121828,2026-04-28 23:34:43.600226729,memgraph,node-left,False,cd3ccf68-bc44-465a-858c-8bfcd230590c
$S_\text{Off-1}$,denormalized,$\mu_4$: AvgEdgePropCount,3.2509934066368458,2026-04-28 23:34:43.600226729,memgraph,node-left,False,cd3ccf68-bc44-465a-858c-8bfcd230590c
$S_\text{Off-1}$,node-left,$\mu_1$: NodeCount,2017381.0,2026-04-28 23:34:51.861028905,memgraph,node-left,False,cd3ccf68-bc44-465a-858c-8bfcd230590c
$S_\text{Off-1}$,node-left,$\mu_2$: EdgeCount,3681864.0,2026-04-28 23:34:51.861028905,memgraph,node-left,False,cd3ccf68-bc44-465a-858c-8bfcd230590c
$S_\text{Off-1}$,node-left,$\mu_3$: AvgNodePropCount,9.518903965091374,2026-04-28 23:34:51.861028905,memgraph,node-left,False,cd3ccf68-bc44-465a-858c-8bfcd230590c
$S_\text{Off-1}$,node-left,$\mu_4$: AvgEdgePropCount,2.9484888632497017,2026-04-28 23:34:51.861028905,memgraph,node-left,False,cd3ccf68-bc44-465a-858c-8bfcd230590c
$S_\text{Off-1}$,denormalized,$\mu_1$: NodeCount,2016523.0,2026-04-28 23:41:16.753087525,memgraph,edge-left,False,cd3ccf68-bc44-465a-858c-8bfcd230590c
$S_\text{Off-1}$,denormalized,$\mu_2$: EdgeCount,3339267.0,2026-04-28 23:41:16.753087525,memgraph,edge-left,False,cd3ccf68-bc44-465a-858c-8bfcd230590c
$S_\text{Off-1}$,denormalized,$\mu_3$: AvgNodePropCount,9.86189297121828,2026-04-28 23:41:16.753087525,memgraph,edge-left,False,cd3ccf68-bc44-465a-858c-8bfcd230590c
$S_\text{Off-1}$,denormalized,$\mu_4$: AvgEdgePropCount,3.2509934066368458,2026-04-28 23:41:16.753087525,memgraph,edge-left,False,cd3ccf68-bc44-465a-858c-8bfcd230590c
$S_\text{Off-1}$,edge-left,$\mu_1$: NodeCount,2016523.0,2026-04-28 23:41:16.754873010,memgraph,edge-left,False,cd3ccf68-bc44-465a-858c-8bfcd230590c
$S_\text{Off-1}$,edge-left,$\mu_2$: EdgeCount,3339267.0,2026-04-28 23:41:16.754873010,memgraph,edge-left,False,cd3ccf68-bc44-465a-858c-8bfcd230590c
$S_\text{Off-1}$,edge-left,$\mu_3$: AvgNodePropCount,9.86189297121828,2026-04-28 23:41:16.754873010,memgraph,edge-left,False,cd3ccf68-bc44-465a-858c-8bfcd230590c
$S_\text{Off-1}$,edge-left,$\mu_4$: AvgEdgePropCount,3.2509934066368458,2026-04-28 23:41:16.754873010,memgraph,edge-left,False,cd3ccf68-bc44-465a-858c-8bfcd230590c
$S_\text{Off-2}$,denormalized,$\mu_1$: NodeCount,2016523.0,2026-04-28 23:47:55.828451242,memgraph,all,False,cd3ccf68-bc44-465a-858c-8bfcd230590c
$S_\text{Off-2}$,denormalized,$\mu_2$: EdgeCount,3339267.0,2026-04-28 23:47:55.828451242,memgraph,all,False,cd3ccf68-bc44-465a-858c-8bfcd230590c
$S_\text{Off-2}$,denormalized,$\mu_3$: AvgNodePropCount,9.86189297121828,2026-04-28 23:47:55.828451242,memgraph,all,False,cd3ccf68-bc44-465a-858c-8bfcd230590c
$S_\text{Off-2}$,denormalized,$\mu_4$: AvgEdgePropCount,3.2509934066368458,2026-04-28 23:47:55.828451242,memgraph,all,False,cd3ccf68-bc44-465a-858c-8bfcd230590c
$S_\text{Off-2}$,all,$\mu_1$: NodeCount,2021602.0,2026-04-28 23:48:29.143552662,memgraph,all,False,cd3ccf68-bc44-465a-858c-8bfcd230590c
$S_\text{Off-2}$,all,$\mu_2$: EdgeCount,4854231.0,2026-04-28 23:48:29.143552662,memgraph,all,False,cd3ccf68-bc44-465a-858c-8bfcd230590c
$S_\text{Off-2}$,all,$\mu_3$: AvgNodePropCount,8.595673629131747,2026-04-28 23:48:29.143552662,memgraph,all,False,cd3ccf68-bc44-465a-858c-8bfcd230590c
$S_\text{Off-2}$,all,$\mu_4$: AvgEdgePropCount,2.236386154676199,2026-04-28 23:48:29.143552662,memgraph,all,False,cd3ccf68-bc44-465a-858c-8bfcd230590c
$S_\text{Off-2}$,denormalized,$\mu_1$: NodeCount,2016523.0,2026-04-28 23:55:05.248455047,memgraph,node-left,False,cd3ccf68-bc44-465a-858c-8bfcd230590c
$S_\text{Off-2}$,denormalized,$\mu_2$: EdgeCount,3339267.0,2026-04-28 23:55:05.248455047,memgraph,node-left,False,cd3ccf68-bc44-465a-858c-8bfcd230590c
$S_\text{Off-2}$,denormalized,$\mu_3$: AvgNodePropCount,9.86189297121828,2026-04-28 23:55:05.248455047,memgraph,node-left,False,cd3ccf68-bc44-465a-858c-8bfcd230590c
$S_\text{Off-2}$,denormalized,$\mu_4$: AvgEdgePropCount,3.2509934066368458,2026-04-28 23:55:05.248455047,memgraph,node-left,False,cd3ccf68-bc44-465a-858c-8bfcd230590c
$S_\text{Off-2}$,node-left,$\mu_1$: NodeCount,2021602.0,2026-04-28 23:55:42.151873270,memgraph,node-left,False,cd3ccf68-bc44-465a-858c-8bfcd230590c
$S_\text{Off-2}$,node-left,$\mu_2$: EdgeCount,4854231.0,2026-04-28 23:55:42.151873270,memgraph,node-left,False,cd3ccf68-bc44-465a-858c-8bfcd230590c
$S_\text{Off-2}$,node-left,$\mu_3$: AvgNodePropCount,8.595673629131747,2026-04-28 23:55:42.151873270,memgraph,node-left,False,cd3ccf68-bc44-465a-858c-8bfcd230590c
$S_\text{Off-2}$,node-left,$\mu_4$: AvgEdgePropCount,2.236386154676199,2026-04-28 23:55:42.151873270,memgraph,node-left,False,cd3ccf68-bc44-465a-858c-8bfcd230590c
$S_\text{Off-2}$,denormalized,$\mu_1$: NodeCount,2016523.0,2026-04-29 00:02:18.590659108,memgraph,edge-left,False,cd3ccf68-bc44-465a-858c-8bfcd230590c
$S_\text{Off-2}$,denormalized,$\mu_2$: EdgeCount,3339267.0,2026-04-29 00:02:18.590659108,memgraph,edge-left,False,cd3ccf68-bc44-465a-858c-8bfcd230590c
$S_\text{Off-2}$,denormalized,$\mu_3$: AvgNodePropCount,9.86189297121828,2026-04-29 00:02:18.590659108,memgraph,edge-left,False,cd3ccf68-bc44-465a-858c-8bfcd230590c
$S_\text{Off-2}$,denormalized,$\mu_4$: AvgEdgePropCount,3.2509934066368458,2026-04-29 00:02:18.590659108,memgraph,edge-left,False,cd3ccf68-bc44-465a-858c-8bfcd230590c
$S_\text{Off-2}$,edge-left,$\mu_1$: NodeCount,2016523.0,2026-04-29 00:02:18.592375990,memgraph,edge-left,False,cd3ccf68-bc44-465a-858c-8bfcd230590c
$S_\text{Off-2}$,edge-left,$\mu_2$: EdgeCount,3339267.0,2026-04-29 00:02:18.592375990,memgraph,edge-left,False,cd3ccf68-bc44-465a-858c-8bfcd230590c
$S_\text{Off-2}$,edge-left,$\mu_3$: AvgNodePropCount,9.86189297121828,2026-04-29 00:02:18.592375990,memgraph,edge-left,False,cd3ccf68-bc44-465a-858c-8bfcd230590c
$S_\text{Off-2}$,edge-left,$\mu_4$: AvgEdgePropCount,3.2509934066368458,2026-04-29 00:02:18.592375990,memgraph,edge-left,False,cd3ccf68-bc44-465a-858c-8bfcd230590c
$S_\text{Off-3}$,denormalized,$\mu_1$: NodeCount,2016523.0,2026-04-29 00:09:20.128637812,memgraph,all,False,cd3ccf68-bc44-465a-858c-8bfcd230590c
$S_\text{Off-3}$,denormalized,$\mu_2$: EdgeCount,3339267.0,2026-04-29 00:09:20.128637812,memgraph,all,False,cd3ccf68-bc44-465a-858c-8bfcd230590c
$S_\text{Off-3}$,denormalized,$\mu_3$: AvgNodePropCount,9.86189297121828,2026-04-29 00:09:20.128637812,memgraph,all,False,cd3ccf68-bc44-465a-858c-8bfcd230590c
$S_\text{Off-3}$,denormalized,$\mu_4$: AvgEdgePropCount,3.2509934066368458,2026-04-29 00:09:20.128637812,memgraph,all,False,cd3ccf68-bc44-465a-858c-8bfcd230590c
$S_\text{Off-3}$,all,$\mu_1$: NodeCount,2017388.0,2026-04-29 00:09:46.448230504,memgraph,all,False,cd3ccf68-bc44-465a-858c-8bfcd230590c
$S_\text{Off-3}$,all,$\mu_2$: EdgeCount,4367058.0,2026-04-29 00:09:46.448230504,memgraph,all,False,cd3ccf68-bc44-465a-858c-8bfcd230590c
$S_\text{Off-3}$,all,$\mu_3$: AvgNodePropCount,9.009411674898432,2026-04-29 00:09:46.448230504,memgraph,all,False,cd3ccf68-bc44-465a-858c-8bfcd230590c
$S_\text{Off-3}$,all,$\mu_4$: AvgEdgePropCount,2.485869205309387,2026-04-29 00:09:46.448230504,memgraph,all,False,cd3ccf68-bc44-465a-858c-8bfcd230590c
$S_\text{Off-3}$,denormalized,$\mu_1$: NodeCount,2016523.0,2026-04-29 00:16:37.574899916,memgraph,node-left,False,cd3ccf68-bc44-465a-858c-8bfcd230590c
$S_\text{Off-3}$,denormalized,$\mu_2$: EdgeCount,3339267.0,2026-04-29 00:16:37.574899916,memgraph,node-left,False,cd3ccf68-bc44-465a-858c-8bfcd230590c
$S_\text{Off-3}$,denormalized,$\mu_3$: AvgNodePropCount,9.86189297121828,2026-04-29 00:16:37.574899916,memgraph,node-left,False,cd3ccf68-bc44-465a-858c-8bfcd230590c
$S_\text{Off-3}$,denormalized,$\mu_4$: AvgEdgePropCount,3.2509934066368458,2026-04-29 00:16:37.574899916,memgraph,node-left,False,cd3ccf68-bc44-465a-858c-8bfcd230590c
$S_\text{Off-3}$,node-left,$\mu_1$: NodeCount,2017388.0,2026-04-29 00:17:01.177121169,memgraph,node-left,False,cd3ccf68-bc44-465a-858c-8bfcd230590c
$S_\text{Off-3}$,node-left,$\mu_2$: EdgeCount,4367058.0,2026-04-29 00:17:01.177121169,memgraph,node-left,False,cd3ccf68-bc44-465a-858c-8bfcd230590c
$S_\text{Off-3}$,node-left,$\mu_3$: AvgNodePropCount,9.009411674898432,2026-04-29 00:17:01.177121169,memgraph,node-left,False,cd3ccf68-bc44-465a-858c-8bfcd230590c
$S_\text{Off-3}$,node-left,$\mu_4$: AvgEdgePropCount,2.485869205309387,2026-04-29 00:17:01.177121169,memgraph,node-left,False,cd3ccf68-bc44-465a-858c-8bfcd230590c
$S_\text{Off-3}$,denormalized,$\mu_1$: NodeCount,2016523.0,2026-04-29 00:23:41.699570446,memgraph,edge-left,False,cd3ccf68-bc44-465a-858c-8bfcd230590c
$S_\text{Off-3}$,denormalized,$\mu_2$: EdgeCount,3339267.0,2026-04-29 00:23:41.699570446,memgraph,edge-left,False,cd3ccf68-bc44-465a-858c-8bfcd230590c
$S_\text{Off-3}$,denormalized,$\mu_3$: AvgNodePropCount,9.86189297121828,2026-04-29 00:23:41.699570446,memgraph,edge-left,False,cd3ccf68-bc44-465a-858c-8bfcd230590c
$S_\text{Off-3}$,denormalized,$\mu_4$: AvgEdgePropCount,3.2509934066368458,2026-04-29 00:23:41.699570446,memgraph,edge-left,False,cd3ccf68-bc44-465a-858c-8bfcd230590c
$S_\text{Off-3}$,edge-left,$\mu_1$: NodeCount,2016523.0,2026-04-29 00:23:41.700472467,memgraph,edge-left,False,cd3ccf68-bc44-465a-858c-8bfcd230590c
$S_\text{Off-3}$,edge-left,$\mu_2$: EdgeCount,3339267.0,2026-04-29 00:23:41.700472467,memgraph,edge-left,False,cd3ccf68-bc44-465a-858c-8bfcd230590c
$S_\text{Off-3}$,edge-left,$\mu_3$: AvgNodePropCount,9.86189297121828,2026-04-29 00:23:41.700472467,memgraph,edge-left,False,cd3ccf68-bc44-465a-858c-8bfcd230590c
$S_\text{Off-3}$,edge-left,$\mu_4$: AvgEdgePropCount,3.2509934066368458,2026-04-29 00:23:41.700472467,memgraph,edge-left,False,cd3ccf68-bc44-465a-858c-8bfcd230590c
$S_\text{Uni-1}$,denormalized,$\mu_1$: NodeCount,4.0,2026-04-29 00:24:02.682388467,memgraph,all,False,cd3ccf68-bc44-465a-858c-8bfcd230590c
$S_\text{Uni-1}$,denormalized,$\mu_2$: EdgeCount,3.0,2026-04-29 00:24:02.682388467,memgraph,all,False,cd3ccf68-bc44-465a-858c-8bfcd230590c
$S_\text{Uni-1}$,denormalized,$\mu_3$: AvgNodePropCount,1.25,2026-04-29 00:24:02.682388467,memgraph,all,False,cd3ccf68-bc44-465a-858c-8bfcd230590c
$S_\text{Uni-1}$,denormalized,$\mu_4$: AvgEdgePropCount,2.0,2026-04-29 00:24:02.682388467,memgraph,all,False,cd3ccf68-bc44-465a-858c-8bfcd230590c
$S_\text{Uni-1}$,all,$\mu_1$: NodeCount,4.0,2026-04-29 00:24:02.691583200,memgraph,all,False,cd3ccf68-bc44-465a-858c-8bfcd230590c
$S_\text{Uni-1}$,all,$\mu_2$: EdgeCount,3.0,2026-04-29 00:24:02.691583200,memgraph,all,False,cd3ccf68-bc44-465a-858c-8bfcd230590c
$S_\text{Uni-1}$,all,$\mu_3$: AvgNodePropCount,1.5,2026-04-29 00:24:02.691583200,memgraph,all,False,cd3ccf68-bc44-465a-858c-8bfcd230590c
$S_\text{Uni-1}$,all,$\mu_4$: AvgEdgePropCount,1.0,2026-04-29 00:24:02.691583200,memgraph,all,False,cd3ccf68-bc44-465a-858c-8bfcd230590c
$S_\text{Uni-1}$,denormalized,$\mu_1$: NodeCount,4.0,2026-04-29 00:24:03.120621038,memgraph,node-left,False,cd3ccf68-bc44-465a-858c-8bfcd230590c
$S_\text{Uni-1}$,denormalized,$\mu_2$: EdgeCount,3.0,2026-04-29 00:24:03.120621038,memgraph,node-left,False,cd3ccf68-bc44-465a-858c-8bfcd230590c
$S_\text{Uni-1}$,denormalized,$\mu_3$: AvgNodePropCount,1.25,2026-04-29 00:24:03.120621038,memgraph,node-left,False,cd3ccf68-bc44-465a-858c-8bfcd230590c
$S_\text{Uni-1}$,denormalized,$\mu_4$: AvgEdgePropCount,2.0,2026-04-29 00:24:03.120621038,memgraph,node-left,False,cd3ccf68-bc44-465a-858c-8bfcd230590c
$S_\text{Uni-1}$,node-left,$\mu_1$: NodeCount,4.0,2026-04-29 00:24:03.129276303,memgraph,node-left,False,cd3ccf68-bc44-465a-858c-8bfcd230590c
$S_\text{Uni-1}$,node-left,$\mu_2$: EdgeCount,3.0,2026-04-29 00:24:03.129276303,memgraph,node-left,False,cd3ccf68-bc44-465a-858c-8bfcd230590c
$S_\text{Uni-1}$,node-left,$\mu_3$: AvgNodePropCount,1.5,2026-04-29 00:24:03.129276303,memgraph,node-left,False,cd3ccf68-bc44-465a-858c-8bfcd230590c
$S_\text{Uni-1}$,node-left,$\mu_4$: AvgEdgePropCount,1.0,2026-04-29 00:24:03.129276303,memgraph,node-left,False,cd3ccf68-bc44-465a-858c-8bfcd230590c
$S_\text{Uni-1}$,denormalized,$\mu_1$: NodeCount,4.0,2026-04-29 00:24:03.824322619,memgraph,edge-left,False,cd3ccf68-bc44-465a-858c-8bfcd230590c
$S_\text{Uni-1}$,denormalized,$\mu_2$: EdgeCount,3.0,2026-04-29 00:24:03.824322619,memgraph,edge-left,False,cd3ccf68-bc44-465a-858c-8bfcd230590c
$S_\text{Uni-1}$,denormalized,$\mu_3$: AvgNodePropCount,1.25,2026-04-29 00:24:03.824322619,memgraph,edge-left,False,cd3ccf68-bc44-465a-858c-8bfcd230590c
$S_\text{Uni-1}$,denormalized,$\mu_4$: AvgEdgePropCount,2.0,2026-04-29 00:24:03.824322619,memgraph,edge-left,False,cd3ccf68-bc44-465a-858c-8bfcd230590c
$S_\text{Uni-1}$,edge-left,$\mu_1$: NodeCount,4.0,2026-04-29 00:24:03.826119541,memgraph,edge-left,False,cd3ccf68-bc44-465a-858c-8bfcd230590c
$S_\text{Uni-1}$,edge-left,$\mu_2$: EdgeCount,3.0,2026-04-29 00:24:03.826119541,memgraph,edge-left,False,cd3ccf68-bc44-465a-858c-8bfcd230590c
$S_\text{Uni-1}$,edge-left,$\mu_3$: AvgNodePropCount,1.25,2026-04-29 00:24:03.826119541,memgraph,edge-left,False,cd3ccf68-bc44-465a-858c-8bfcd230590c
$S_\text{Uni-1}$,edge-left,$\mu_4$: AvgEdgePropCount,2.0,2026-04-29 00:24:03.826119541,memgraph,edge-left,False,cd3ccf68-bc44-465a-858c-8bfcd230590c
$S_\text{Uni-2}$,denormalized,$\mu_1$: NodeCount,4.0,2026-04-29 00:24:04.559501985,memgraph,all,False,cd3ccf68-bc44-465a-858c-8bfcd230590c
$S_\text{Uni-2}$,denormalized,$\mu_2$: EdgeCount,3.0,2026-04-29 00:24:04.559501985,memgraph,all,False,cd3ccf68-bc44-465a-858c-8bfcd230590c
$S_\text{Uni-2}$,denormalized,$\mu_3$: AvgNodePropCount,1.25,2026-04-29 00:24:04.559501985,memgraph,all,False,cd3ccf68-bc44-465a-858c-8bfcd230590c
$S_\text{Uni-2}$,denormalized,$\mu_4$: AvgEdgePropCount,2.0,2026-04-29 00:24:04.559501985,memgraph,all,False,cd3ccf68-bc44-465a-858c-8bfcd230590c
$S_\text{Uni-2}$,all,$\mu_1$: NodeCount,5.0,2026-04-29 00:24:04.571716322,memgraph,all,False,cd3ccf68-bc44-465a-858c-8bfcd230590c
$S_\text{Uni-2}$,all,$\mu_2$: EdgeCount,4.0,2026-04-29 00:24:04.571716322,memgraph,all,False,cd3ccf68-bc44-465a-858c-8bfcd230590c
$S_\text{Uni-2}$,all,$\mu_3$: AvgNodePropCount,1.2,2026-04-29 00:24:04.571716322,memgraph,all,False,cd3ccf68-bc44-465a-858c-8bfcd230590c
$S_\text{Uni-2}$,all,$\mu_4$: AvgEdgePropCount,0.75,2026-04-29 00:24:04.571716322,memgraph,all,False,cd3ccf68-bc44-465a-858c-8bfcd230590c
$S_\text{Uni-2}$,denormalized,$\mu_1$: NodeCount,4.0,2026-04-29 00:24:05.231664282,memgraph,node-left,False,cd3ccf68-bc44-465a-858c-8bfcd230590c
$S_\text{Uni-2}$,denormalized,$\mu_2$: EdgeCount,3.0,2026-04-29 00:24:05.231664282,memgraph,node-left,False,cd3ccf68-bc44-465a-858c-8bfcd230590c
$S_\text{Uni-2}$,denormalized,$\mu_3$: AvgNodePropCount,1.25,2026-04-29 00:24:05.231664282,memgraph,node-left,False,cd3ccf68-bc44-465a-858c-8bfcd230590c
$S_\text{Uni-2}$,denormalized,$\mu_4$: AvgEdgePropCount,2.0,2026-04-29 00:24:05.231664282,memgraph,node-left,False,cd3ccf68-bc44-465a-858c-8bfcd230590c
$S_\text{Uni-2}$,node-left,$\mu_1$: NodeCount,5.0,2026-04-29 00:24:05.238825459,memgraph,node-left,False,cd3ccf68-bc44-465a-858c-8bfcd230590c
$S_\text{Uni-2}$,node-left,$\mu_2$: EdgeCount,4.0,2026-04-29 00:24:05.238825459,memgraph,node-left,False,cd3ccf68-bc44-465a-858c-8bfcd230590c
$S_\text{Uni-2}$,node-left,$\mu_3$: AvgNodePropCount,1.2,2026-04-29 00:24:05.238825459,memgraph,node-left,False,cd3ccf68-bc44-465a-858c-8bfcd230590c
$S_\text{Uni-2}$,node-left,$\mu_4$: AvgEdgePropCount,0.75,2026-04-29 00:24:05.238825459,memgraph,node-left,False,cd3ccf68-bc44-465a-858c-8bfcd230590c
$S_\text{Uni-2}$,denormalized,$\mu_1$: NodeCount,4.0,2026-04-29 00:24:05.921268937,memgraph,edge-left,False,cd3ccf68-bc44-465a-858c-8bfcd230590c
$S_\text{Uni-2}$,denormalized,$\mu_2$: EdgeCount,3.0,2026-04-29 00:24:05.921268937,memgraph,edge-left,False,cd3ccf68-bc44-465a-858c-8bfcd230590c
$S_\text{Uni-2}$,denormalized,$\mu_3$: AvgNodePropCount,1.25,2026-04-29 00:24:05.921268937,memgraph,edge-left,False,cd3ccf68-bc44-465a-858c-8bfcd230590c
$S_\text{Uni-2}$,denormalized,$\mu_4$: AvgEdgePropCount,2.0,2026-04-29 00:24:05.921268937,memgraph,edge-left,False,cd3ccf68-bc44-465a-858c-8bfcd230590c
$S_\text{Uni-2}$,edge-left,$\mu_1$: NodeCount,4.0,2026-04-29 00:24:05.922299991,memgraph,edge-left,False,cd3ccf68-bc44-465a-858c-8bfcd230590c
$S_\text{Uni-2}$,edge-left,$\mu_2$: EdgeCount,3.0,2026-04-29 00:24:05.922299991,memgraph,edge-left,False,cd3ccf68-bc44-465a-858c-8bfcd230590c
$S_\text{Uni-2}$,edge-left,$\mu_3$: AvgNodePropCount,1.25,2026-04-29 00:24:05.922299991,memgraph,edge-left,False,cd3ccf68-bc44-465a-858c-8bfcd230590c
$S_\text{Uni-2}$,edge-left,$\mu_4$: AvgEdgePropCount,2.0,2026-04-29 00:24:05.922299991,memgraph,edge-left,False,cd3ccf68-bc44-465a-858c-8bfcd230590c
$S_\text{No-1}$,denormalized,$\mu_1$: NodeCount,3.0,2026-05-01 15:40:41.655393360,memgraph,all,False,b3b45123-e0f1-490f-9432-465ec5db35da
$S_\text{No-1}$,denormalized,$\mu_2$: EdgeCount,2.0,2026-05-01 15:40:41.655393360,memgraph,all,False,b3b45123-e0f1-490f-9432-465ec5db35da
$S_\text{No-1}$,denormalized,$\mu_3$: AvgNodePropCount,3.3333333333333335,2026-05-01 15:40:41.655393360,memgraph,all,False,b3b45123-e0f1-490f-9432-465ec5db35da
$S_\text{No-1}$,denormalized,$\mu_4$: AvgEdgePropCount,0.0,2026-05-01 15:40:41.655393360,memgraph,all,False,b3b45123-e0f1-490f-9432-465ec5db35da
$S_\text{No-1}$,all,$\mu_1$: NodeCount,6.0,2026-05-01 15:40:41.678175082,memgraph,all,False,b3b45123-e0f1-490f-9432-465ec5db35da
$S_\text{No-1}$,all,$\mu_2$: EdgeCount,6.0,2026-05-01 15:40:41.678175082,memgraph,all,False,b3b45123-e0f1-490f-9432-465ec5db35da
$S_\text{No-1}$,all,$\mu_3$: AvgNodePropCount,1.6666666666666667,2026-05-01 15:40:41.678175082,memgraph,all,False,b3b45123-e0f1-490f-9432-465ec5db35da
$S_\text{No-1}$,all,$\mu_4$: AvgEdgePropCount,0.0,2026-05-01 15:40:41.678175082,memgraph,all,False,b3b45123-e0f1-490f-9432-465ec5db35da
$S_\text{No-1}$,denormalized,$\mu_1$: NodeCount,3.0,2026-05-01 15:40:42.341727272,memgraph,node-left,False,b3b45123-e0f1-490f-9432-465ec5db35da
$S_\text{No-1}$,denormalized,$\mu_2$: EdgeCount,2.0,2026-05-01 15:40:42.341727272,memgraph,node-left,False,b3b45123-e0f1-490f-9432-465ec5db35da
$S_\text{No-1}$,denormalized,$\mu_3$: AvgNodePropCount,3.3333333333333335,2026-05-01 15:40:42.341727272,memgraph,node-left,False,b3b45123-e0f1-490f-9432-465ec5db35da
$S_\text{No-1}$,denormalized,$\mu_4$: AvgEdgePropCount,0.0,2026-05-01 15:40:42.341727272,memgraph,node-left,False,b3b45123-e0f1-490f-9432-465ec5db35da
$S_\text{No-1}$,node-left,$\mu_1$: NodeCount,6.0,2026-05-01 15:40:42.366200307,memgraph,node-left,False,b3b45123-e0f1-490f-9432-465ec5db35da
$S_\text{No-1}$,node-left,$\mu_2$: EdgeCount,6.0,2026-05-01 15:40:42.366200307,memgraph,node-left,False,b3b45123-e0f1-490f-9432-465ec5db35da
$S_\text{No-1}$,node-left,$\mu_3$: AvgNodePropCount,1.6666666666666667,2026-05-01 15:40:42.366200307,memgraph,node-left,False,b3b45123-e0f1-490f-9432-465ec5db35da
$S_\text{No-1}$,node-left,$\mu_4$: AvgEdgePropCount,0.0,2026-05-01 15:40:42.366200307,memgraph,node-left,False,b3b45123-e0f1-490f-9432-465ec5db35da
$S_\text{No-1}$,denormalized,$\mu_1$: NodeCount,3.0,2026-05-01 15:40:43.047756583,memgraph,edge-left,False,b3b45123-e0f1-490f-9432-465ec5db35da
$S_\text{No-1}$,denormalized,$\mu_2$: EdgeCount,2.0,2026-05-01 15:40:43.047756583,memgraph,edge-left,False,b3b45123-e0f1-490f-9432-465ec5db35da
$S_\text{No-1}$,denormalized,$\mu_3$: AvgNodePropCount,3.3333333333333335,2026-05-01 15:40:43.047756583,memgraph,edge-left,False,b3b45123-e0f1-490f-9432-465ec5db35da
$S_\text{No-1}$,denormalized,$\mu_4$: AvgEdgePropCount,0.0,2026-05-01 15:40:43.047756583,memgraph,edge-left,False,b3b45123-e0f1-490f-9432-465ec5db35da
$S_\text{No-1}$,edge-left,$\mu_1$: NodeCount,3.0,2026-05-01 15:40:43.049044522,memgraph,edge-left,False,b3b45123-e0f1-490f-9432-465ec5db35da
$S_\text{No-1}$,edge-left,$\mu_2$: EdgeCount,2.0,2026-05-01 15:40:43.049044522,memgraph,edge-left,False,b3b45123-e0f1-490f-9432-465ec5db35da
$S_\text{No-1}$,edge-left,$\mu_3$: AvgNodePropCount,3.3333333333333335,2026-05-01 15:40:43.049044522,memgraph,edge-left,False,b3b45123-e0f1-490f-9432-465ec5db35da
$S_\text{No-1}$,edge-left,$\mu_4$: AvgEdgePropCount,0.0,2026-05-01 15:40:43.049044522,memgraph,edge-left,False,b3b45123-e0f1-490f-9432-465ec5db35da
$S_\text{No-2}$,denormalized,$\mu_1$: NodeCount,3.0,2026-05-01 15:40:43.695463030,memgraph,all,False,b3b45123-e0f1-490f-9432-465ec5db35da
$S_\text{No-2}$,denormalized,$\mu_2$: EdgeCount,2.0,2026-05-01 15:40:43.695463030,memgraph,all,False,b3b45123-e0f1-490f-9432-465ec5db35da
$S_\text{No-2}$,denormalized,$\mu_3$: AvgNodePropCount,3.3333333333333335,2026-05-01 15:40:43.695463030,memgraph,all,False,b3b45123-e0f1-490f-9432-465ec5db35da
$S_\text{No-2}$,denormalized,$\mu_4$: AvgEdgePropCount,0.0,2026-05-01 15:40:43.695463030,memgraph,all,False,b3b45123-e0f1-490f-9432-465ec5db35da
$S_\text{No-2}$,all,$\mu_1$: NodeCount,8.0,2026-05-01 15:40:43.709608937,memgraph,all,False,b3b45123-e0f1-490f-9432-465ec5db35da
$S_\text{No-2}$,all,$\mu_2$: EdgeCount,8.0,2026-05-01 15:40:43.709608937,memgraph,all,False,b3b45123-e0f1-490f-9432-465ec5db35da
$S_\text{No-2}$,all,$\mu_3$: AvgNodePropCount,2.0,2026-05-01 15:40:43.709608937,memgraph,all,False,b3b45123-e0f1-490f-9432-465ec5db35da
$S_\text{No-2}$,all,$\mu_4$: AvgEdgePropCount,0.0,2026-05-01 15:40:43.709608937,memgraph,all,False,b3b45123-e0f1-490f-9432-465ec5db35da
$S_\text{No-2}$,denormalized,$\mu_1$: NodeCount,3.0,2026-05-01 15:40:44.452005488,memgraph,node-left,False,b3b45123-e0f1-490f-9432-465ec5db35da
$S_\text{No-2}$,denormalized,$\mu_2$: EdgeCount,2.0,2026-05-01 15:40:44.452005488,memgraph,node-left,False,b3b45123-e0f1-490f-9432-465ec5db35da
$S_\text{No-2}$,denormalized,$\mu_3$: AvgNodePropCount,3.3333333333333335,2026-05-01 15:40:44.452005488,memgraph,node-left,False,b3b45123-e0f1-490f-9432-465ec5db35da
$S_\text{No-2}$,denormalized,$\mu_4$: AvgEdgePropCount,0.0,2026-05-01 15:40:44.452005488,memgraph,node-left,False,b3b45123-e0f1-490f-9432-465ec5db35da
$S_\text{No-2}$,node-left,$\mu_1$: NodeCount,8.0,2026-05-01 15:40:44.476090041,memgraph,node-left,False,b3b45123-e0f1-490f-9432-465ec5db35da
$S_\text{No-2}$,node-left,$\mu_2$: EdgeCount,8.0,2026-05-01 15:40:44.476090041,memgraph,node-left,False,b3b45123-e0f1-490f-9432-465ec5db35da
$S_\text{No-2}$,node-left,$\mu_3$: AvgNodePropCount,2.0,2026-05-01 15:40:44.476090041,memgraph,node-left,False,b3b45123-e0f1-490f-9432-465ec5db35da
$S_\text{No-2}$,node-left,$\mu_4$: AvgEdgePropCount,0.0,2026-05-01 15:40:44.476090041,memgraph,node-left,False,b3b45123-e0f1-490f-9432-465ec5db35da
$S_\text{No-2}$,denormalized,$\mu_1$: NodeCount,3.0,2026-05-01 15:40:45.089902833,memgraph,edge-left,False,b3b45123-e0f1-490f-9432-465ec5db35da
$S_\text{No-2}$,denormalized,$\mu_2$: EdgeCount,2.0,2026-05-01 15:40:45.089902833,memgraph,edge-left,False,b3b45123-e0f1-490f-9432-465ec5db35da
$S_\text{No-2}$,denormalized,$\mu_3$: AvgNodePropCount,3.3333333333333335,2026-05-01 15:40:45.089902833,memgraph,edge-left,False,b3b45123-e0f1-490f-9432-465ec5db35da
$S_\text{No-2}$,denormalized,$\mu_4$: AvgEdgePropCount,0.0,2026-05-01 15:40:45.089902833,memgraph,edge-left,False,b3b45123-e0f1-490f-9432-465ec5db35da
$S_\text{No-2}$,edge-left,$\mu_1$: NodeCount,3.0,2026-05-01 15:40:45.091610330,memgraph,edge-left,False,b3b45123-e0f1-490f-9432-465ec5db35da
$S_\text{No-2}$,edge-left,$\mu_2$: EdgeCount,2.0,2026-05-01 15:40:45.091610330,memgraph,edge-left,False,b3b45123-e0f1-490f-9432-465ec5db35da
$S_\text{No-2}$,edge-left,$\mu_3$: AvgNodePropCount,3.3333333333333335,2026-05-01 15:40:45.091610330,memgraph,edge-left,False,b3b45123-e0f1-490f-9432-465ec5db35da
$S_\text{No-2}$,edge-left,$\mu_4$: AvgEdgePropCount,0.0,2026-05-01 15:40:45.091610330,memgraph,edge-left,False,b3b45123-e0f1-490f-9432-465ec5db35da
$S_\text{No-3}$,denormalized,$\mu_1$: NodeCount,3.0,2026-05-01 15:40:45.781288771,memgraph,all,False,b3b45123-e0f1-490f-9432-465ec5db35da
$S_\text{No-3}$,denormalized,$\mu_2$: EdgeCount,2.0,2026-05-01 15:40:45.781288771,memgraph,all,False,b3b45123-e0f1-490f-9432-465ec5db35da
$S_\text{No-3}$,denormalized,$\mu_3$: AvgNodePropCount,3.3333333333333335,2026-05-01 15:40:45.781288771,memgraph,all,False,b3b45123-e0f1-490f-9432-465ec5db35da
$S_\text{No-3}$,denormalized,$\mu_4$: AvgEdgePropCount,0.0,2026-05-01 15:40:45.781288771,memgraph,all,False,b3b45123-e0f1-490f-9432-465ec5db35da
$S_\text{No-3}$,all,$\mu_1$: NodeCount,6.0,2026-05-01 15:40:45.808770302,memgraph,all,False,b3b45123-e0f1-490f-9432-465ec5db35da
$S_\text{No-3}$,all,$\mu_2$: EdgeCount,5.0,2026-05-01 15:40:45.808770302,memgraph,all,False,b3b45123-e0f1-490f-9432-465ec5db35da
$S_\text{No-3}$,all,$\mu_3$: AvgNodePropCount,2.3333333333333335,2026-05-01 15:40:45.808770302,memgraph,all,False,b3b45123-e0f1-490f-9432-465ec5db35da
$S_\text{No-3}$,all,$\mu_4$: AvgEdgePropCount,0.0,2026-05-01 15:40:45.808770302,memgraph,all,False,b3b45123-e0f1-490f-9432-465ec5db35da
$S_\text{No-3}$,denormalized,$\mu_1$: NodeCount,3.0,2026-05-01 15:40:46.536450431,memgraph,node-left,False,b3b45123-e0f1-490f-9432-465ec5db35da
$S_\text{No-3}$,denormalized,$\mu_2$: EdgeCount,2.0,2026-05-01 15:40:46.536450431,memgraph,node-left,False,b3b45123-e0f1-490f-9432-465ec5db35da
$S_\text{No-3}$,denormalized,$\mu_3$: AvgNodePropCount,3.3333333333333335,2026-05-01 15:40:46.536450431,memgraph,node-left,False,b3b45123-e0f1-490f-9432-465ec5db35da
$S_\text{No-3}$,denormalized,$\mu_4$: AvgEdgePropCount,0.0,2026-05-01 15:40:46.536450431,memgraph,node-left,False,b3b45123-e0f1-490f-9432-465ec5db35da
$S_\text{No-3}$,node-left,$\mu_1$: NodeCount,6.0,2026-05-01 15:40:46.560319442,memgraph,node-left,False,b3b45123-e0f1-490f-9432-465ec5db35da
$S_\text{No-3}$,node-left,$\mu_2$: EdgeCount,5.0,2026-05-01 15:40:46.560319442,memgraph,node-left,False,b3b45123-e0f1-490f-9432-465ec5db35da
$S_\text{No-3}$,node-left,$\mu_3$: AvgNodePropCount,2.3333333333333335,2026-05-01 15:40:46.560319442,memgraph,node-left,False,b3b45123-e0f1-490f-9432-465ec5db35da
$S_\text{No-3}$,node-left,$\mu_4$: AvgEdgePropCount,0.0,2026-05-01 15:40:46.560319442,memgraph,node-left,False,b3b45123-e0f1-490f-9432-465ec5db35da
$S_\text{No-3}$,denormalized,$\mu_1$: NodeCount,3.0,2026-05-01 15:40:47.186625615,memgraph,edge-left,False,b3b45123-e0f1-490f-9432-465ec5db35da
$S_\text{No-3}$,denormalized,$\mu_2$: EdgeCount,2.0,2026-05-01 15:40:47.186625615,memgraph,edge-left,False,b3b45123-e0f1-490f-9432-465ec5db35da
$S_\text{No-3}$,denormalized,$\mu_3$: AvgNodePropCount,3.3333333333333335,2026-05-01 15:40:47.186625615,memgraph,edge-left,False,b3b45123-e0f1-490f-9432-465ec5db35da
$S_\text{No-3}$,denormalized,$\mu_4$: AvgEdgePropCount,0.0,2026-05-01 15:40:47.186625615,memgraph,edge-left,False,b3b45123-e0f1-490f-9432-465ec5db35da
$S_\text{No-3}$,edge-left,$\mu_1$: NodeCount,3.0,2026-05-01 15:40:47.187641928,memgraph,edge-left,False,b3b45123-e0f1-490f-9432-465ec5db35da
$S_\text{No-3}$,edge-left,$\mu_2$: EdgeCount,2.0,2026-05-01 15:40:47.187641928,memgraph,edge-left,False,b3b45123-e0f1-490f-9432-465ec5db35da
$S_\text{No-3}$,edge-left,$\mu_3$: AvgNodePropCount,3.3333333333333335,2026-05-01 15:40:47.187641928,memgraph,edge-left,False,b3b45123-e0f1-490f-9432-465ec5db35da
$S_\text{No-3}$,edge-left,$\mu_4$: AvgEdgePropCount,0.0,2026-05-01 15:40:47.187641928,memgraph,edge-left,False,b3b45123-e0f1-490f-9432-465ec5db35da
$S_\text{Nw}$,denormalized,$\mu_1$: NodeCount,1035.0,2026-04-29 00:24:49.693550287,memgraph,all,False,cd3ccf68-bc44-465a-858c-8bfcd230590c
$S_\text{Nw}$,denormalized,$\mu_2$: EdgeCount,3139.0,2026-04-29 00:24:49.693550287,memgraph,all,False,cd3ccf68-bc44-465a-858c-8bfcd230590c
$S_\text{Nw}$,denormalized,$\mu_3$: AvgNodePropCount,13.305314009661835,2026-04-29 00:24:49.693550287,memgraph,all,False,cd3ccf68-bc44-465a-858c-8bfcd230590c
$S_\text{Nw}$,denormalized,$\mu_4$: AvgEdgePropCount,3.4326218540936604,2026-04-29 00:24:49.693550287,memgraph,all,False,cd3ccf68-bc44-465a-858c-8bfcd230590c
$S_\text{Nw}$,all,$\mu_1$: NodeCount,1124.0,2026-04-29 00:24:49.721151124,memgraph,all,False,cd3ccf68-bc44-465a-858c-8bfcd230590c
$S_\text{Nw}$,all,$\mu_2$: EdgeCount,3969.0,2026-04-29 00:24:49.721151124,memgraph,all,False,cd3ccf68-bc44-465a-858c-8bfcd230590c
$S_\text{Nw}$,all,$\mu_3$: AvgNodePropCount,8.29626334519573,2026-04-29 00:24:49.721151124,memgraph,all,False,cd3ccf68-bc44-465a-858c-8bfcd230590c
$S_\text{Nw}$,all,$\mu_4$: AvgEdgePropCount,2.7147896195515244,2026-04-29 00:24:49.721151124,memgraph,all,False,cd3ccf68-bc44-465a-858c-8bfcd230590c
$S_\text{Nw}$,denormalized,$\mu_1$: NodeCount,1035.0,2026-04-29 00:25:46.643319883,memgraph,node-left,False,cd3ccf68-bc44-465a-858c-8bfcd230590c
$S_\text{Nw}$,denormalized,$\mu_2$: EdgeCount,3139.0,2026-04-29 00:25:46.643319883,memgraph,node-left,False,cd3ccf68-bc44-465a-858c-8bfcd230590c
$S_\text{Nw}$,denormalized,$\mu_3$: AvgNodePropCount,13.305314009661835,2026-04-29 00:25:46.643319883,memgraph,node-left,False,cd3ccf68-bc44-465a-858c-8bfcd230590c
$S_\text{Nw}$,denormalized,$\mu_4$: AvgEdgePropCount,3.4326218540936604,2026-04-29 00:25:46.643319883,memgraph,node-left,False,cd3ccf68-bc44-465a-858c-8bfcd230590c
$S_\text{Nw}$,node-left,$\mu_1$: NodeCount,1124.0,2026-04-29 00:25:46.684646230,memgraph,node-left,False,cd3ccf68-bc44-465a-858c-8bfcd230590c
$S_\text{Nw}$,node-left,$\mu_2$: EdgeCount,3969.0,2026-04-29 00:25:46.684646230,memgraph,node-left,False,cd3ccf68-bc44-465a-858c-8bfcd230590c
$S_\text{Nw}$,node-left,$\mu_3$: AvgNodePropCount,8.29626334519573,2026-04-29 00:25:46.684646230,memgraph,node-left,False,cd3ccf68-bc44-465a-858c-8bfcd230590c
$S_\text{Nw}$,node-left,$\mu_4$: AvgEdgePropCount,2.7147896195515244,2026-04-29 00:25:46.684646230,memgraph,node-left,False,cd3ccf68-bc44-465a-858c-8bfcd230590c
$S_\text{Nw}$,denormalized,$\mu_1$: NodeCount,1035.0,2026-04-29 00:26:37.335555728,memgraph,edge-left,False,cd3ccf68-bc44-465a-858c-8bfcd230590c
$S_\text{Nw}$,denormalized,$\mu_2$: EdgeCount,3139.0,2026-04-29 00:26:37.335555728,memgraph,edge-left,False,cd3ccf68-bc44-465a-858c-8bfcd230590c
$S_\text{Nw}$,denormalized,$\mu_3$: AvgNodePropCount,13.305314009661835,2026-04-29 00:26:37.335555728,memgraph,edge-left,False,cd3ccf68-bc44-465a-858c-8bfcd230590c
$S_\text{Nw}$,denormalized,$\mu_4$: AvgEdgePropCount,3.4326218540936604,2026-04-29 00:26:37.335555728,memgraph,edge-left,False,cd3ccf68-bc44-465a-858c-8bfcd230590c
$S_\text{Nw}$,edge-left,$\mu_1$: NodeCount,1035.0,2026-04-29 00:26:37.337261172,memgraph,edge-left,False,cd3ccf68-bc44-465a-858c-8bfcd230590c
$S_\text{Nw}$,edge-left,$\mu_2$: EdgeCount,3139.0,2026-04-29 00:26:37.337261172,memgraph,edge-left,False,cd3ccf68-bc44-465a-858c-8bfcd230590c
$S_\text{Nw}$,edge-left,$\mu_3$: AvgNodePropCount,13.305314009661835,2026-04-29 00:26:37.337261172,memgraph,edge-left,False,cd3ccf68-bc44-465a-858c-8bfcd230590c
$S_\text{Nw}$,edge-left,$\mu_4$: AvgEdgePropCount,3.4326218540936604,2026-04-29 00:26:37.337261172,memgraph,edge-left,False,cd3ccf68-bc44-465a-858c-8bfcd230590c
$S_\text{Lon}$,denormalized,$\mu_1$: NodeCount,651.0,2026-04-29 00:27:30.107897686,memgraph,all,False,cd3ccf68-bc44-465a-858c-8bfcd230590c
$S_\text{Lon}$,denormalized,$\mu_2$: EdgeCount,1952.0,2026-04-29 00:27:30.107897686,memgraph,all,False,cd3ccf68-bc44-465a-858c-8bfcd230590c
$S_\text{Lon}$,denormalized,$\mu_3$: AvgNodePropCount,4.99231950844854,2026-04-29 00:27:30.107897686,memgraph,all,False,cd3ccf68-bc44-465a-858c-8bfcd230590c
$S_\text{Lon}$,denormalized,$\mu_4$: AvgEdgePropCount,3.0,2026-04-29 00:27:30.107897686,memgraph,all,False,cd3ccf68-bc44-465a-858c-8bfcd230590c
$S_\text{Lon}$,all,$\mu_1$: NodeCount,2646.0,2026-04-29 00:27:30.220737289,memgraph,all,False,cd3ccf68-bc44-465a-858c-8bfcd230590c
$S_\text{Lon}$,all,$\mu_2$: EdgeCount,6502.0,2026-04-29 00:27:30.220737289,memgraph,all,False,cd3ccf68-bc44-465a-858c-8bfcd230590c
$S_\text{Lon}$,all,$\mu_3$: AvgNodePropCount,0.783068783068783,2026-04-29 00:27:30.220737289,memgraph,all,False,cd3ccf68-bc44-465a-858c-8bfcd230590c
$S_\text{Lon}$,all,$\mu_4$: AvgEdgePropCount,0.0,2026-04-29 00:27:30.220737289,memgraph,all,False,cd3ccf68-bc44-465a-858c-8bfcd230590c
$S_\text{Lon}$,denormalized,$\mu_1$: NodeCount,651.0,2026-04-29 00:28:22.868736141,memgraph,node-left,False,cd3ccf68-bc44-465a-858c-8bfcd230590c
$S_\text{Lon}$,denormalized,$\mu_2$: EdgeCount,1952.0,2026-04-29 00:28:22.868736141,memgraph,node-left,False,cd3ccf68-bc44-465a-858c-8bfcd230590c
$S_\text{Lon}$,denormalized,$\mu_3$: AvgNodePropCount,4.99231950844854,2026-04-29 00:28:22.868736141,memgraph,node-left,False,cd3ccf68-bc44-465a-858c-8bfcd230590c
$S_\text{Lon}$,denormalized,$\mu_4$: AvgEdgePropCount,3.0,2026-04-29 00:28:22.868736141,memgraph,node-left,False,cd3ccf68-bc44-465a-858c-8bfcd230590c
$S_\text{Lon}$,node-left,$\mu_1$: NodeCount,666.0,2026-04-29 00:28:22.900902656,memgraph,node-left,False,cd3ccf68-bc44-465a-858c-8bfcd230590c
$S_\text{Lon}$,node-left,$\mu_2$: EdgeCount,2598.0,2026-04-29 00:28:22.900902656,memgraph,node-left,False,cd3ccf68-bc44-465a-858c-8bfcd230590c
$S_\text{Lon}$,node-left,$\mu_3$: AvgNodePropCount,2.984984984984985,2026-04-29 00:28:22.900902656,memgraph,node-left,False,cd3ccf68-bc44-465a-858c-8bfcd230590c
$S_\text{Lon}$,node-left,$\mu_4$: AvgEdgePropCount,2.2540415704387993,2026-04-29 00:28:22.900902656,memgraph,node-left,False,cd3ccf68-bc44-465a-858c-8bfcd230590c
$S_\text{Lon}$,denormalized,$\mu_1$: NodeCount,651.0,2026-04-29 00:29:12.804891670,memgraph,edge-left,False,cd3ccf68-bc44-465a-858c-8bfcd230590c
$S_\text{Lon}$,denormalized,$\mu_2$: EdgeCount,1952.0,2026-04-29 00:29:12.804891670,memgraph,edge-left,False,cd3ccf68-bc44-465a-858c-8bfcd230590c
$S_\text{Lon}$,denormalized,$\mu_3$: AvgNodePropCount,4.99231950844854,2026-04-29 00:29:12.804891670,memgraph,edge-left,False,cd3ccf68-bc44-465a-858c-8bfcd230590c
$S_\text{Lon}$,denormalized,$\mu_4$: AvgEdgePropCount,3.0,2026-04-29 00:29:12.804891670,memgraph,edge-left,False,cd3ccf68-bc44-465a-858c-8bfcd230590c
$S_\text{Lon}$,edge-left,$\mu_1$: NodeCount,2631.0,2026-04-29 00:29:12.888485233,memgraph,edge-left,False,cd3ccf68-bc44-465a-858c-8bfcd230590c
$S_\text{Lon}$,edge-left,$\mu_2$: EdgeCount,5856.0,2026-04-29 00:29:12.888485233,memgraph,edge-left,False,cd3ccf68-bc44-465a-858c-8bfcd230590c
$S_\text{Lon}$,edge-left,$\mu_3$: AvgNodePropCount,1.2671987837324212,2026-04-29 00:29:12.888485233,memgraph,edge-left,False,cd3ccf68-bc44-465a-858c-8bfcd230590c
$S_\text{Lon}$,edge-left,$\mu_4$: AvgEdgePropCount,0.0,2026-04-29 00:29:12.888485233,memgraph,edge-left,False,cd3ccf68-bc44-465a-858c-8bfcd230590c
$S_\text{Ts-1}$,denormalized,$\mu_1$: NodeCount,194179.0,2026-04-29 00:30:19.846521673,neo4j,all,False,63cf1200-eff1-4a81-a9ab-a77af295e146
$S_\text{Ts-1}$,denormalized,$\mu_2$: EdgeCount,1826601.0,2026-04-29 00:30:19.846521673,neo4j,all,False,63cf1200-eff1-4a81-a9ab-a77af295e146
$S_\text{Ts-1}$,denormalized,$\mu_3$: AvgNodePropCount,6.983252565931562,2026-04-29 00:30:19.846521673,neo4j,all,False,63cf1200-eff1-4a81-a9ab-a77af295e146
$S_\text{Ts-1}$,denormalized,$\mu_4$: AvgEdgePropCount,3.7878387233993314,2026-04-29 00:30:19.846521673,neo4j,all,False,63cf1200-eff1-4a81-a9ab-a77af295e146
$S_\text{Ts-1}$,all,$\mu_1$: NodeCount,3845579.0,2026-04-29 00:32:24.460842722,neo4j,all,False,63cf1200-eff1-4a81-a9ab-a77af295e146
$S_\text{Ts-1}$,all,$\mu_2$: EdgeCount,5286216.0,2026-04-29 00:32:24.460842722,neo4j,all,False,63cf1200-eff1-4a81-a9ab-a77af295e146
$S_\text{Ts-1}$,all,$\mu_3$: AvgNodePropCount,2.0998752073485383,2026-04-29 00:32:24.460842722,neo4j,all,False,63cf1200-eff1-4a81-a9ab-a77af295e146
$S_\text{Ts-1}$,all,$\mu_4$: AvgEdgePropCount,0.0,2026-04-29 00:32:24.460842722,neo4j,all,False,63cf1200-eff1-4a81-a9ab-a77af295e146
$S_\text{Ts-1}$,denormalized,$\mu_1$: NodeCount,194179.0,2026-04-29 00:33:21.438721242,neo4j,node-left,False,63cf1200-eff1-4a81-a9ab-a77af295e146
$S_\text{Ts-1}$,denormalized,$\mu_2$: EdgeCount,1826601.0,2026-04-29 00:33:21.438721242,neo4j,node-left,False,63cf1200-eff1-4a81-a9ab-a77af295e146
$S_\text{Ts-1}$,denormalized,$\mu_3$: AvgNodePropCount,6.983252565931562,2026-04-29 00:33:21.438721242,neo4j,node-left,False,63cf1200-eff1-4a81-a9ab-a77af295e146
$S_\text{Ts-1}$,denormalized,$\mu_4$: AvgEdgePropCount,3.7878387233993314,2026-04-29 00:33:21.438721242,neo4j,node-left,False,63cf1200-eff1-4a81-a9ab-a77af295e146
$S_\text{Ts-1}$,node-left,$\mu_1$: NodeCount,579979.0,2026-04-29 00:34:04.262991491,neo4j,node-left,False,63cf1200-eff1-4a81-a9ab-a77af295e146
$S_\text{Ts-1}$,node-left,$\mu_2$: EdgeCount,2214417.0,2026-04-29 00:34:04.262991491,neo4j,node-left,False,63cf1200-eff1-4a81-a9ab-a77af295e146
$S_\text{Ts-1}$,node-left,$\mu_3$: AvgNodePropCount,2.9962619336217435,2026-04-29 00:34:04.262991491,neo4j,node-left,False,63cf1200-eff1-4a81-a9ab-a77af295e146
$S_\text{Ts-1}$,node-left,$\mu_4$: AvgEdgePropCount,2.299598043186951,2026-04-29 00:34:04.262991491,neo4j,node-left,False,63cf1200-eff1-4a81-a9ab-a77af295e146
$S_\text{Ts-1}$,denormalized,$\mu_1$: NodeCount,194179.0,2026-04-29 00:34:56.702590488,neo4j,edge-left,False,63cf1200-eff1-4a81-a9ab-a77af295e146
$S_\text{Ts-1}$,denormalized,$\mu_2$: EdgeCount,1826601.0,2026-04-29 00:34:56.702590488,neo4j,edge-left,False,63cf1200-eff1-4a81-a9ab-a77af295e146
$S_\text{Ts-1}$,denormalized,$\mu_3$: AvgNodePropCount,6.983252565931562,2026-04-29 00:34:56.702590488,neo4j,edge-left,False,63cf1200-eff1-4a81-a9ab-a77af295e146
$S_\text{Ts-1}$,denormalized,$\mu_4$: AvgEdgePropCount,3.7878387233993314,2026-04-29 00:34:56.702590488,neo4j,edge-left,False,63cf1200-eff1-4a81-a9ab-a77af295e146
$S_\text{Ts-1}$,edge-left,$\mu_1$: NodeCount,3459779.0,2026-04-29 00:36:28.781421241,neo4j,edge-left,False,63cf1200-eff1-4a81-a9ab-a77af295e146
$S_\text{Ts-1}$,edge-left,$\mu_2$: EdgeCount,4898400.0,2026-04-29 00:36:28.781421241,neo4j,edge-left,False,63cf1200-eff1-4a81-a9ab-a77af295e146
$S_\text{Ts-1}$,edge-left,$\mu_3$: AvgNodePropCount,2.2236876979712843,2026-04-29 00:36:28.781421241,neo4j,edge-left,False,63cf1200-eff1-4a81-a9ab-a77af295e146
$S_\text{Ts-1}$,edge-left,$\mu_4$: AvgEdgePropCount,0.0,2026-04-29 00:36:28.781421241,neo4j,edge-left,False,63cf1200-eff1-4a81-a9ab-a77af295e146
$S_\text{Ts-2}$,denormalized,$\mu_1$: NodeCount,194179.0,2026-04-29 00:37:22.179490518,neo4j,all,False,63cf1200-eff1-4a81-a9ab-a77af295e146
$S_\text{Ts-2}$,denormalized,$\mu_2$: EdgeCount,1826601.0,2026-04-29 00:37:22.179490518,neo4j,all,False,63cf1200-eff1-4a81-a9ab-a77af295e146
$S_\text{Ts-2}$,denormalized,$\mu_3$: AvgNodePropCount,6.983252565931562,2026-04-29 00:37:22.179490518,neo4j,all,False,63cf1200-eff1-4a81-a9ab-a77af295e146
$S_\text{Ts-2}$,denormalized,$\mu_4$: AvgEdgePropCount,3.7878387233993314,2026-04-29 00:37:22.179490518,neo4j,all,False,63cf1200-eff1-4a81-a9ab-a77af295e146
$S_\text{Ts-2}$,all,$\mu_1$: NodeCount,5672180.0,2026-04-29 00:50:36.169542696,neo4j,all,False,63cf1200-eff1-4a81-a9ab-a77af295e146
$S_\text{Ts-2}$,all,$\mu_2$: EdgeCount,10766019.0,2026-04-29 00:50:36.169542696,neo4j,all,False,63cf1200-eff1-4a81-a9ab-a77af295e146
$S_\text{Ts-2}$,all,$\mu_3$: AvgNodePropCount,2.321418749052706,2026-04-29 00:50:36.169542696,neo4j,all,False,63cf1200-eff1-4a81-a9ab-a77af295e146
$S_\text{Ts-2}$,all,$\mu_4$: AvgEdgePropCount,0.0,2026-04-29 00:50:36.169542696,neo4j,all,False,63cf1200-eff1-4a81-a9ab-a77af295e146
$S_\text{Ts-2}$,denormalized,$\mu_1$: NodeCount,194179.0,2026-04-29 00:51:36.978880630,neo4j,node-left,False,63cf1200-eff1-4a81-a9ab-a77af295e146
$S_\text{Ts-2}$,denormalized,$\mu_2$: EdgeCount,1826601.0,2026-04-29 00:51:36.978880630,neo4j,node-left,False,63cf1200-eff1-4a81-a9ab-a77af295e146
$S_\text{Ts-2}$,denormalized,$\mu_3$: AvgNodePropCount,6.983252565931562,2026-04-29 00:51:36.978880630,neo4j,node-left,False,63cf1200-eff1-4a81-a9ab-a77af295e146
$S_\text{Ts-2}$,denormalized,$\mu_4$: AvgEdgePropCount,3.7878387233993314,2026-04-29 00:51:36.978880630,neo4j,node-left,False,63cf1200-eff1-4a81-a9ab-a77af295e146
$S_\text{Ts-2}$,node-left,$\mu_1$: NodeCount,579979.0,2026-04-29 00:52:16.214277329,neo4j,node-left,False,63cf1200-eff1-4a81-a9ab-a77af295e146
$S_\text{Ts-2}$,node-left,$\mu_2$: EdgeCount,2214417.0,2026-04-29 00:52:16.214277329,neo4j,node-left,False,63cf1200-eff1-4a81-a9ab-a77af295e146
$S_\text{Ts-2}$,node-left,$\mu_3$: AvgNodePropCount,2.9962619336217027,2026-04-29 00:52:16.214277329,neo4j,node-left,False,63cf1200-eff1-4a81-a9ab-a77af295e146
$S_\text{Ts-2}$,node-left,$\mu_4$: AvgEdgePropCount,2.299598043186951,2026-04-29 00:52:16.214277329,neo4j,node-left,False,63cf1200-eff1-4a81-a9ab-a77af295e146
$S_\text{Ts-2}$,denormalized,$\mu_1$: NodeCount,194179.0,2026-04-29 00:53:09.904474423,neo4j,edge-left,False,63cf1200-eff1-4a81-a9ab-a77af295e146
$S_\text{Ts-2}$,denormalized,$\mu_2$: EdgeCount,1826601.0,2026-04-29 00:53:09.904474423,neo4j,edge-left,False,63cf1200-eff1-4a81-a9ab-a77af295e146
$S_\text{Ts-2}$,denormalized,$\mu_3$: AvgNodePropCount,6.983252565931562,2026-04-29 00:53:09.904474423,neo4j,edge-left,False,63cf1200-eff1-4a81-a9ab-a77af295e146
$S_\text{Ts-2}$,denormalized,$\mu_4$: AvgEdgePropCount,3.7878387233993314,2026-04-29 00:53:09.904474423,neo4j,edge-left,False,63cf1200-eff1-4a81-a9ab-a77af295e146
$S_\text{Ts-2}$,edge-left,$\mu_1$: NodeCount,5286922.0,2026-04-29 00:55:56.949573498,neo4j,edge-left,False,63cf1200-eff1-4a81-a9ab-a77af295e146
$S_\text{Ts-2}$,edge-left,$\mu_2$: EdgeCount,10378203.0,2026-04-29 00:55:56.949573498,neo4j,edge-left,False,63cf1200-eff1-4a81-a9ab-a77af295e146
$S_\text{Ts-2}$,edge-left,$\mu_3$: AvgNodePropCount,2.4184731683196197,2026-04-29 00:55:56.949573498,neo4j,edge-left,False,63cf1200-eff1-4a81-a9ab-a77af295e146
$S_\text{Ts-2}$,edge-left,$\mu_4$: AvgEdgePropCount,0.0,2026-04-29 00:55:56.949573498,neo4j,edge-left,False,63cf1200-eff1-4a81-a9ab-a77af295e146
$S_\text{Off-1}$,denormalized,$\mu_1$: NodeCount,2016523.0,2026-04-29 00:57:38.620523139,neo4j,all,False,63cf1200-eff1-4a81-a9ab-a77af295e146
$S_\text{Off-1}$,denormalized,$\mu_2$: EdgeCount,3339267.0,2026-04-29 00:57:38.620523139,neo4j,all,False,63cf1200-eff1-4a81-a9ab-a77af295e146
$S_\text{Off-1}$,denormalized,$\mu_3$: AvgNodePropCount,9.861892971218284,2026-04-29 00:57:38.620523139,neo4j,all,False,63cf1200-eff1-4a81-a9ab-a77af295e146
$S_\text{Off-1}$,denormalized,$\mu_4$: AvgEdgePropCount,3.2509934066367396,2026-04-29 00:57:38.620523139,neo4j,all,False,63cf1200-eff1-4a81-a9ab-a77af295e146
$S_\text{Off-1}$,all,$\mu_1$: NodeCount,2017381.0,2026-04-29 00:58:02.309571110,neo4j,all,False,63cf1200-eff1-4a81-a9ab-a77af295e146
$S_\text{Off-1}$,all,$\mu_2$: EdgeCount,3681864.0,2026-04-29 00:58:02.309571110,neo4j,all,False,63cf1200-eff1-4a81-a9ab-a77af295e146
$S_\text{Off-1}$,all,$\mu_3$: AvgNodePropCount,9.518903965091825,2026-04-29 00:58:02.309571110,neo4j,all,False,63cf1200-eff1-4a81-a9ab-a77af295e146
$S_\text{Off-1}$,all,$\mu_4$: AvgEdgePropCount,2.9484888632495836,2026-04-29 00:58:02.309571110,neo4j,all,False,63cf1200-eff1-4a81-a9ab-a77af295e146
$S_\text{Off-1}$,denormalized,$\mu_1$: NodeCount,2016523.0,2026-04-29 00:59:40.809241329,neo4j,node-left,False,63cf1200-eff1-4a81-a9ab-a77af295e146
$S_\text{Off-1}$,denormalized,$\mu_2$: EdgeCount,3339267.0,2026-04-29 00:59:40.809241329,neo4j,node-left,False,63cf1200-eff1-4a81-a9ab-a77af295e146
$S_\text{Off-1}$,denormalized,$\mu_3$: AvgNodePropCount,9.861892971218284,2026-04-29 00:59:40.809241329,neo4j,node-left,False,63cf1200-eff1-4a81-a9ab-a77af295e146
$S_\text{Off-1}$,denormalized,$\mu_4$: AvgEdgePropCount,3.2509934066367396,2026-04-29 00:59:40.809241329,neo4j,node-left,False,63cf1200-eff1-4a81-a9ab-a77af295e146
$S_\text{Off-1}$,node-left,$\mu_1$: NodeCount,2017381.0,2026-04-29 01:00:04.792175385,neo4j,node-left,False,63cf1200-eff1-4a81-a9ab-a77af295e146
$S_\text{Off-1}$,node-left,$\mu_2$: EdgeCount,3681864.0,2026-04-29 01:00:04.792175385,neo4j,node-left,False,63cf1200-eff1-4a81-a9ab-a77af295e146
$S_\text{Off-1}$,node-left,$\mu_3$: AvgNodePropCount,9.518903965091825,2026-04-29 01:00:04.792175385,neo4j,node-left,False,63cf1200-eff1-4a81-a9ab-a77af295e146
$S_\text{Off-1}$,node-left,$\mu_4$: AvgEdgePropCount,2.9484888632495836,2026-04-29 01:00:04.792175385,neo4j,node-left,False,63cf1200-eff1-4a81-a9ab-a77af295e146
$S_\text{Off-1}$,denormalized,$\mu_1$: NodeCount,2016523.0,2026-04-29 01:01:37.261317901,neo4j,edge-left,False,63cf1200-eff1-4a81-a9ab-a77af295e146
$S_\text{Off-1}$,denormalized,$\mu_2$: EdgeCount,3339267.0,2026-04-29 01:01:37.261317901,neo4j,edge-left,False,63cf1200-eff1-4a81-a9ab-a77af295e146
$S_\text{Off-1}$,denormalized,$\mu_3$: AvgNodePropCount,9.861892971218284,2026-04-29 01:01:37.261317901,neo4j,edge-left,False,63cf1200-eff1-4a81-a9ab-a77af295e146
$S_\text{Off-1}$,denormalized,$\mu_4$: AvgEdgePropCount,3.2509934066367396,2026-04-29 01:01:37.261317901,neo4j,edge-left,False,63cf1200-eff1-4a81-a9ab-a77af295e146
$S_\text{Off-1}$,edge-left,$\mu_1$: NodeCount,2016523.0,2026-04-29 01:01:37.263299670,neo4j,edge-left,False,63cf1200-eff1-4a81-a9ab-a77af295e146
$S_\text{Off-1}$,edge-left,$\mu_2$: EdgeCount,3339267.0,2026-04-29 01:01:37.263299670,neo4j,edge-left,False,63cf1200-eff1-4a81-a9ab-a77af295e146
$S_\text{Off-1}$,edge-left,$\mu_3$: AvgNodePropCount,9.861892971218284,2026-04-29 01:01:37.263299670,neo4j,edge-left,False,63cf1200-eff1-4a81-a9ab-a77af295e146
$S_\text{Off-1}$,edge-left,$\mu_4$: AvgEdgePropCount,3.2509934066367396,2026-04-29 01:01:37.263299670,neo4j,edge-left,False,63cf1200-eff1-4a81-a9ab-a77af295e146
$S_\text{Off-2}$,denormalized,$\mu_1$: NodeCount,2016523.0,2026-04-29 01:03:24.879696621,neo4j,all,False,63cf1200-eff1-4a81-a9ab-a77af295e146
$S_\text{Off-2}$,denormalized,$\mu_2$: EdgeCount,3339267.0,2026-04-29 01:03:24.879696621,neo4j,all,False,63cf1200-eff1-4a81-a9ab-a77af295e146
$S_\text{Off-2}$,denormalized,$\mu_3$: AvgNodePropCount,9.861892971218284,2026-04-29 01:03:24.879696621,neo4j,all,False,63cf1200-eff1-4a81-a9ab-a77af295e146
$S_\text{Off-2}$,denormalized,$\mu_4$: AvgEdgePropCount,3.2509934066367396,2026-04-29 01:03:24.879696621,neo4j,all,False,63cf1200-eff1-4a81-a9ab-a77af295e146
$S_\text{Off-2}$,all,$\mu_1$: NodeCount,2021602.0,2026-04-29 01:05:21.052033053,neo4j,all,False,63cf1200-eff1-4a81-a9ab-a77af295e146
$S_\text{Off-2}$,all,$\mu_2$: EdgeCount,4854231.0,2026-04-29 01:05:21.052033053,neo4j,all,False,63cf1200-eff1-4a81-a9ab-a77af295e146
$S_\text{Off-2}$,all,$\mu_3$: AvgNodePropCount,8.595673629131408,2026-04-29 01:05:21.052033053,neo4j,all,False,63cf1200-eff1-4a81-a9ab-a77af295e146
$S_\text{Off-2}$,all,$\mu_4$: AvgEdgePropCount,2.2363861546760946,2026-04-29 01:05:21.052033053,neo4j,all,False,63cf1200-eff1-4a81-a9ab-a77af295e146
$S_\text{Off-2}$,denormalized,$\mu_1$: NodeCount,2016523.0,2026-04-29 01:07:05.883365262,neo4j,node-left,False,63cf1200-eff1-4a81-a9ab-a77af295e146
$S_\text{Off-2}$,denormalized,$\mu_2$: EdgeCount,3339267.0,2026-04-29 01:07:05.883365262,neo4j,node-left,False,63cf1200-eff1-4a81-a9ab-a77af295e146
$S_\text{Off-2}$,denormalized,$\mu_3$: AvgNodePropCount,9.861892971218284,2026-04-29 01:07:05.883365262,neo4j,node-left,False,63cf1200-eff1-4a81-a9ab-a77af295e146
$S_\text{Off-2}$,denormalized,$\mu_4$: AvgEdgePropCount,3.2509934066367396,2026-04-29 01:07:05.883365262,neo4j,node-left,False,63cf1200-eff1-4a81-a9ab-a77af295e146
$S_\text{Off-2}$,node-left,$\mu_1$: NodeCount,2021602.0,2026-04-29 01:09:04.639924388,neo4j,node-left,False,63cf1200-eff1-4a81-a9ab-a77af295e146
$S_\text{Off-2}$,node-left,$\mu_2$: EdgeCount,4854231.0,2026-04-29 01:09:04.639924388,neo4j,node-left,False,63cf1200-eff1-4a81-a9ab-a77af295e146
$S_\text{Off-2}$,node-left,$\mu_3$: AvgNodePropCount,8.595673629131408,2026-04-29 01:09:04.639924388,neo4j,node-left,False,63cf1200-eff1-4a81-a9ab-a77af295e146
$S_\text{Off-2}$,node-left,$\mu_4$: AvgEdgePropCount,2.2363861546760946,2026-04-29 01:09:04.639924388,neo4j,node-left,False,63cf1200-eff1-4a81-a9ab-a77af295e146
$S_\text{Off-2}$,denormalized,$\mu_1$: NodeCount,2016523.0,2026-04-29 01:10:49.208738241,neo4j,edge-left,False,63cf1200-eff1-4a81-a9ab-a77af295e146
$S_\text{Off-2}$,denormalized,$\mu_2$: EdgeCount,3339267.0,2026-04-29 01:10:49.208738241,neo4j,edge-left,False,63cf1200-eff1-4a81-a9ab-a77af295e146
$S_\text{Off-2}$,denormalized,$\mu_3$: AvgNodePropCount,9.861892971218284,2026-04-29 01:10:49.208738241,neo4j,edge-left,False,63cf1200-eff1-4a81-a9ab-a77af295e146
$S_\text{Off-2}$,denormalized,$\mu_4$: AvgEdgePropCount,3.2509934066367396,2026-04-29 01:10:49.208738241,neo4j,edge-left,False,63cf1200-eff1-4a81-a9ab-a77af295e146
$S_\text{Off-2}$,edge-left,$\mu_1$: NodeCount,2016523.0,2026-04-29 01:10:49.210473300,neo4j,edge-left,False,63cf1200-eff1-4a81-a9ab-a77af295e146
$S_\text{Off-2}$,edge-left,$\mu_2$: EdgeCount,3339267.0,2026-04-29 01:10:49.210473300,neo4j,edge-left,False,63cf1200-eff1-4a81-a9ab-a77af295e146
$S_\text{Off-2}$,edge-left,$\mu_3$: AvgNodePropCount,9.861892971218284,2026-04-29 01:10:49.210473300,neo4j,edge-left,False,63cf1200-eff1-4a81-a9ab-a77af295e146
$S_\text{Off-2}$,edge-left,$\mu_4$: AvgEdgePropCount,3.2509934066367396,2026-04-29 01:10:49.210473300,neo4j,edge-left,False,63cf1200-eff1-4a81-a9ab-a77af295e146
$S_\text{Off-3}$,denormalized,$\mu_1$: NodeCount,2016523.0,2026-04-29 01:12:53.544924238,neo4j,all,False,63cf1200-eff1-4a81-a9ab-a77af295e146
$S_\text{Off-3}$,denormalized,$\mu_2$: EdgeCount,3339267.0,2026-04-29 01:12:53.544924238,neo4j,all,False,63cf1200-eff1-4a81-a9ab-a77af295e146
$S_\text{Off-3}$,denormalized,$\mu_3$: AvgNodePropCount,9.861892971218284,2026-04-29 01:12:53.544924238,neo4j,all,False,63cf1200-eff1-4a81-a9ab-a77af295e146
$S_\text{Off-3}$,denormalized,$\mu_4$: AvgEdgePropCount,3.2509934066367396,2026-04-29 01:12:53.544924238,neo4j,all,False,63cf1200-eff1-4a81-a9ab-a77af295e146
$S_\text{Off-3}$,all,$\mu_1$: NodeCount,2017388.0,2026-04-29 01:13:53.629791121,neo4j,all,False,63cf1200-eff1-4a81-a9ab-a77af295e146
$S_\text{Off-3}$,all,$\mu_2$: EdgeCount,4367058.0,2026-04-29 01:13:53.629791121,neo4j,all,False,63cf1200-eff1-4a81-a9ab-a77af295e146
$S_\text{Off-3}$,all,$\mu_3$: AvgNodePropCount,9.009411674898349,2026-04-29 01:13:53.629791121,neo4j,all,False,63cf1200-eff1-4a81-a9ab-a77af295e146
$S_\text{Off-3}$,all,$\mu_4$: AvgEdgePropCount,2.485869205309275,2026-04-29 01:13:53.629791121,neo4j,all,False,63cf1200-eff1-4a81-a9ab-a77af295e146
$S_\text{Off-3}$,denormalized,$\mu_1$: NodeCount,2016523.0,2026-04-29 01:15:46.132663529,neo4j,node-left,False,63cf1200-eff1-4a81-a9ab-a77af295e146
$S_\text{Off-3}$,denormalized,$\mu_2$: EdgeCount,3339267.0,2026-04-29 01:15:46.132663529,neo4j,node-left,False,63cf1200-eff1-4a81-a9ab-a77af295e146
$S_\text{Off-3}$,denormalized,$\mu_3$: AvgNodePropCount,9.861892971218284,2026-04-29 01:15:46.132663529,neo4j,node-left,False,63cf1200-eff1-4a81-a9ab-a77af295e146
$S_\text{Off-3}$,denormalized,$\mu_4$: AvgEdgePropCount,3.2509934066367396,2026-04-29 01:15:46.132663529,neo4j,node-left,False,63cf1200-eff1-4a81-a9ab-a77af295e146
$S_\text{Off-3}$,node-left,$\mu_1$: NodeCount,2017388.0,2026-04-29 01:16:44.982692439,neo4j,node-left,False,63cf1200-eff1-4a81-a9ab-a77af295e146
$S_\text{Off-3}$,node-left,$\mu_2$: EdgeCount,4367058.0,2026-04-29 01:16:44.982692439,neo4j,node-left,False,63cf1200-eff1-4a81-a9ab-a77af295e146
$S_\text{Off-3}$,node-left,$\mu_3$: AvgNodePropCount,9.009411674898349,2026-04-29 01:16:44.982692439,neo4j,node-left,False,63cf1200-eff1-4a81-a9ab-a77af295e146
$S_\text{Off-3}$,node-left,$\mu_4$: AvgEdgePropCount,2.485869205309275,2026-04-29 01:16:44.982692439,neo4j,node-left,False,63cf1200-eff1-4a81-a9ab-a77af295e146
$S_\text{Off-3}$,denormalized,$\mu_1$: NodeCount,2016523.0,2026-04-29 01:18:33.177508844,neo4j,edge-left,False,63cf1200-eff1-4a81-a9ab-a77af295e146
$S_\text{Off-3}$,denormalized,$\mu_2$: EdgeCount,3339267.0,2026-04-29 01:18:33.177508844,neo4j,edge-left,False,63cf1200-eff1-4a81-a9ab-a77af295e146
$S_\text{Off-3}$,denormalized,$\mu_3$: AvgNodePropCount,9.861892971218284,2026-04-29 01:18:33.177508844,neo4j,edge-left,False,63cf1200-eff1-4a81-a9ab-a77af295e146
$S_\text{Off-3}$,denormalized,$\mu_4$: AvgEdgePropCount,3.2509934066367396,2026-04-29 01:18:33.177508844,neo4j,edge-left,False,63cf1200-eff1-4a81-a9ab-a77af295e146
$S_\text{Off-3}$,edge-left,$\mu_1$: NodeCount,2016523.0,2026-04-29 01:18:33.179806716,neo4j,edge-left,False,63cf1200-eff1-4a81-a9ab-a77af295e146
$S_\text{Off-3}$,edge-left,$\mu_2$: EdgeCount,3339267.0,2026-04-29 01:18:33.179806716,neo4j,edge-left,False,63cf1200-eff1-4a81-a9ab-a77af295e146
$S_\text{Off-3}$,edge-left,$\mu_3$: AvgNodePropCount,9.861892971218284,2026-04-29 01:18:33.179806716,neo4j,edge-left,False,63cf1200-eff1-4a81-a9ab-a77af295e146
$S_\text{Off-3}$,edge-left,$\mu_4$: AvgEdgePropCount,3.2509934066367396,2026-04-29 01:18:33.179806716,neo4j,edge-left,False,63cf1200-eff1-4a81-a9ab-a77af295e146
$S_\text{Uni-1}$,denormalized,$\mu_1$: NodeCount,4.0,2026-04-29 01:19:15.012656723,neo4j,all,False,63cf1200-eff1-4a81-a9ab-a77af295e146
$S_\text{Uni-1}$,denormalized,$\mu_2$: EdgeCount,3.0,2026-04-29 01:19:15.012656723,neo4j,all,False,63cf1200-eff1-4a81-a9ab-a77af295e146
$S_\text{Uni-1}$,denormalized,$\mu_3$: AvgNodePropCount,1.25,2026-04-29 01:19:15.012656723,neo4j,all,False,63cf1200-eff1-4a81-a9ab-a77af295e146
$S_\text{Uni-1}$,denormalized,$\mu_4$: AvgEdgePropCount,2.0,2026-04-29 01:19:15.012656723,neo4j,all,False,63cf1200-eff1-4a81-a9ab-a77af295e146
$S_\text{Uni-1}$,all,$\mu_1$: NodeCount,4.0,2026-04-29 01:19:15.197568071,neo4j,all,False,63cf1200-eff1-4a81-a9ab-a77af295e146
$S_\text{Uni-1}$,all,$\mu_2$: EdgeCount,3.0,2026-04-29 01:19:15.197568071,neo4j,all,False,63cf1200-eff1-4a81-a9ab-a77af295e146
$S_\text{Uni-1}$,all,$\mu_3$: AvgNodePropCount,1.5,2026-04-29 01:19:15.197568071,neo4j,all,False,63cf1200-eff1-4a81-a9ab-a77af295e146
$S_\text{Uni-1}$,all,$\mu_4$: AvgEdgePropCount,1.0,2026-04-29 01:19:15.197568071,neo4j,all,False,63cf1200-eff1-4a81-a9ab-a77af295e146
$S_\text{Uni-1}$,denormalized,$\mu_1$: NodeCount,4.0,2026-04-29 01:20:04.988896892,neo4j,node-left,False,63cf1200-eff1-4a81-a9ab-a77af295e146
$S_\text{Uni-1}$,denormalized,$\mu_2$: EdgeCount,3.0,2026-04-29 01:20:04.988896892,neo4j,node-left,False,63cf1200-eff1-4a81-a9ab-a77af295e146
$S_\text{Uni-1}$,denormalized,$\mu_3$: AvgNodePropCount,1.25,2026-04-29 01:20:04.988896892,neo4j,node-left,False,63cf1200-eff1-4a81-a9ab-a77af295e146
$S_\text{Uni-1}$,denormalized,$\mu_4$: AvgEdgePropCount,2.0,2026-04-29 01:20:04.988896892,neo4j,node-left,False,63cf1200-eff1-4a81-a9ab-a77af295e146
$S_\text{Uni-1}$,node-left,$\mu_1$: NodeCount,4.0,2026-04-29 01:20:05.547214536,neo4j,node-left,False,63cf1200-eff1-4a81-a9ab-a77af295e146
$S_\text{Uni-1}$,node-left,$\mu_2$: EdgeCount,3.0,2026-04-29 01:20:05.547214536,neo4j,node-left,False,63cf1200-eff1-4a81-a9ab-a77af295e146
$S_\text{Uni-1}$,node-left,$\mu_3$: AvgNodePropCount,1.5,2026-04-29 01:20:05.547214536,neo4j,node-left,False,63cf1200-eff1-4a81-a9ab-a77af295e146
$S_\text{Uni-1}$,node-left,$\mu_4$: AvgEdgePropCount,1.0,2026-04-29 01:20:05.547214536,neo4j,node-left,False,63cf1200-eff1-4a81-a9ab-a77af295e146
$S_\text{Uni-1}$,denormalized,$\mu_1$: NodeCount,4.0,2026-04-29 01:20:54.046809624,neo4j,edge-left,False,63cf1200-eff1-4a81-a9ab-a77af295e146
$S_\text{Uni-1}$,denormalized,$\mu_2$: EdgeCount,3.0,2026-04-29 01:20:54.046809624,neo4j,edge-left,False,63cf1200-eff1-4a81-a9ab-a77af295e146
$S_\text{Uni-1}$,denormalized,$\mu_3$: AvgNodePropCount,1.25,2026-04-29 01:20:54.046809624,neo4j,edge-left,False,63cf1200-eff1-4a81-a9ab-a77af295e146
$S_\text{Uni-1}$,denormalized,$\mu_4$: AvgEdgePropCount,2.0,2026-04-29 01:20:54.046809624,neo4j,edge-left,False,63cf1200-eff1-4a81-a9ab-a77af295e146
$S_\text{Uni-1}$,edge-left,$\mu_1$: NodeCount,4.0,2026-04-29 01:20:54.048534337,neo4j,edge-left,False,63cf1200-eff1-4a81-a9ab-a77af295e146
$S_\text{Uni-1}$,edge-left,$\mu_2$: EdgeCount,3.0,2026-04-29 01:20:54.048534337,neo4j,edge-left,False,63cf1200-eff1-4a81-a9ab-a77af295e146
$S_\text{Uni-1}$,edge-left,$\mu_3$: AvgNodePropCount,1.25,2026-04-29 01:20:54.048534337,neo4j,edge-left,False,63cf1200-eff1-4a81-a9ab-a77af295e146
$S_\text{Uni-1}$,edge-left,$\mu_4$: AvgEdgePropCount,2.0,2026-04-29 01:20:54.048534337,neo4j,edge-left,False,63cf1200-eff1-4a81-a9ab-a77af295e146
$S_\text{Uni-2}$,denormalized,$\mu_1$: NodeCount,4.0,2026-04-29 01:21:41.972650252,neo4j,all,False,63cf1200-eff1-4a81-a9ab-a77af295e146
$S_\text{Uni-2}$,denormalized,$\mu_2$: EdgeCount,3.0,2026-04-29 01:21:41.972650252,neo4j,all,False,63cf1200-eff1-4a81-a9ab-a77af295e146
$S_\text{Uni-2}$,denormalized,$\mu_3$: AvgNodePropCount,1.25,2026-04-29 01:21:41.972650252,neo4j,all,False,63cf1200-eff1-4a81-a9ab-a77af295e146
$S_\text{Uni-2}$,denormalized,$\mu_4$: AvgEdgePropCount,2.0,2026-04-29 01:21:41.972650252,neo4j,all,False,63cf1200-eff1-4a81-a9ab-a77af295e146
$S_\text{Uni-2}$,all,$\mu_1$: NodeCount,5.0,2026-04-29 01:21:42.587080060,neo4j,all,False,63cf1200-eff1-4a81-a9ab-a77af295e146
$S_\text{Uni-2}$,all,$\mu_2$: EdgeCount,4.0,2026-04-29 01:21:42.587080060,neo4j,all,False,63cf1200-eff1-4a81-a9ab-a77af295e146
$S_\text{Uni-2}$,all,$\mu_3$: AvgNodePropCount,1.2,2026-04-29 01:21:42.587080060,neo4j,all,False,63cf1200-eff1-4a81-a9ab-a77af295e146
$S_\text{Uni-2}$,all,$\mu_4$: AvgEdgePropCount,0.75,2026-04-29 01:21:42.587080060,neo4j,all,False,63cf1200-eff1-4a81-a9ab-a77af295e146
$S_\text{Uni-2}$,denormalized,$\mu_1$: NodeCount,4.0,2026-04-29 01:22:30.543382574,neo4j,node-left,False,63cf1200-eff1-4a81-a9ab-a77af295e146
$S_\text{Uni-2}$,denormalized,$\mu_2$: EdgeCount,3.0,2026-04-29 01:22:30.543382574,neo4j,node-left,False,63cf1200-eff1-4a81-a9ab-a77af295e146
$S_\text{Uni-2}$,denormalized,$\mu_3$: AvgNodePropCount,1.25,2026-04-29 01:22:30.543382574,neo4j,node-left,False,63cf1200-eff1-4a81-a9ab-a77af295e146
$S_\text{Uni-2}$,denormalized,$\mu_4$: AvgEdgePropCount,2.0,2026-04-29 01:22:30.543382574,neo4j,node-left,False,63cf1200-eff1-4a81-a9ab-a77af295e146
$S_\text{Uni-2}$,node-left,$\mu_1$: NodeCount,5.0,2026-04-29 01:22:31.212662755,neo4j,node-left,False,63cf1200-eff1-4a81-a9ab-a77af295e146
$S_\text{Uni-2}$,node-left,$\mu_2$: EdgeCount,4.0,2026-04-29 01:22:31.212662755,neo4j,node-left,False,63cf1200-eff1-4a81-a9ab-a77af295e146
$S_\text{Uni-2}$,node-left,$\mu_3$: AvgNodePropCount,1.2,2026-04-29 01:22:31.212662755,neo4j,node-left,False,63cf1200-eff1-4a81-a9ab-a77af295e146
$S_\text{Uni-2}$,node-left,$\mu_4$: AvgEdgePropCount,0.75,2026-04-29 01:22:31.212662755,neo4j,node-left,False,63cf1200-eff1-4a81-a9ab-a77af295e146
$S_\text{Uni-2}$,denormalized,$\mu_1$: NodeCount,4.0,2026-04-29 01:23:26.279258941,neo4j,edge-left,False,63cf1200-eff1-4a81-a9ab-a77af295e146
$S_\text{Uni-2}$,denormalized,$\mu_2$: EdgeCount,3.0,2026-04-29 01:23:26.279258941,neo4j,edge-left,False,63cf1200-eff1-4a81-a9ab-a77af295e146
$S_\text{Uni-2}$,denormalized,$\mu_3$: AvgNodePropCount,1.25,2026-04-29 01:23:26.279258941,neo4j,edge-left,False,63cf1200-eff1-4a81-a9ab-a77af295e146
$S_\text{Uni-2}$,denormalized,$\mu_4$: AvgEdgePropCount,2.0,2026-04-29 01:23:26.279258941,neo4j,edge-left,False,63cf1200-eff1-4a81-a9ab-a77af295e146
$S_\text{Uni-2}$,edge-left,$\mu_1$: NodeCount,4.0,2026-04-29 01:23:26.281792486,neo4j,edge-left,False,63cf1200-eff1-4a81-a9ab-a77af295e146
$S_\text{Uni-2}$,edge-left,$\mu_2$: EdgeCount,3.0,2026-04-29 01:23:26.281792486,neo4j,edge-left,False,63cf1200-eff1-4a81-a9ab-a77af295e146
$S_\text{Uni-2}$,edge-left,$\mu_3$: AvgNodePropCount,1.25,2026-04-29 01:23:26.281792486,neo4j,edge-left,False,63cf1200-eff1-4a81-a9ab-a77af295e146
$S_\text{Uni-2}$,edge-left,$\mu_4$: AvgEdgePropCount,2.0,2026-04-29 01:23:26.281792486,neo4j,edge-left,False,63cf1200-eff1-4a81-a9ab-a77af295e146
$S_\text{No-1}$,denormalized,$\mu_1$: NodeCount,3.0,2026-05-01 15:41:17.963089725,neo4j,all,False,dde87466-3408-4175-a593-8f2b3d09126e
$S_\text{No-1}$,denormalized,$\mu_2$: EdgeCount,2.0,2026-05-01 15:41:17.963089725,neo4j,all,False,dde87466-3408-4175-a593-8f2b3d09126e
$S_\text{No-1}$,denormalized,$\mu_3$: AvgNodePropCount,3.3333333333333335,2026-05-01 15:41:17.963089725,neo4j,all,False,dde87466-3408-4175-a593-8f2b3d09126e
$S_\text{No-1}$,denormalized,$\mu_4$: AvgEdgePropCount,0.0,2026-05-01 15:41:17.963089725,neo4j,all,False,dde87466-3408-4175-a593-8f2b3d09126e
$S_\text{No-1}$,all,$\mu_1$: NodeCount,6.0,2026-05-01 15:41:19.141549404,neo4j,all,False,dde87466-3408-4175-a593-8f2b3d09126e
$S_\text{No-1}$,all,$\mu_2$: EdgeCount,6.0,2026-05-01 15:41:19.141549404,neo4j,all,False,dde87466-3408-4175-a593-8f2b3d09126e
$S_\text{No-1}$,all,$\mu_3$: AvgNodePropCount,1.6666666666666667,2026-05-01 15:41:19.141549404,neo4j,all,False,dde87466-3408-4175-a593-8f2b3d09126e
$S_\text{No-1}$,all,$\mu_4$: AvgEdgePropCount,0.0,2026-05-01 15:41:19.141549404,neo4j,all,False,dde87466-3408-4175-a593-8f2b3d09126e
$S_\text{No-1}$,denormalized,$\mu_1$: NodeCount,3.0,2026-05-01 15:42:10.851120079,neo4j,node-left,False,dde87466-3408-4175-a593-8f2b3d09126e
$S_\text{No-1}$,denormalized,$\mu_2$: EdgeCount,2.0,2026-05-01 15:42:10.851120079,neo4j,node-left,False,dde87466-3408-4175-a593-8f2b3d09126e
$S_\text{No-1}$,denormalized,$\mu_3$: AvgNodePropCount,3.3333333333333335,2026-05-01 15:42:10.851120079,neo4j,node-left,False,dde87466-3408-4175-a593-8f2b3d09126e
$S_\text{No-1}$,denormalized,$\mu_4$: AvgEdgePropCount,0.0,2026-05-01 15:42:10.851120079,neo4j,node-left,False,dde87466-3408-4175-a593-8f2b3d09126e
$S_\text{No-1}$,node-left,$\mu_1$: NodeCount,6.0,2026-05-01 15:42:12.037003439,neo4j,node-left,False,dde87466-3408-4175-a593-8f2b3d09126e
$S_\text{No-1}$,node-left,$\mu_2$: EdgeCount,6.0,2026-05-01 15:42:12.037003439,neo4j,node-left,False,dde87466-3408-4175-a593-8f2b3d09126e
$S_\text{No-1}$,node-left,$\mu_3$: AvgNodePropCount,1.6666666666666665,2026-05-01 15:42:12.037003439,neo4j,node-left,False,dde87466-3408-4175-a593-8f2b3d09126e
$S_\text{No-1}$,node-left,$\mu_4$: AvgEdgePropCount,0.0,2026-05-01 15:42:12.037003439,neo4j,node-left,False,dde87466-3408-4175-a593-8f2b3d09126e
$S_\text{No-1}$,denormalized,$\mu_1$: NodeCount,3.0,2026-05-01 15:43:04.314654001,neo4j,edge-left,False,dde87466-3408-4175-a593-8f2b3d09126e
$S_\text{No-1}$,denormalized,$\mu_2$: EdgeCount,2.0,2026-05-01 15:43:04.314654001,neo4j,edge-left,False,dde87466-3408-4175-a593-8f2b3d09126e
$S_\text{No-1}$,denormalized,$\mu_3$: AvgNodePropCount,3.3333333333333335,2026-05-01 15:43:04.314654001,neo4j,edge-left,False,dde87466-3408-4175-a593-8f2b3d09126e
$S_\text{No-1}$,denormalized,$\mu_4$: AvgEdgePropCount,0.0,2026-05-01 15:43:04.314654001,neo4j,edge-left,False,dde87466-3408-4175-a593-8f2b3d09126e
$S_\text{No-1}$,edge-left,$\mu_1$: NodeCount,3.0,2026-05-01 15:43:04.316362860,neo4j,edge-left,False,dde87466-3408-4175-a593-8f2b3d09126e
$S_\text{No-1}$,edge-left,$\mu_2$: EdgeCount,2.0,2026-05-01 15:43:04.316362860,neo4j,edge-left,False,dde87466-3408-4175-a593-8f2b3d09126e
$S_\text{No-1}$,edge-left,$\mu_3$: AvgNodePropCount,3.3333333333333335,2026-05-01 15:43:04.316362860,neo4j,edge-left,False,dde87466-3408-4175-a593-8f2b3d09126e
$S_\text{No-1}$,edge-left,$\mu_4$: AvgEdgePropCount,0.0,2026-05-01 15:43:04.316362860,neo4j,edge-left,False,dde87466-3408-4175-a593-8f2b3d09126e
$S_\text{No-2}$,denormalized,$\mu_1$: NodeCount,3.0,2026-05-01 15:43:52.586456142,neo4j,all,False,dde87466-3408-4175-a593-8f2b3d09126e
$S_\text{No-2}$,denormalized,$\mu_2$: EdgeCount,2.0,2026-05-01 15:43:52.586456142,neo4j,all,False,dde87466-3408-4175-a593-8f2b3d09126e
$S_\text{No-2}$,denormalized,$\mu_3$: AvgNodePropCount,3.3333333333333335,2026-05-01 15:43:52.586456142,neo4j,all,False,dde87466-3408-4175-a593-8f2b3d09126e
$S_\text{No-2}$,denormalized,$\mu_4$: AvgEdgePropCount,0.0,2026-05-01 15:43:52.586456142,neo4j,all,False,dde87466-3408-4175-a593-8f2b3d09126e
$S_\text{No-2}$,all,$\mu_1$: NodeCount,8.0,2026-05-01 15:43:53.985153151,neo4j,all,False,dde87466-3408-4175-a593-8f2b3d09126e
$S_\text{No-2}$,all,$\mu_2$: EdgeCount,8.0,2026-05-01 15:43:53.985153151,neo4j,all,False,dde87466-3408-4175-a593-8f2b3d09126e
$S_\text{No-2}$,all,$\mu_3$: AvgNodePropCount,1.9999999999999998,2026-05-01 15:43:53.985153151,neo4j,all,False,dde87466-3408-4175-a593-8f2b3d09126e
$S_\text{No-2}$,all,$\mu_4$: AvgEdgePropCount,0.0,2026-05-01 15:43:53.985153151,neo4j,all,False,dde87466-3408-4175-a593-8f2b3d09126e
$S_\text{No-2}$,denormalized,$\mu_1$: NodeCount,3.0,2026-05-01 15:44:42.520221102,neo4j,node-left,False,dde87466-3408-4175-a593-8f2b3d09126e
$S_\text{No-2}$,denormalized,$\mu_2$: EdgeCount,2.0,2026-05-01 15:44:42.520221102,neo4j,node-left,False,dde87466-3408-4175-a593-8f2b3d09126e
$S_\text{No-2}$,denormalized,$\mu_3$: AvgNodePropCount,3.3333333333333335,2026-05-01 15:44:42.520221102,neo4j,node-left,False,dde87466-3408-4175-a593-8f2b3d09126e
$S_\text{No-2}$,denormalized,$\mu_4$: AvgEdgePropCount,0.0,2026-05-01 15:44:42.520221102,neo4j,node-left,False,dde87466-3408-4175-a593-8f2b3d09126e
$S_\text{No-2}$,node-left,$\mu_1$: NodeCount,8.0,2026-05-01 15:44:43.873603915,neo4j,node-left,False,dde87466-3408-4175-a593-8f2b3d09126e
$S_\text{No-2}$,node-left,$\mu_2$: EdgeCount,8.0,2026-05-01 15:44:43.873603915,neo4j,node-left,False,dde87466-3408-4175-a593-8f2b3d09126e
$S_\text{No-2}$,node-left,$\mu_3$: AvgNodePropCount,1.9999999999999998,2026-05-01 15:44:43.873603915,neo4j,node-left,False,dde87466-3408-4175-a593-8f2b3d09126e
$S_\text{No-2}$,node-left,$\mu_4$: AvgEdgePropCount,0.0,2026-05-01 15:44:43.873603915,neo4j,node-left,False,dde87466-3408-4175-a593-8f2b3d09126e
$S_\text{No-2}$,denormalized,$\mu_1$: NodeCount,3.0,2026-05-01 15:45:39.183228502,neo4j,edge-left,False,dde87466-3408-4175-a593-8f2b3d09126e
$S_\text{No-2}$,denormalized,$\mu_2$: EdgeCount,2.0,2026-05-01 15:45:39.183228502,neo4j,edge-left,False,dde87466-3408-4175-a593-8f2b3d09126e
$S_\text{No-2}$,denormalized,$\mu_3$: AvgNodePropCount,3.3333333333333335,2026-05-01 15:45:39.183228502,neo4j,edge-left,False,dde87466-3408-4175-a593-8f2b3d09126e
$S_\text{No-2}$,denormalized,$\mu_4$: AvgEdgePropCount,0.0,2026-05-01 15:45:39.183228502,neo4j,edge-left,False,dde87466-3408-4175-a593-8f2b3d09126e
$S_\text{No-2}$,edge-left,$\mu_1$: NodeCount,3.0,2026-05-01 15:45:39.185821847,neo4j,edge-left,False,dde87466-3408-4175-a593-8f2b3d09126e
$S_\text{No-2}$,edge-left,$\mu_2$: EdgeCount,2.0,2026-05-01 15:45:39.185821847,neo4j,edge-left,False,dde87466-3408-4175-a593-8f2b3d09126e
$S_\text{No-2}$,edge-left,$\mu_3$: AvgNodePropCount,3.3333333333333335,2026-05-01 15:45:39.185821847,neo4j,edge-left,False,dde87466-3408-4175-a593-8f2b3d09126e
$S_\text{No-2}$,edge-left,$\mu_4$: AvgEdgePropCount,0.0,2026-05-01 15:45:39.185821847,neo4j,edge-left,False,dde87466-3408-4175-a593-8f2b3d09126e
$S_\text{No-3}$,denormalized,$\mu_1$: NodeCount,3.0,2026-05-01 15:46:32.051718257,neo4j,all,False,dde87466-3408-4175-a593-8f2b3d09126e
$S_\text{No-3}$,denormalized,$\mu_2$: EdgeCount,2.0,2026-05-01 15:46:32.051718257,neo4j,all,False,dde87466-3408-4175-a593-8f2b3d09126e
$S_\text{No-3}$,denormalized,$\mu_3$: AvgNodePropCount,3.3333333333333335,2026-05-01 15:46:32.051718257,neo4j,all,False,dde87466-3408-4175-a593-8f2b3d09126e
$S_\text{No-3}$,denormalized,$\mu_4$: AvgEdgePropCount,0.0,2026-05-01 15:46:32.051718257,neo4j,all,False,dde87466-3408-4175-a593-8f2b3d09126e
$S_\text{No-3}$,all,$\mu_1$: NodeCount,6.0,2026-05-01 15:46:33.497698906,neo4j,all,False,dde87466-3408-4175-a593-8f2b3d09126e
$S_\text{No-3}$,all,$\mu_2$: EdgeCount,5.0,2026-05-01 15:46:33.497698906,neo4j,all,False,dde87466-3408-4175-a593-8f2b3d09126e
$S_\text{No-3}$,all,$\mu_3$: AvgNodePropCount,2.3333333333333335,2026-05-01 15:46:33.497698906,neo4j,all,False,dde87466-3408-4175-a593-8f2b3d09126e
$S_\text{No-3}$,all,$\mu_4$: AvgEdgePropCount,0.0,2026-05-01 15:46:33.497698906,neo4j,all,False,dde87466-3408-4175-a593-8f2b3d09126e
$S_\text{No-3}$,denormalized,$\mu_1$: NodeCount,3.0,2026-05-01 15:47:29.323870819,neo4j,node-left,False,dde87466-3408-4175-a593-8f2b3d09126e
$S_\text{No-3}$,denormalized,$\mu_2$: EdgeCount,2.0,2026-05-01 15:47:29.323870819,neo4j,node-left,False,dde87466-3408-4175-a593-8f2b3d09126e
$S_\text{No-3}$,denormalized,$\mu_3$: AvgNodePropCount,3.3333333333333335,2026-05-01 15:47:29.323870819,neo4j,node-left,False,dde87466-3408-4175-a593-8f2b3d09126e
$S_\text{No-3}$,denormalized,$\mu_4$: AvgEdgePropCount,0.0,2026-05-01 15:47:29.323870819,neo4j,node-left,False,dde87466-3408-4175-a593-8f2b3d09126e
$S_\text{No-3}$,node-left,$\mu_1$: NodeCount,6.0,2026-05-01 15:47:30.852341241,neo4j,node-left,False,dde87466-3408-4175-a593-8f2b3d09126e
$S_\text{No-3}$,node-left,$\mu_2$: EdgeCount,5.0,2026-05-01 15:47:30.852341241,neo4j,node-left,False,dde87466-3408-4175-a593-8f2b3d09126e
$S_\text{No-3}$,node-left,$\mu_3$: AvgNodePropCount,2.333333333333333,2026-05-01 15:47:30.852341241,neo4j,node-left,False,dde87466-3408-4175-a593-8f2b3d09126e
$S_\text{No-3}$,node-left,$\mu_4$: AvgEdgePropCount,0.0,2026-05-01 15:47:30.852341241,neo4j,node-left,False,dde87466-3408-4175-a593-8f2b3d09126e
$S_\text{No-3}$,denormalized,$\mu_1$: NodeCount,3.0,2026-05-01 15:48:19.946500860,neo4j,edge-left,False,dde87466-3408-4175-a593-8f2b3d09126e
$S_\text{No-3}$,denormalized,$\mu_2$: EdgeCount,2.0,2026-05-01 15:48:19.946500860,neo4j,edge-left,False,dde87466-3408-4175-a593-8f2b3d09126e
$S_\text{No-3}$,denormalized,$\mu_3$: AvgNodePropCount,3.3333333333333335,2026-05-01 15:48:19.946500860,neo4j,edge-left,False,dde87466-3408-4175-a593-8f2b3d09126e
$S_\text{No-3}$,denormalized,$\mu_4$: AvgEdgePropCount,0.0,2026-05-01 15:48:19.946500860,neo4j,edge-left,False,dde87466-3408-4175-a593-8f2b3d09126e
$S_\text{No-3}$,edge-left,$\mu_1$: NodeCount,3.0,2026-05-01 15:48:19.948192244,neo4j,edge-left,False,dde87466-3408-4175-a593-8f2b3d09126e
$S_\text{No-3}$,edge-left,$\mu_2$: EdgeCount,2.0,2026-05-01 15:48:19.948192244,neo4j,edge-left,False,dde87466-3408-4175-a593-8f2b3d09126e
$S_\text{No-3}$,edge-left,$\mu_3$: AvgNodePropCount,3.3333333333333335,2026-05-01 15:48:19.948192244,neo4j,edge-left,False,dde87466-3408-4175-a593-8f2b3d09126e
$S_\text{No-3}$,edge-left,$\mu_4$: AvgEdgePropCount,0.0,2026-05-01 15:48:19.948192244,neo4j,edge-left,False,dde87466-3408-4175-a593-8f2b3d09126e
$S_\text{Nw}$,denormalized,$\mu_1$: NodeCount,1035.0,2026-04-29 01:32:02.992655566,neo4j,all,False,63cf1200-eff1-4a81-a9ab-a77af295e146
$S_\text{Nw}$,denormalized,$\mu_2$: EdgeCount,3139.0,2026-04-29 01:32:02.992655566,neo4j,all,False,63cf1200-eff1-4a81-a9ab-a77af295e146
$S_\text{Nw}$,denormalized,$\mu_3$: AvgNodePropCount,13.30531400966183,2026-04-29 01:32:02.992655566,neo4j,all,False,63cf1200-eff1-4a81-a9ab-a77af295e146
$S_\text{Nw}$,denormalized,$\mu_4$: AvgEdgePropCount,3.4326218540936595,2026-04-29 01:32:02.992655566,neo4j,all,False,63cf1200-eff1-4a81-a9ab-a77af295e146
$S_\text{Nw}$,all,$\mu_1$: NodeCount,1124.0,2026-04-29 01:32:03.576816904,neo4j,all,False,63cf1200-eff1-4a81-a9ab-a77af295e146
$S_\text{Nw}$,all,$\mu_2$: EdgeCount,3969.0,2026-04-29 01:32:03.576816904,neo4j,all,False,63cf1200-eff1-4a81-a9ab-a77af295e146
$S_\text{Nw}$,all,$\mu_3$: AvgNodePropCount,8.296263345195728,2026-04-29 01:32:03.576816904,neo4j,all,False,63cf1200-eff1-4a81-a9ab-a77af295e146
$S_\text{Nw}$,all,$\mu_4$: AvgEdgePropCount,2.7147896195515235,2026-04-29 01:32:03.576816904,neo4j,all,False,63cf1200-eff1-4a81-a9ab-a77af295e146
$S_\text{Nw}$,denormalized,$\mu_1$: NodeCount,1035.0,2026-04-29 01:32:57.383390836,neo4j,node-left,False,63cf1200-eff1-4a81-a9ab-a77af295e146
$S_\text{Nw}$,denormalized,$\mu_2$: EdgeCount,3139.0,2026-04-29 01:32:57.383390836,neo4j,node-left,False,63cf1200-eff1-4a81-a9ab-a77af295e146
$S_\text{Nw}$,denormalized,$\mu_3$: AvgNodePropCount,13.30531400966183,2026-04-29 01:32:57.383390836,neo4j,node-left,False,63cf1200-eff1-4a81-a9ab-a77af295e146
$S_\text{Nw}$,denormalized,$\mu_4$: AvgEdgePropCount,3.4326218540936595,2026-04-29 01:32:57.383390836,neo4j,node-left,False,63cf1200-eff1-4a81-a9ab-a77af295e146
$S_\text{Nw}$,node-left,$\mu_1$: NodeCount,1124.0,2026-04-29 01:32:58.057666660,neo4j,node-left,False,63cf1200-eff1-4a81-a9ab-a77af295e146
$S_\text{Nw}$,node-left,$\mu_2$: EdgeCount,3969.0,2026-04-29 01:32:58.057666660,neo4j,node-left,False,63cf1200-eff1-4a81-a9ab-a77af295e146
$S_\text{Nw}$,node-left,$\mu_3$: AvgNodePropCount,8.296263345195728,2026-04-29 01:32:58.057666660,neo4j,node-left,False,63cf1200-eff1-4a81-a9ab-a77af295e146
$S_\text{Nw}$,node-left,$\mu_4$: AvgEdgePropCount,2.7147896195515235,2026-04-29 01:32:58.057666660,neo4j,node-left,False,63cf1200-eff1-4a81-a9ab-a77af295e146
$S_\text{Nw}$,denormalized,$\mu_1$: NodeCount,1035.0,2026-04-29 01:33:53.039990243,neo4j,edge-left,False,63cf1200-eff1-4a81-a9ab-a77af295e146
$S_\text{Nw}$,denormalized,$\mu_2$: EdgeCount,3139.0,2026-04-29 01:33:53.039990243,neo4j,edge-left,False,63cf1200-eff1-4a81-a9ab-a77af295e146
$S_\text{Nw}$,denormalized,$\mu_3$: AvgNodePropCount,13.30531400966183,2026-04-29 01:33:53.039990243,neo4j,edge-left,False,63cf1200-eff1-4a81-a9ab-a77af295e146
$S_\text{Nw}$,denormalized,$\mu_4$: AvgEdgePropCount,3.4326218540936595,2026-04-29 01:33:53.039990243,neo4j,edge-left,False,63cf1200-eff1-4a81-a9ab-a77af295e146
$S_\text{Nw}$,edge-left,$\mu_1$: NodeCount,1035.0,2026-04-29 01:33:53.042548275,neo4j,edge-left,False,63cf1200-eff1-4a81-a9ab-a77af295e146
$S_\text{Nw}$,edge-left,$\mu_2$: EdgeCount,3139.0,2026-04-29 01:33:53.042548275,neo4j,edge-left,False,63cf1200-eff1-4a81-a9ab-a77af295e146
$S_\text{Nw}$,edge-left,$\mu_3$: AvgNodePropCount,13.30531400966183,2026-04-29 01:33:53.042548275,neo4j,edge-left,False,63cf1200-eff1-4a81-a9ab-a77af295e146
$S_\text{Nw}$,edge-left,$\mu_4$: AvgEdgePropCount,3.4326218540936595,2026-04-29 01:33:53.042548275,neo4j,edge-left,False,63cf1200-eff1-4a81-a9ab-a77af295e146
$S_\text{Lon}$,denormalized,$\mu_1$: NodeCount,651.0,2026-04-29 01:34:50.132880314,neo4j,all,False,63cf1200-eff1-4a81-a9ab-a77af295e146
$S_\text{Lon}$,denormalized,$\mu_2$: EdgeCount,1952.0,2026-04-29 01:34:50.132880314,neo4j,all,False,63cf1200-eff1-4a81-a9ab-a77af295e146
$S_\text{Lon}$,denormalized,$\mu_3$: AvgNodePropCount,4.992319508448543,2026-04-29 01:34:50.132880314,neo4j,all,False,63cf1200-eff1-4a81-a9ab-a77af295e146
$S_\text{Lon}$,denormalized,$\mu_4$: AvgEdgePropCount,3.0,2026-04-29 01:34:50.132880314,neo4j,all,False,63cf1200-eff1-4a81-a9ab-a77af295e146
$S_\text{Lon}$,all,$\mu_1$: NodeCount,2646.0,2026-04-29 01:34:51.461262982,neo4j,all,False,63cf1200-eff1-4a81-a9ab-a77af295e146
$S_\text{Lon}$,all,$\mu_2$: EdgeCount,6502.0,2026-04-29 01:34:51.461262982,neo4j,all,False,63cf1200-eff1-4a81-a9ab-a77af295e146
$S_\text{Lon}$,all,$\mu_3$: AvgNodePropCount,0.7830687830687776,2026-04-29 01:34:51.461262982,neo4j,all,False,63cf1200-eff1-4a81-a9ab-a77af295e146
$S_\text{Lon}$,all,$\mu_4$: AvgEdgePropCount,0.0,2026-04-29 01:34:51.461262982,neo4j,all,False,63cf1200-eff1-4a81-a9ab-a77af295e146
$S_\text{Lon}$,denormalized,$\mu_1$: NodeCount,651.0,2026-04-29 01:35:44.891542290,neo4j,node-left,False,63cf1200-eff1-4a81-a9ab-a77af295e146
$S_\text{Lon}$,denormalized,$\mu_2$: EdgeCount,1952.0,2026-04-29 01:35:44.891542290,neo4j,node-left,False,63cf1200-eff1-4a81-a9ab-a77af295e146
$S_\text{Lon}$,denormalized,$\mu_3$: AvgNodePropCount,4.992319508448543,2026-04-29 01:35:44.891542290,neo4j,node-left,False,63cf1200-eff1-4a81-a9ab-a77af295e146
$S_\text{Lon}$,denormalized,$\mu_4$: AvgEdgePropCount,3.0,2026-04-29 01:35:44.891542290,neo4j,node-left,False,63cf1200-eff1-4a81-a9ab-a77af295e146
$S_\text{Lon}$,node-left,$\mu_1$: NodeCount,666.0,2026-04-29 01:35:45.502410063,neo4j,node-left,False,63cf1200-eff1-4a81-a9ab-a77af295e146
$S_\text{Lon}$,node-left,$\mu_2$: EdgeCount,2598.0,2026-04-29 01:35:45.502410063,neo4j,node-left,False,63cf1200-eff1-4a81-a9ab-a77af295e146
$S_\text{Lon}$,node-left,$\mu_3$: AvgNodePropCount,2.9849849849849828,2026-04-29 01:35:45.502410063,neo4j,node-left,False,63cf1200-eff1-4a81-a9ab-a77af295e146
$S_\text{Lon}$,node-left,$\mu_4$: AvgEdgePropCount,2.2540415704387975,2026-04-29 01:35:45.502410063,neo4j,node-left,False,63cf1200-eff1-4a81-a9ab-a77af295e146
$S_\text{Lon}$,denormalized,$\mu_1$: NodeCount,651.0,2026-04-29 01:36:42.239153961,neo4j,edge-left,False,63cf1200-eff1-4a81-a9ab-a77af295e146
$S_\text{Lon}$,denormalized,$\mu_2$: EdgeCount,1952.0,2026-04-29 01:36:42.239153961,neo4j,edge-left,False,63cf1200-eff1-4a81-a9ab-a77af295e146
$S_\text{Lon}$,denormalized,$\mu_3$: AvgNodePropCount,4.992319508448543,2026-04-29 01:36:42.239153961,neo4j,edge-left,False,63cf1200-eff1-4a81-a9ab-a77af295e146
$S_\text{Lon}$,denormalized,$\mu_4$: AvgEdgePropCount,3.0,2026-04-29 01:36:42.239153961,neo4j,edge-left,False,63cf1200-eff1-4a81-a9ab-a77af295e146
$S_\text{Lon}$,edge-left,$\mu_1$: NodeCount,2631.0,2026-04-29 01:36:43.231935594,neo4j,edge-left,False,63cf1200-eff1-4a81-a9ab-a77af295e146
$S_\text{Lon}$,edge-left,$\mu_2$: EdgeCount,5856.0,2026-04-29 01:36:43.231935594,neo4j,edge-left,False,63cf1200-eff1-4a81-a9ab-a77af295e146
$S_\text{Lon}$,edge-left,$\mu_3$: AvgNodePropCount,1.2671987837324208,2026-04-29 01:36:43.231935594,neo4j,edge-left,False,63cf1200-eff1-4a81-a9ab-a77af295e146
$S_\text{Lon}$,edge-left,$\mu_4$: AvgEdgePropCount,0.0,2026-04-29 01:36:43.231935594,neo4j,edge-left,False,63cf1200-eff1-4a81-a9ab-a77af295e146
$S_\text{Ts-1}$,denormalized,$\mu_1$: NodeCount,194179.0,2026-04-29 01:39:32.828497526,memgraph,all,False,63cf1200-eff1-4a81-a9ab-a77af295e146
$S_\text{Ts-1}$,denormalized,$\mu_2$: EdgeCount,1826601.0,2026-04-29 01:39:32.828497526,memgraph,all,False,63cf1200-eff1-4a81-a9ab-a77af295e146
$S_\text{Ts-1}$,denormalized,$\mu_3$: AvgNodePropCount,6.983252565931434,2026-04-29 01:39:32.828497526,memgraph,all,False,63cf1200-eff1-4a81-a9ab-a77af295e146
$S_\text{Ts-1}$,denormalized,$\mu_4$: AvgEdgePropCount,3.787838723399363,2026-04-29 01:39:32.828497526,memgraph,all,False,63cf1200-eff1-4a81-a9ab-a77af295e146
$S_\text{Ts-1}$,all,$\mu_1$: NodeCount,3845579.0,2026-04-29 01:40:31.493128889,memgraph,all,False,63cf1200-eff1-4a81-a9ab-a77af295e146
$S_\text{Ts-1}$,all,$\mu_2$: EdgeCount,5286216.0,2026-04-29 01:40:31.493128889,memgraph,all,False,63cf1200-eff1-4a81-a9ab-a77af295e146
$S_\text{Ts-1}$,all,$\mu_3$: AvgNodePropCount,2.0998752073484903,2026-04-29 01:40:31.493128889,memgraph,all,False,63cf1200-eff1-4a81-a9ab-a77af295e146
$S_\text{Ts-1}$,all,$\mu_4$: AvgEdgePropCount,0.0,2026-04-29 01:40:31.493128889,memgraph,all,False,63cf1200-eff1-4a81-a9ab-a77af295e146
$S_\text{Ts-1}$,denormalized,$\mu_1$: NodeCount,194179.0,2026-04-29 01:43:20.527385113,memgraph,node-left,False,63cf1200-eff1-4a81-a9ab-a77af295e146
$S_\text{Ts-1}$,denormalized,$\mu_2$: EdgeCount,1826601.0,2026-04-29 01:43:20.527385113,memgraph,node-left,False,63cf1200-eff1-4a81-a9ab-a77af295e146
$S_\text{Ts-1}$,denormalized,$\mu_3$: AvgNodePropCount,6.983252565931434,2026-04-29 01:43:20.527385113,memgraph,node-left,False,63cf1200-eff1-4a81-a9ab-a77af295e146
$S_\text{Ts-1}$,denormalized,$\mu_4$: AvgEdgePropCount,3.787838723399363,2026-04-29 01:43:20.527385113,memgraph,node-left,False,63cf1200-eff1-4a81-a9ab-a77af295e146
$S_\text{Ts-1}$,node-left,$\mu_1$: NodeCount,579979.0,2026-04-29 01:43:39.811432176,memgraph,node-left,False,63cf1200-eff1-4a81-a9ab-a77af295e146
$S_\text{Ts-1}$,node-left,$\mu_2$: EdgeCount,2214417.0,2026-04-29 01:43:39.811432176,memgraph,node-left,False,63cf1200-eff1-4a81-a9ab-a77af295e146
$S_\text{Ts-1}$,node-left,$\mu_3$: AvgNodePropCount,2.9962619336217347,2026-04-29 01:43:39.811432176,memgraph,node-left,False,63cf1200-eff1-4a81-a9ab-a77af295e146
$S_\text{Ts-1}$,node-left,$\mu_4$: AvgEdgePropCount,2.299598043186988,2026-04-29 01:43:39.811432176,memgraph,node-left,False,63cf1200-eff1-4a81-a9ab-a77af295e146
$S_\text{Ts-1}$,denormalized,$\mu_1$: NodeCount,194179.0,2026-04-29 01:46:13.983040640,memgraph,edge-left,False,63cf1200-eff1-4a81-a9ab-a77af295e146
$S_\text{Ts-1}$,denormalized,$\mu_2$: EdgeCount,1826601.0,2026-04-29 01:46:13.983040640,memgraph,edge-left,False,63cf1200-eff1-4a81-a9ab-a77af295e146
$S_\text{Ts-1}$,denormalized,$\mu_3$: AvgNodePropCount,6.983252565931434,2026-04-29 01:46:13.983040640,memgraph,edge-left,False,63cf1200-eff1-4a81-a9ab-a77af295e146
$S_\text{Ts-1}$,denormalized,$\mu_4$: AvgEdgePropCount,3.787838723399363,2026-04-29 01:46:13.983040640,memgraph,edge-left,False,63cf1200-eff1-4a81-a9ab-a77af295e146
$S_\text{Ts-1}$,edge-left,$\mu_1$: NodeCount,3459779.0,2026-04-29 01:46:53.364570443,memgraph,edge-left,False,63cf1200-eff1-4a81-a9ab-a77af295e146
$S_\text{Ts-1}$,edge-left,$\mu_2$: EdgeCount,4898400.0,2026-04-29 01:46:53.364570443,memgraph,edge-left,False,63cf1200-eff1-4a81-a9ab-a77af295e146
$S_\text{Ts-1}$,edge-left,$\mu_3$: AvgNodePropCount,2.22368769797146,2026-04-29 01:46:53.364570443,memgraph,edge-left,False,63cf1200-eff1-4a81-a9ab-a77af295e146
$S_\text{Ts-1}$,edge-left,$\mu_4$: AvgEdgePropCount,0.0,2026-04-29 01:46:53.364570443,memgraph,edge-left,False,63cf1200-eff1-4a81-a9ab-a77af295e146
$S_\text{Ts-2}$,denormalized,$\mu_1$: NodeCount,194179.0,2026-04-29 01:49:51.245289180,memgraph,all,False,63cf1200-eff1-4a81-a9ab-a77af295e146
$S_\text{Ts-2}$,denormalized,$\mu_2$: EdgeCount,1826601.0,2026-04-29 01:49:51.245289180,memgraph,all,False,63cf1200-eff1-4a81-a9ab-a77af295e146
$S_\text{Ts-2}$,denormalized,$\mu_3$: AvgNodePropCount,6.983252565931434,2026-04-29 01:49:51.245289180,memgraph,all,False,63cf1200-eff1-4a81-a9ab-a77af295e146
$S_\text{Ts-2}$,denormalized,$\mu_4$: AvgEdgePropCount,3.787838723399363,2026-04-29 01:49:51.245289180,memgraph,all,False,63cf1200-eff1-4a81-a9ab-a77af295e146
$S_\text{Ts-2}$,all,$\mu_1$: NodeCount,5672180.0,2026-04-29 01:51:33.533827140,memgraph,all,False,63cf1200-eff1-4a81-a9ab-a77af295e146
$S_\text{Ts-2}$,all,$\mu_2$: EdgeCount,10766019.0,2026-04-29 01:51:33.533827140,memgraph,all,False,63cf1200-eff1-4a81-a9ab-a77af295e146
$S_\text{Ts-2}$,all,$\mu_3$: AvgNodePropCount,2.3214187490523925,2026-04-29 01:51:33.533827140,memgraph,all,False,63cf1200-eff1-4a81-a9ab-a77af295e146
$S_\text{Ts-2}$,all,$\mu_4$: AvgEdgePropCount,0.0,2026-04-29 01:51:33.533827140,memgraph,all,False,63cf1200-eff1-4a81-a9ab-a77af295e146
$S_\text{Ts-2}$,denormalized,$\mu_1$: NodeCount,194179.0,2026-04-29 01:54:45.673072655,memgraph,node-left,False,63cf1200-eff1-4a81-a9ab-a77af295e146
$S_\text{Ts-2}$,denormalized,$\mu_2$: EdgeCount,1826601.0,2026-04-29 01:54:45.673072655,memgraph,node-left,False,63cf1200-eff1-4a81-a9ab-a77af295e146
$S_\text{Ts-2}$,denormalized,$\mu_3$: AvgNodePropCount,6.983252565931434,2026-04-29 01:54:45.673072655,memgraph,node-left,False,63cf1200-eff1-4a81-a9ab-a77af295e146
$S_\text{Ts-2}$,denormalized,$\mu_4$: AvgEdgePropCount,3.787838723399363,2026-04-29 01:54:45.673072655,memgraph,node-left,False,63cf1200-eff1-4a81-a9ab-a77af295e146
$S_\text{Ts-2}$,node-left,$\mu_1$: NodeCount,579979.0,2026-04-29 01:55:05.200575435,memgraph,node-left,False,63cf1200-eff1-4a81-a9ab-a77af295e146
$S_\text{Ts-2}$,node-left,$\mu_2$: EdgeCount,2214417.0,2026-04-29 01:55:05.200575435,memgraph,node-left,False,63cf1200-eff1-4a81-a9ab-a77af295e146
$S_\text{Ts-2}$,node-left,$\mu_3$: AvgNodePropCount,2.9962619336217347,2026-04-29 01:55:05.200575435,memgraph,node-left,False,63cf1200-eff1-4a81-a9ab-a77af295e146
$S_\text{Ts-2}$,node-left,$\mu_4$: AvgEdgePropCount,2.299598043186988,2026-04-29 01:55:05.200575435,memgraph,node-left,False,63cf1200-eff1-4a81-a9ab-a77af295e146
$S_\text{Ts-2}$,denormalized,$\mu_1$: NodeCount,194179.0,2026-04-29 01:57:42.193432367,memgraph,edge-left,False,63cf1200-eff1-4a81-a9ab-a77af295e146
$S_\text{Ts-2}$,denormalized,$\mu_2$: EdgeCount,1826601.0,2026-04-29 01:57:42.193432367,memgraph,edge-left,False,63cf1200-eff1-4a81-a9ab-a77af295e146
$S_\text{Ts-2}$,denormalized,$\mu_3$: AvgNodePropCount,6.983252565931434,2026-04-29 01:57:42.193432367,memgraph,edge-left,False,63cf1200-eff1-4a81-a9ab-a77af295e146
$S_\text{Ts-2}$,denormalized,$\mu_4$: AvgEdgePropCount,3.787838723399363,2026-04-29 01:57:42.193432367,memgraph,edge-left,False,63cf1200-eff1-4a81-a9ab-a77af295e146
$S_\text{Ts-2}$,edge-left,$\mu_1$: NodeCount,5286922.0,2026-04-29 01:59:03.958543922,memgraph,edge-left,False,63cf1200-eff1-4a81-a9ab-a77af295e146
$S_\text{Ts-2}$,edge-left,$\mu_2$: EdgeCount,10378203.0,2026-04-29 01:59:03.958543922,memgraph,edge-left,False,63cf1200-eff1-4a81-a9ab-a77af295e146
$S_\text{Ts-2}$,edge-left,$\mu_3$: AvgNodePropCount,2.4184731683198657,2026-04-29 01:59:03.958543922,memgraph,edge-left,False,63cf1200-eff1-4a81-a9ab-a77af295e146
$S_\text{Ts-2}$,edge-left,$\mu_4$: AvgEdgePropCount,0.0,2026-04-29 01:59:03.958543922,memgraph,edge-left,False,63cf1200-eff1-4a81-a9ab-a77af295e146
$S_\text{Off-1}$,denormalized,$\mu_1$: NodeCount,2016523.0,2026-04-29 02:06:04.537589541,memgraph,all,False,63cf1200-eff1-4a81-a9ab-a77af295e146
$S_\text{Off-1}$,denormalized,$\mu_2$: EdgeCount,3339267.0,2026-04-29 02:06:04.537589541,memgraph,all,False,63cf1200-eff1-4a81-a9ab-a77af295e146
$S_\text{Off-1}$,denormalized,$\mu_3$: AvgNodePropCount,9.86189297121828,2026-04-29 02:06:04.537589541,memgraph,all,False,63cf1200-eff1-4a81-a9ab-a77af295e146
$S_\text{Off-1}$,denormalized,$\mu_4$: AvgEdgePropCount,3.2509934066368458,2026-04-29 02:06:04.537589541,memgraph,all,False,63cf1200-eff1-4a81-a9ab-a77af295e146
$S_\text{Off-1}$,all,$\mu_1$: NodeCount,2017381.0,2026-04-29 02:06:13.863855120,memgraph,all,False,63cf1200-eff1-4a81-a9ab-a77af295e146
$S_\text{Off-1}$,all,$\mu_2$: EdgeCount,3681864.0,2026-04-29 02:06:13.863855120,memgraph,all,False,63cf1200-eff1-4a81-a9ab-a77af295e146
$S_\text{Off-1}$,all,$\mu_3$: AvgNodePropCount,9.518903965091374,2026-04-29 02:06:13.863855120,memgraph,all,False,63cf1200-eff1-4a81-a9ab-a77af295e146
$S_\text{Off-1}$,all,$\mu_4$: AvgEdgePropCount,2.9484888632497017,2026-04-29 02:06:13.863855120,memgraph,all,False,63cf1200-eff1-4a81-a9ab-a77af295e146
$S_\text{Off-1}$,denormalized,$\mu_1$: NodeCount,2016523.0,2026-04-29 02:12:46.480870011,memgraph,node-left,False,63cf1200-eff1-4a81-a9ab-a77af295e146
$S_\text{Off-1}$,denormalized,$\mu_2$: EdgeCount,3339267.0,2026-04-29 02:12:46.480870011,memgraph,node-left,False,63cf1200-eff1-4a81-a9ab-a77af295e146
$S_\text{Off-1}$,denormalized,$\mu_3$: AvgNodePropCount,9.86189297121828,2026-04-29 02:12:46.480870011,memgraph,node-left,False,63cf1200-eff1-4a81-a9ab-a77af295e146
$S_\text{Off-1}$,denormalized,$\mu_4$: AvgEdgePropCount,3.2509934066368458,2026-04-29 02:12:46.480870011,memgraph,node-left,False,63cf1200-eff1-4a81-a9ab-a77af295e146
$S_\text{Off-1}$,node-left,$\mu_1$: NodeCount,2017381.0,2026-04-29 02:12:56.714114147,memgraph,node-left,False,63cf1200-eff1-4a81-a9ab-a77af295e146
$S_\text{Off-1}$,node-left,$\mu_2$: EdgeCount,3681864.0,2026-04-29 02:12:56.714114147,memgraph,node-left,False,63cf1200-eff1-4a81-a9ab-a77af295e146
$S_\text{Off-1}$,node-left,$\mu_3$: AvgNodePropCount,9.518903965091374,2026-04-29 02:12:56.714114147,memgraph,node-left,False,63cf1200-eff1-4a81-a9ab-a77af295e146
$S_\text{Off-1}$,node-left,$\mu_4$: AvgEdgePropCount,2.9484888632497017,2026-04-29 02:12:56.714114147,memgraph,node-left,False,63cf1200-eff1-4a81-a9ab-a77af295e146
$S_\text{Off-1}$,denormalized,$\mu_1$: NodeCount,2016523.0,2026-04-29 02:19:25.165869046,memgraph,edge-left,False,63cf1200-eff1-4a81-a9ab-a77af295e146
$S_\text{Off-1}$,denormalized,$\mu_2$: EdgeCount,3339267.0,2026-04-29 02:19:25.165869046,memgraph,edge-left,False,63cf1200-eff1-4a81-a9ab-a77af295e146
$S_\text{Off-1}$,denormalized,$\mu_3$: AvgNodePropCount,9.86189297121828,2026-04-29 02:19:25.165869046,memgraph,edge-left,False,63cf1200-eff1-4a81-a9ab-a77af295e146
$S_\text{Off-1}$,denormalized,$\mu_4$: AvgEdgePropCount,3.2509934066368458,2026-04-29 02:19:25.165869046,memgraph,edge-left,False,63cf1200-eff1-4a81-a9ab-a77af295e146
$S_\text{Off-1}$,edge-left,$\mu_1$: NodeCount,2016523.0,2026-04-29 02:19:25.167594230,memgraph,edge-left,False,63cf1200-eff1-4a81-a9ab-a77af295e146
$S_\text{Off-1}$,edge-left,$\mu_2$: EdgeCount,3339267.0,2026-04-29 02:19:25.167594230,memgraph,edge-left,False,63cf1200-eff1-4a81-a9ab-a77af295e146
$S_\text{Off-1}$,edge-left,$\mu_3$: AvgNodePropCount,9.86189297121828,2026-04-29 02:19:25.167594230,memgraph,edge-left,False,63cf1200-eff1-4a81-a9ab-a77af295e146
$S_\text{Off-1}$,edge-left,$\mu_4$: AvgEdgePropCount,3.2509934066368458,2026-04-29 02:19:25.167594230,memgraph,edge-left,False,63cf1200-eff1-4a81-a9ab-a77af295e146
$S_\text{Off-2}$,denormalized,$\mu_1$: NodeCount,2016523.0,2026-04-29 02:26:11.028807624,memgraph,all,False,63cf1200-eff1-4a81-a9ab-a77af295e146
$S_\text{Off-2}$,denormalized,$\mu_2$: EdgeCount,3339267.0,2026-04-29 02:26:11.028807624,memgraph,all,False,63cf1200-eff1-4a81-a9ab-a77af295e146
$S_\text{Off-2}$,denormalized,$\mu_3$: AvgNodePropCount,9.86189297121828,2026-04-29 02:26:11.028807624,memgraph,all,False,63cf1200-eff1-4a81-a9ab-a77af295e146
$S_\text{Off-2}$,denormalized,$\mu_4$: AvgEdgePropCount,3.2509934066368458,2026-04-29 02:26:11.028807624,memgraph,all,False,63cf1200-eff1-4a81-a9ab-a77af295e146
$S_\text{Off-2}$,all,$\mu_1$: NodeCount,2021602.0,2026-04-29 02:26:48.098562041,memgraph,all,False,63cf1200-eff1-4a81-a9ab-a77af295e146
$S_\text{Off-2}$,all,$\mu_2$: EdgeCount,4854231.0,2026-04-29 02:26:48.098562041,memgraph,all,False,63cf1200-eff1-4a81-a9ab-a77af295e146
$S_\text{Off-2}$,all,$\mu_3$: AvgNodePropCount,8.595673629131747,2026-04-29 02:26:48.098562041,memgraph,all,False,63cf1200-eff1-4a81-a9ab-a77af295e146
$S_\text{Off-2}$,all,$\mu_4$: AvgEdgePropCount,2.236386154676199,2026-04-29 02:26:48.098562041,memgraph,all,False,63cf1200-eff1-4a81-a9ab-a77af295e146
$S_\text{Off-2}$,denormalized,$\mu_1$: NodeCount,2016523.0,2026-04-29 02:33:30.345500497,memgraph,node-left,False,63cf1200-eff1-4a81-a9ab-a77af295e146
$S_\text{Off-2}$,denormalized,$\mu_2$: EdgeCount,3339267.0,2026-04-29 02:33:30.345500497,memgraph,node-left,False,63cf1200-eff1-4a81-a9ab-a77af295e146
$S_\text{Off-2}$,denormalized,$\mu_3$: AvgNodePropCount,9.86189297121828,2026-04-29 02:33:30.345500497,memgraph,node-left,False,63cf1200-eff1-4a81-a9ab-a77af295e146
$S_\text{Off-2}$,denormalized,$\mu_4$: AvgEdgePropCount,3.2509934066368458,2026-04-29 02:33:30.345500497,memgraph,node-left,False,63cf1200-eff1-4a81-a9ab-a77af295e146
$S_\text{Off-2}$,node-left,$\mu_1$: NodeCount,2021602.0,2026-04-29 02:34:03.405086140,memgraph,node-left,False,63cf1200-eff1-4a81-a9ab-a77af295e146
$S_\text{Off-2}$,node-left,$\mu_2$: EdgeCount,4854231.0,2026-04-29 02:34:03.405086140,memgraph,node-left,False,63cf1200-eff1-4a81-a9ab-a77af295e146
$S_\text{Off-2}$,node-left,$\mu_3$: AvgNodePropCount,8.595673629131747,2026-04-29 02:34:03.405086140,memgraph,node-left,False,63cf1200-eff1-4a81-a9ab-a77af295e146
$S_\text{Off-2}$,node-left,$\mu_4$: AvgEdgePropCount,2.236386154676199,2026-04-29 02:34:03.405086140,memgraph,node-left,False,63cf1200-eff1-4a81-a9ab-a77af295e146
$S_\text{Off-2}$,denormalized,$\mu_1$: NodeCount,2016523.0,2026-04-29 02:41:02.247049994,memgraph,edge-left,False,63cf1200-eff1-4a81-a9ab-a77af295e146
$S_\text{Off-2}$,denormalized,$\mu_2$: EdgeCount,3339267.0,2026-04-29 02:41:02.247049994,memgraph,edge-left,False,63cf1200-eff1-4a81-a9ab-a77af295e146
$S_\text{Off-2}$,denormalized,$\mu_3$: AvgNodePropCount,9.86189297121828,2026-04-29 02:41:02.247049994,memgraph,edge-left,False,63cf1200-eff1-4a81-a9ab-a77af295e146
$S_\text{Off-2}$,denormalized,$\mu_4$: AvgEdgePropCount,3.2509934066368458,2026-04-29 02:41:02.247049994,memgraph,edge-left,False,63cf1200-eff1-4a81-a9ab-a77af295e146
$S_\text{Off-2}$,edge-left,$\mu_1$: NodeCount,2016523.0,2026-04-29 02:41:02.247946056,memgraph,edge-left,False,63cf1200-eff1-4a81-a9ab-a77af295e146
$S_\text{Off-2}$,edge-left,$\mu_2$: EdgeCount,3339267.0,2026-04-29 02:41:02.247946056,memgraph,edge-left,False,63cf1200-eff1-4a81-a9ab-a77af295e146
$S_\text{Off-2}$,edge-left,$\mu_3$: AvgNodePropCount,9.86189297121828,2026-04-29 02:41:02.247946056,memgraph,edge-left,False,63cf1200-eff1-4a81-a9ab-a77af295e146
$S_\text{Off-2}$,edge-left,$\mu_4$: AvgEdgePropCount,3.2509934066368458,2026-04-29 02:41:02.247946056,memgraph,edge-left,False,63cf1200-eff1-4a81-a9ab-a77af295e146
$S_\text{Off-3}$,denormalized,$\mu_1$: NodeCount,2016523.0,2026-04-29 02:48:11.784586740,memgraph,all,False,63cf1200-eff1-4a81-a9ab-a77af295e146
$S_\text{Off-3}$,denormalized,$\mu_2$: EdgeCount,3339267.0,2026-04-29 02:48:11.784586740,memgraph,all,False,63cf1200-eff1-4a81-a9ab-a77af295e146
$S_\text{Off-3}$,denormalized,$\mu_3$: AvgNodePropCount,9.86189297121828,2026-04-29 02:48:11.784586740,memgraph,all,False,63cf1200-eff1-4a81-a9ab-a77af295e146
$S_\text{Off-3}$,denormalized,$\mu_4$: AvgEdgePropCount,3.2509934066368458,2026-04-29 02:48:11.784586740,memgraph,all,False,63cf1200-eff1-4a81-a9ab-a77af295e146
$S_\text{Off-3}$,all,$\mu_1$: NodeCount,2017388.0,2026-04-29 02:48:38.045651218,memgraph,all,False,63cf1200-eff1-4a81-a9ab-a77af295e146
$S_\text{Off-3}$,all,$\mu_2$: EdgeCount,4367058.0,2026-04-29 02:48:38.045651218,memgraph,all,False,63cf1200-eff1-4a81-a9ab-a77af295e146
$S_\text{Off-3}$,all,$\mu_3$: AvgNodePropCount,9.009411674898432,2026-04-29 02:48:38.045651218,memgraph,all,False,63cf1200-eff1-4a81-a9ab-a77af295e146
$S_\text{Off-3}$,all,$\mu_4$: AvgEdgePropCount,2.485869205309387,2026-04-29 02:48:38.045651218,memgraph,all,False,63cf1200-eff1-4a81-a9ab-a77af295e146
$S_\text{Off-3}$,denormalized,$\mu_1$: NodeCount,2016523.0,2026-04-29 02:55:27.289254394,memgraph,node-left,False,63cf1200-eff1-4a81-a9ab-a77af295e146
$S_\text{Off-3}$,denormalized,$\mu_2$: EdgeCount,3339267.0,2026-04-29 02:55:27.289254394,memgraph,node-left,False,63cf1200-eff1-4a81-a9ab-a77af295e146
$S_\text{Off-3}$,denormalized,$\mu_3$: AvgNodePropCount,9.86189297121828,2026-04-29 02:55:27.289254394,memgraph,node-left,False,63cf1200-eff1-4a81-a9ab-a77af295e146
$S_\text{Off-3}$,denormalized,$\mu_4$: AvgEdgePropCount,3.2509934066368458,2026-04-29 02:55:27.289254394,memgraph,node-left,False,63cf1200-eff1-4a81-a9ab-a77af295e146
$S_\text{Off-3}$,node-left,$\mu_1$: NodeCount,2017388.0,2026-04-29 02:56:12.081555915,memgraph,node-left,False,63cf1200-eff1-4a81-a9ab-a77af295e146
$S_\text{Off-3}$,node-left,$\mu_2$: EdgeCount,4367058.0,2026-04-29 02:56:12.081555915,memgraph,node-left,False,63cf1200-eff1-4a81-a9ab-a77af295e146
$S_\text{Off-3}$,node-left,$\mu_3$: AvgNodePropCount,9.009411674898432,2026-04-29 02:56:12.081555915,memgraph,node-left,False,63cf1200-eff1-4a81-a9ab-a77af295e146
$S_\text{Off-3}$,node-left,$\mu_4$: AvgEdgePropCount,2.485869205309387,2026-04-29 02:56:12.081555915,memgraph,node-left,False,63cf1200-eff1-4a81-a9ab-a77af295e146
$S_\text{Off-3}$,denormalized,$\mu_1$: NodeCount,2016523.0,2026-04-29 03:03:11.033157501,memgraph,edge-left,False,63cf1200-eff1-4a81-a9ab-a77af295e146
$S_\text{Off-3}$,denormalized,$\mu_2$: EdgeCount,3339267.0,2026-04-29 03:03:11.033157501,memgraph,edge-left,False,63cf1200-eff1-4a81-a9ab-a77af295e146
$S_\text{Off-3}$,denormalized,$\mu_3$: AvgNodePropCount,9.86189297121828,2026-04-29 03:03:11.033157501,memgraph,edge-left,False,63cf1200-eff1-4a81-a9ab-a77af295e146
$S_\text{Off-3}$,denormalized,$\mu_4$: AvgEdgePropCount,3.2509934066368458,2026-04-29 03:03:11.033157501,memgraph,edge-left,False,63cf1200-eff1-4a81-a9ab-a77af295e146
$S_\text{Off-3}$,edge-left,$\mu_1$: NodeCount,2016523.0,2026-04-29 03:03:11.034895484,memgraph,edge-left,False,63cf1200-eff1-4a81-a9ab-a77af295e146
$S_\text{Off-3}$,edge-left,$\mu_2$: EdgeCount,3339267.0,2026-04-29 03:03:11.034895484,memgraph,edge-left,False,63cf1200-eff1-4a81-a9ab-a77af295e146
$S_\text{Off-3}$,edge-left,$\mu_3$: AvgNodePropCount,9.86189297121828,2026-04-29 03:03:11.034895484,memgraph,edge-left,False,63cf1200-eff1-4a81-a9ab-a77af295e146
$S_\text{Off-3}$,edge-left,$\mu_4$: AvgEdgePropCount,3.2509934066368458,2026-04-29 03:03:11.034895484,memgraph,edge-left,False,63cf1200-eff1-4a81-a9ab-a77af295e146
$S_\text{Uni-1}$,denormalized,$\mu_1$: NodeCount,4.0,2026-04-29 03:03:31.961453763,memgraph,all,False,63cf1200-eff1-4a81-a9ab-a77af295e146
$S_\text{Uni-1}$,denormalized,$\mu_2$: EdgeCount,3.0,2026-04-29 03:03:31.961453763,memgraph,all,False,63cf1200-eff1-4a81-a9ab-a77af295e146
$S_\text{Uni-1}$,denormalized,$\mu_3$: AvgNodePropCount,1.25,2026-04-29 03:03:31.961453763,memgraph,all,False,63cf1200-eff1-4a81-a9ab-a77af295e146
$S_\text{Uni-1}$,denormalized,$\mu_4$: AvgEdgePropCount,2.0,2026-04-29 03:03:31.961453763,memgraph,all,False,63cf1200-eff1-4a81-a9ab-a77af295e146
$S_\text{Uni-1}$,all,$\mu_1$: NodeCount,4.0,2026-04-29 03:03:31.969909278,memgraph,all,False,63cf1200-eff1-4a81-a9ab-a77af295e146
$S_\text{Uni-1}$,all,$\mu_2$: EdgeCount,3.0,2026-04-29 03:03:31.969909278,memgraph,all,False,63cf1200-eff1-4a81-a9ab-a77af295e146
$S_\text{Uni-1}$,all,$\mu_3$: AvgNodePropCount,1.5,2026-04-29 03:03:31.969909278,memgraph,all,False,63cf1200-eff1-4a81-a9ab-a77af295e146
$S_\text{Uni-1}$,all,$\mu_4$: AvgEdgePropCount,1.0,2026-04-29 03:03:31.969909278,memgraph,all,False,63cf1200-eff1-4a81-a9ab-a77af295e146
$S_\text{Uni-1}$,denormalized,$\mu_1$: NodeCount,4.0,2026-04-29 03:03:32.412448175,memgraph,node-left,False,63cf1200-eff1-4a81-a9ab-a77af295e146
$S_\text{Uni-1}$,denormalized,$\mu_2$: EdgeCount,3.0,2026-04-29 03:03:32.412448175,memgraph,node-left,False,63cf1200-eff1-4a81-a9ab-a77af295e146
$S_\text{Uni-1}$,denormalized,$\mu_3$: AvgNodePropCount,1.25,2026-04-29 03:03:32.412448175,memgraph,node-left,False,63cf1200-eff1-4a81-a9ab-a77af295e146
$S_\text{Uni-1}$,denormalized,$\mu_4$: AvgEdgePropCount,2.0,2026-04-29 03:03:32.412448175,memgraph,node-left,False,63cf1200-eff1-4a81-a9ab-a77af295e146
$S_\text{Uni-1}$,node-left,$\mu_1$: NodeCount,4.0,2026-04-29 03:03:32.420335488,memgraph,node-left,False,63cf1200-eff1-4a81-a9ab-a77af295e146
$S_\text{Uni-1}$,node-left,$\mu_2$: EdgeCount,3.0,2026-04-29 03:03:32.420335488,memgraph,node-left,False,63cf1200-eff1-4a81-a9ab-a77af295e146
$S_\text{Uni-1}$,node-left,$\mu_3$: AvgNodePropCount,1.5,2026-04-29 03:03:32.420335488,memgraph,node-left,False,63cf1200-eff1-4a81-a9ab-a77af295e146
$S_\text{Uni-1}$,node-left,$\mu_4$: AvgEdgePropCount,1.0,2026-04-29 03:03:32.420335488,memgraph,node-left,False,63cf1200-eff1-4a81-a9ab-a77af295e146
$S_\text{Uni-1}$,denormalized,$\mu_1$: NodeCount,4.0,2026-04-29 03:03:33.114736140,memgraph,edge-left,False,63cf1200-eff1-4a81-a9ab-a77af295e146
$S_\text{Uni-1}$,denormalized,$\mu_2$: EdgeCount,3.0,2026-04-29 03:03:33.114736140,memgraph,edge-left,False,63cf1200-eff1-4a81-a9ab-a77af295e146
$S_\text{Uni-1}$,denormalized,$\mu_3$: AvgNodePropCount,1.25,2026-04-29 03:03:33.114736140,memgraph,edge-left,False,63cf1200-eff1-4a81-a9ab-a77af295e146
$S_\text{Uni-1}$,denormalized,$\mu_4$: AvgEdgePropCount,2.0,2026-04-29 03:03:33.114736140,memgraph,edge-left,False,63cf1200-eff1-4a81-a9ab-a77af295e146
$S_\text{Uni-1}$,edge-left,$\mu_1$: NodeCount,4.0,2026-04-29 03:03:33.116170359,memgraph,edge-left,False,63cf1200-eff1-4a81-a9ab-a77af295e146
$S_\text{Uni-1}$,edge-left,$\mu_2$: EdgeCount,3.0,2026-04-29 03:03:33.116170359,memgraph,edge-left,False,63cf1200-eff1-4a81-a9ab-a77af295e146
$S_\text{Uni-1}$,edge-left,$\mu_3$: AvgNodePropCount,1.25,2026-04-29 03:03:33.116170359,memgraph,edge-left,False,63cf1200-eff1-4a81-a9ab-a77af295e146
$S_\text{Uni-1}$,edge-left,$\mu_4$: AvgEdgePropCount,2.0,2026-04-29 03:03:33.116170359,memgraph,edge-left,False,63cf1200-eff1-4a81-a9ab-a77af295e146
$S_\text{Uni-2}$,denormalized,$\mu_1$: NodeCount,4.0,2026-04-29 03:03:33.791353416,memgraph,all,False,63cf1200-eff1-4a81-a9ab-a77af295e146
$S_\text{Uni-2}$,denormalized,$\mu_2$: EdgeCount,3.0,2026-04-29 03:03:33.791353416,memgraph,all,False,63cf1200-eff1-4a81-a9ab-a77af295e146
$S_\text{Uni-2}$,denormalized,$\mu_3$: AvgNodePropCount,1.25,2026-04-29 03:03:33.791353416,memgraph,all,False,63cf1200-eff1-4a81-a9ab-a77af295e146
$S_\text{Uni-2}$,denormalized,$\mu_4$: AvgEdgePropCount,2.0,2026-04-29 03:03:33.791353416,memgraph,all,False,63cf1200-eff1-4a81-a9ab-a77af295e146
$S_\text{Uni-2}$,all,$\mu_1$: NodeCount,5.0,2026-04-29 03:03:33.802584929,memgraph,all,False,63cf1200-eff1-4a81-a9ab-a77af295e146
$S_\text{Uni-2}$,all,$\mu_2$: EdgeCount,4.0,2026-04-29 03:03:33.802584929,memgraph,all,False,63cf1200-eff1-4a81-a9ab-a77af295e146
$S_\text{Uni-2}$,all,$\mu_3$: AvgNodePropCount,1.2,2026-04-29 03:03:33.802584929,memgraph,all,False,63cf1200-eff1-4a81-a9ab-a77af295e146
$S_\text{Uni-2}$,all,$\mu_4$: AvgEdgePropCount,0.75,2026-04-29 03:03:33.802584929,memgraph,all,False,63cf1200-eff1-4a81-a9ab-a77af295e146
$S_\text{Uni-2}$,denormalized,$\mu_1$: NodeCount,4.0,2026-04-29 03:03:34.400938208,memgraph,node-left,False,63cf1200-eff1-4a81-a9ab-a77af295e146
$S_\text{Uni-2}$,denormalized,$\mu_2$: EdgeCount,3.0,2026-04-29 03:03:34.400938208,memgraph,node-left,False,63cf1200-eff1-4a81-a9ab-a77af295e146
$S_\text{Uni-2}$,denormalized,$\mu_3$: AvgNodePropCount,1.25,2026-04-29 03:03:34.400938208,memgraph,node-left,False,63cf1200-eff1-4a81-a9ab-a77af295e146
$S_\text{Uni-2}$,denormalized,$\mu_4$: AvgEdgePropCount,2.0,2026-04-29 03:03:34.400938208,memgraph,node-left,False,63cf1200-eff1-4a81-a9ab-a77af295e146
$S_\text{Uni-2}$,node-left,$\mu_1$: NodeCount,5.0,2026-04-29 03:03:34.408213926,memgraph,node-left,False,63cf1200-eff1-4a81-a9ab-a77af295e146
$S_\text{Uni-2}$,node-left,$\mu_2$: EdgeCount,4.0,2026-04-29 03:03:34.408213926,memgraph,node-left,False,63cf1200-eff1-4a81-a9ab-a77af295e146
$S_\text{Uni-2}$,node-left,$\mu_3$: AvgNodePropCount,1.2,2026-04-29 03:03:34.408213926,memgraph,node-left,False,63cf1200-eff1-4a81-a9ab-a77af295e146
$S_\text{Uni-2}$,node-left,$\mu_4$: AvgEdgePropCount,0.75,2026-04-29 03:03:34.408213926,memgraph,node-left,False,63cf1200-eff1-4a81-a9ab-a77af295e146
$S_\text{Uni-2}$,denormalized,$\mu_1$: NodeCount,4.0,2026-04-29 03:03:35.104527964,memgraph,edge-left,False,63cf1200-eff1-4a81-a9ab-a77af295e146
$S_\text{Uni-2}$,denormalized,$\mu_2$: EdgeCount,3.0,2026-04-29 03:03:35.104527964,memgraph,edge-left,False,63cf1200-eff1-4a81-a9ab-a77af295e146
$S_\text{Uni-2}$,denormalized,$\mu_3$: AvgNodePropCount,1.25,2026-04-29 03:03:35.104527964,memgraph,edge-left,False,63cf1200-eff1-4a81-a9ab-a77af295e146
$S_\text{Uni-2}$,denormalized,$\mu_4$: AvgEdgePropCount,2.0,2026-04-29 03:03:35.104527964,memgraph,edge-left,False,63cf1200-eff1-4a81-a9ab-a77af295e146
$S_\text{Uni-2}$,edge-left,$\mu_1$: NodeCount,4.0,2026-04-29 03:03:35.105986779,memgraph,edge-left,False,63cf1200-eff1-4a81-a9ab-a77af295e146
$S_\text{Uni-2}$,edge-left,$\mu_2$: EdgeCount,3.0,2026-04-29 03:03:35.105986779,memgraph,edge-left,False,63cf1200-eff1-4a81-a9ab-a77af295e146
$S_\text{Uni-2}$,edge-left,$\mu_3$: AvgNodePropCount,1.25,2026-04-29 03:03:35.105986779,memgraph,edge-left,False,63cf1200-eff1-4a81-a9ab-a77af295e146
$S_\text{Uni-2}$,edge-left,$\mu_4$: AvgEdgePropCount,2.0,2026-04-29 03:03:35.105986779,memgraph,edge-left,False,63cf1200-eff1-4a81-a9ab-a77af295e146
$S_\text{No-1}$,denormalized,$\mu_1$: NodeCount,3.0,2026-05-01 15:48:42.671268238,memgraph,all,False,dde87466-3408-4175-a593-8f2b3d09126e
$S_\text{No-1}$,denormalized,$\mu_2$: EdgeCount,2.0,2026-05-01 15:48:42.671268238,memgraph,all,False,dde87466-3408-4175-a593-8f2b3d09126e
$S_\text{No-1}$,denormalized,$\mu_3$: AvgNodePropCount,3.3333333333333335,2026-05-01 15:48:42.671268238,memgraph,all,False,dde87466-3408-4175-a593-8f2b3d09126e
$S_\text{No-1}$,denormalized,$\mu_4$: AvgEdgePropCount,0.0,2026-05-01 15:48:42.671268238,memgraph,all,False,dde87466-3408-4175-a593-8f2b3d09126e
$S_\text{No-1}$,all,$\mu_1$: NodeCount,6.0,2026-05-01 15:48:42.701132607,memgraph,all,False,dde87466-3408-4175-a593-8f2b3d09126e
$S_\text{No-1}$,all,$\mu_2$: EdgeCount,6.0,2026-05-01 15:48:42.701132607,memgraph,all,False,dde87466-3408-4175-a593-8f2b3d09126e
$S_\text{No-1}$,all,$\mu_3$: AvgNodePropCount,1.6666666666666667,2026-05-01 15:48:42.701132607,memgraph,all,False,dde87466-3408-4175-a593-8f2b3d09126e
$S_\text{No-1}$,all,$\mu_4$: AvgEdgePropCount,0.0,2026-05-01 15:48:42.701132607,memgraph,all,False,dde87466-3408-4175-a593-8f2b3d09126e
$S_\text{No-1}$,denormalized,$\mu_1$: NodeCount,3.0,2026-05-01 15:48:43.349816810,memgraph,node-left,False,dde87466-3408-4175-a593-8f2b3d09126e
$S_\text{No-1}$,denormalized,$\mu_2$: EdgeCount,2.0,2026-05-01 15:48:43.349816810,memgraph,node-left,False,dde87466-3408-4175-a593-8f2b3d09126e
$S_\text{No-1}$,denormalized,$\mu_3$: AvgNodePropCount,3.3333333333333335,2026-05-01 15:48:43.349816810,memgraph,node-left,False,dde87466-3408-4175-a593-8f2b3d09126e
$S_\text{No-1}$,denormalized,$\mu_4$: AvgEdgePropCount,0.0,2026-05-01 15:48:43.349816810,memgraph,node-left,False,dde87466-3408-4175-a593-8f2b3d09126e
$S_\text{No-1}$,node-left,$\mu_1$: NodeCount,6.0,2026-05-01 15:48:43.367761086,memgraph,node-left,False,dde87466-3408-4175-a593-8f2b3d09126e
$S_\text{No-1}$,node-left,$\mu_2$: EdgeCount,6.0,2026-05-01 15:48:43.367761086,memgraph,node-left,False,dde87466-3408-4175-a593-8f2b3d09126e
$S_\text{No-1}$,node-left,$\mu_3$: AvgNodePropCount,1.6666666666666667,2026-05-01 15:48:43.367761086,memgraph,node-left,False,dde87466-3408-4175-a593-8f2b3d09126e
$S_\text{No-1}$,node-left,$\mu_4$: AvgEdgePropCount,0.0,2026-05-01 15:48:43.367761086,memgraph,node-left,False,dde87466-3408-4175-a593-8f2b3d09126e
$S_\text{No-1}$,denormalized,$\mu_1$: NodeCount,3.0,2026-05-01 15:48:43.992161709,memgraph,edge-left,False,dde87466-3408-4175-a593-8f2b3d09126e
$S_\text{No-1}$,denormalized,$\mu_2$: EdgeCount,2.0,2026-05-01 15:48:43.992161709,memgraph,edge-left,False,dde87466-3408-4175-a593-8f2b3d09126e
$S_\text{No-1}$,denormalized,$\mu_3$: AvgNodePropCount,3.3333333333333335,2026-05-01 15:48:43.992161709,memgraph,edge-left,False,dde87466-3408-4175-a593-8f2b3d09126e
$S_\text{No-1}$,denormalized,$\mu_4$: AvgEdgePropCount,0.0,2026-05-01 15:48:43.992161709,memgraph,edge-left,False,dde87466-3408-4175-a593-8f2b3d09126e
$S_\text{No-1}$,edge-left,$\mu_1$: NodeCount,3.0,2026-05-01 15:48:43.993873263,memgraph,edge-left,False,dde87466-3408-4175-a593-8f2b3d09126e
$S_\text{No-1}$,edge-left,$\mu_2$: EdgeCount,2.0,2026-05-01 15:48:43.993873263,memgraph,edge-left,False,dde87466-3408-4175-a593-8f2b3d09126e
$S_\text{No-1}$,edge-left,$\mu_3$: AvgNodePropCount,3.3333333333333335,2026-05-01 15:48:43.993873263,memgraph,edge-left,False,dde87466-3408-4175-a593-8f2b3d09126e
$S_\text{No-1}$,edge-left,$\mu_4$: AvgEdgePropCount,0.0,2026-05-01 15:48:43.993873263,memgraph,edge-left,False,dde87466-3408-4175-a593-8f2b3d09126e
$S_\text{No-2}$,denormalized,$\mu_1$: NodeCount,3.0,2026-05-01 15:48:44.603490003,memgraph,all,False,dde87466-3408-4175-a593-8f2b3d09126e
$S_\text{No-2}$,denormalized,$\mu_2$: EdgeCount,2.0,2026-05-01 15:48:44.603490003,memgraph,all,False,dde87466-3408-4175-a593-8f2b3d09126e
$S_\text{No-2}$,denormalized,$\mu_3$: AvgNodePropCount,3.3333333333333335,2026-05-01 15:48:44.603490003,memgraph,all,False,dde87466-3408-4175-a593-8f2b3d09126e
$S_\text{No-2}$,denormalized,$\mu_4$: AvgEdgePropCount,0.0,2026-05-01 15:48:44.603490003,memgraph,all,False,dde87466-3408-4175-a593-8f2b3d09126e
$S_\text{No-2}$,all,$\mu_1$: NodeCount,8.0,2026-05-01 15:48:44.638969963,memgraph,all,False,dde87466-3408-4175-a593-8f2b3d09126e
$S_\text{No-2}$,all,$\mu_2$: EdgeCount,8.0,2026-05-01 15:48:44.638969963,memgraph,all,False,dde87466-3408-4175-a593-8f2b3d09126e
$S_\text{No-2}$,all,$\mu_3$: AvgNodePropCount,2.0,2026-05-01 15:48:44.638969963,memgraph,all,False,dde87466-3408-4175-a593-8f2b3d09126e
$S_\text{No-2}$,all,$\mu_4$: AvgEdgePropCount,0.0,2026-05-01 15:48:44.638969963,memgraph,all,False,dde87466-3408-4175-a593-8f2b3d09126e
$S_\text{No-2}$,denormalized,$\mu_1$: NodeCount,3.0,2026-05-01 15:48:45.270211802,memgraph,node-left,False,dde87466-3408-4175-a593-8f2b3d09126e
$S_\text{No-2}$,denormalized,$\mu_2$: EdgeCount,2.0,2026-05-01 15:48:45.270211802,memgraph,node-left,False,dde87466-3408-4175-a593-8f2b3d09126e
$S_\text{No-2}$,denormalized,$\mu_3$: AvgNodePropCount,3.3333333333333335,2026-05-01 15:48:45.270211802,memgraph,node-left,False,dde87466-3408-4175-a593-8f2b3d09126e
$S_\text{No-2}$,denormalized,$\mu_4$: AvgEdgePropCount,0.0,2026-05-01 15:48:45.270211802,memgraph,node-left,False,dde87466-3408-4175-a593-8f2b3d09126e
$S_\text{No-2}$,node-left,$\mu_1$: NodeCount,8.0,2026-05-01 15:48:45.292688376,memgraph,node-left,False,dde87466-3408-4175-a593-8f2b3d09126e
$S_\text{No-2}$,node-left,$\mu_2$: EdgeCount,8.0,2026-05-01 15:48:45.292688376,memgraph,node-left,False,dde87466-3408-4175-a593-8f2b3d09126e
$S_\text{No-2}$,node-left,$\mu_3$: AvgNodePropCount,2.0,2026-05-01 15:48:45.292688376,memgraph,node-left,False,dde87466-3408-4175-a593-8f2b3d09126e
$S_\text{No-2}$,node-left,$\mu_4$: AvgEdgePropCount,0.0,2026-05-01 15:48:45.292688376,memgraph,node-left,False,dde87466-3408-4175-a593-8f2b3d09126e
$S_\text{No-2}$,denormalized,$\mu_1$: NodeCount,3.0,2026-05-01 15:48:45.937961200,memgraph,edge-left,False,dde87466-3408-4175-a593-8f2b3d09126e
$S_\text{No-2}$,denormalized,$\mu_2$: EdgeCount,2.0,2026-05-01 15:48:45.937961200,memgraph,edge-left,False,dde87466-3408-4175-a593-8f2b3d09126e
$S_\text{No-2}$,denormalized,$\mu_3$: AvgNodePropCount,3.3333333333333335,2026-05-01 15:48:45.937961200,memgraph,edge-left,False,dde87466-3408-4175-a593-8f2b3d09126e
$S_\text{No-2}$,denormalized,$\mu_4$: AvgEdgePropCount,0.0,2026-05-01 15:48:45.937961200,memgraph,edge-left,False,dde87466-3408-4175-a593-8f2b3d09126e
$S_\text{No-2}$,edge-left,$\mu_1$: NodeCount,3.0,2026-05-01 15:48:45.939789728,memgraph,edge-left,False,dde87466-3408-4175-a593-8f2b3d09126e
$S_\text{No-2}$,edge-left,$\mu_2$: EdgeCount,2.0,2026-05-01 15:48:45.939789728,memgraph,edge-left,False,dde87466-3408-4175-a593-8f2b3d09126e
$S_\text{No-2}$,edge-left,$\mu_3$: AvgNodePropCount,3.3333333333333335,2026-05-01 15:48:45.939789728,memgraph,edge-left,False,dde87466-3408-4175-a593-8f2b3d09126e
$S_\text{No-2}$,edge-left,$\mu_4$: AvgEdgePropCount,0.0,2026-05-01 15:48:45.939789728,memgraph,edge-left,False,dde87466-3408-4175-a593-8f2b3d09126e
$S_\text{No-3}$,denormalized,$\mu_1$: NodeCount,3.0,2026-05-01 15:48:46.613284962,memgraph,all,False,dde87466-3408-4175-a593-8f2b3d09126e
$S_\text{No-3}$,denormalized,$\mu_2$: EdgeCount,2.0,2026-05-01 15:48:46.613284962,memgraph,all,False,dde87466-3408-4175-a593-8f2b3d09126e
$S_\text{No-3}$,denormalized,$\mu_3$: AvgNodePropCount,3.3333333333333335,2026-05-01 15:48:46.613284962,memgraph,all,False,dde87466-3408-4175-a593-8f2b3d09126e
$S_\text{No-3}$,denormalized,$\mu_4$: AvgEdgePropCount,0.0,2026-05-01 15:48:46.613284962,memgraph,all,False,dde87466-3408-4175-a593-8f2b3d09126e
$S_\text{No-3}$,all,$\mu_1$: NodeCount,6.0,2026-05-01 15:48:46.633820088,memgraph,all,False,dde87466-3408-4175-a593-8f2b3d09126e
$S_\text{No-3}$,all,$\mu_2$: EdgeCount,5.0,2026-05-01 15:48:46.633820088,memgraph,all,False,dde87466-3408-4175-a593-8f2b3d09126e
$S_\text{No-3}$,all,$\mu_3$: AvgNodePropCount,2.3333333333333335,2026-05-01 15:48:46.633820088,memgraph,all,False,dde87466-3408-4175-a593-8f2b3d09126e
$S_\text{No-3}$,all,$\mu_4$: AvgEdgePropCount,0.0,2026-05-01 15:48:46.633820088,memgraph,all,False,dde87466-3408-4175-a593-8f2b3d09126e
$S_\text{No-3}$,denormalized,$\mu_1$: NodeCount,3.0,2026-05-01 15:48:47.271656043,memgraph,node-left,False,dde87466-3408-4175-a593-8f2b3d09126e
$S_\text{No-3}$,denormalized,$\mu_2$: EdgeCount,2.0,2026-05-01 15:48:47.271656043,memgraph,node-left,False,dde87466-3408-4175-a593-8f2b3d09126e
$S_\text{No-3}$,denormalized,$\mu_3$: AvgNodePropCount,3.3333333333333335,2026-05-01 15:48:47.271656043,memgraph,node-left,False,dde87466-3408-4175-a593-8f2b3d09126e
$S_\text{No-3}$,denormalized,$\mu_4$: AvgEdgePropCount,0.0,2026-05-01 15:48:47.271656043,memgraph,node-left,False,dde87466-3408-4175-a593-8f2b3d09126e
$S_\text{No-3}$,node-left,$\mu_1$: NodeCount,6.0,2026-05-01 15:48:47.294547538,memgraph,node-left,False,dde87466-3408-4175-a593-8f2b3d09126e
$S_\text{No-3}$,node-left,$\mu_2$: EdgeCount,5.0,2026-05-01 15:48:47.294547538,memgraph,node-left,False,dde87466-3408-4175-a593-8f2b3d09126e
$S_\text{No-3}$,node-left,$\mu_3$: AvgNodePropCount,2.3333333333333335,2026-05-01 15:48:47.294547538,memgraph,node-left,False,dde87466-3408-4175-a593-8f2b3d09126e
$S_\text{No-3}$,node-left,$\mu_4$: AvgEdgePropCount,0.0,2026-05-01 15:48:47.294547538,memgraph,node-left,False,dde87466-3408-4175-a593-8f2b3d09126e
$S_\text{No-3}$,denormalized,$\mu_1$: NodeCount,3.0,2026-05-01 15:48:47.977049581,memgraph,edge-left,False,dde87466-3408-4175-a593-8f2b3d09126e
$S_\text{No-3}$,denormalized,$\mu_2$: EdgeCount,2.0,2026-05-01 15:48:47.977049581,memgraph,edge-left,False,dde87466-3408-4175-a593-8f2b3d09126e
$S_\text{No-3}$,denormalized,$\mu_3$: AvgNodePropCount,3.3333333333333335,2026-05-01 15:48:47.977049581,memgraph,edge-left,False,dde87466-3408-4175-a593-8f2b3d09126e
$S_\text{No-3}$,denormalized,$\mu_4$: AvgEdgePropCount,0.0,2026-05-01 15:48:47.977049581,memgraph,edge-left,False,dde87466-3408-4175-a593-8f2b3d09126e
$S_\text{No-3}$,edge-left,$\mu_1$: NodeCount,3.0,2026-05-01 15:48:47.978370930,memgraph,edge-left,False,dde87466-3408-4175-a593-8f2b3d09126e
$S_\text{No-3}$,edge-left,$\mu_2$: EdgeCount,2.0,2026-05-01 15:48:47.978370930,memgraph,edge-left,False,dde87466-3408-4175-a593-8f2b3d09126e
$S_\text{No-3}$,edge-left,$\mu_3$: AvgNodePropCount,3.3333333333333335,2026-05-01 15:48:47.978370930,memgraph,edge-left,False,dde87466-3408-4175-a593-8f2b3d09126e
$S_\text{No-3}$,edge-left,$\mu_4$: AvgEdgePropCount,0.0,2026-05-01 15:48:47.978370930,memgraph,edge-left,False,dde87466-3408-4175-a593-8f2b3d09126e
$S_\text{Nw}$,denormalized,$\mu_1$: NodeCount,1035.0,2026-04-29 03:04:19.172128891,memgraph,all,False,63cf1200-eff1-4a81-a9ab-a77af295e146
$S_\text{Nw}$,denormalized,$\mu_2$: EdgeCount,3139.0,2026-04-29 03:04:19.172128891,memgraph,all,False,63cf1200-eff1-4a81-a9ab-a77af295e146
$S_\text{Nw}$,denormalized,$\mu_3$: AvgNodePropCount,13.305314009661835,2026-04-29 03:04:19.172128891,memgraph,all,False,63cf1200-eff1-4a81-a9ab-a77af295e146
$S_\text{Nw}$,denormalized,$\mu_4$: AvgEdgePropCount,3.4326218540936604,2026-04-29 03:04:19.172128891,memgraph,all,False,63cf1200-eff1-4a81-a9ab-a77af295e146
$S_\text{Nw}$,all,$\mu_1$: NodeCount,1124.0,2026-04-29 03:04:19.212294061,memgraph,all,False,63cf1200-eff1-4a81-a9ab-a77af295e146
$S_\text{Nw}$,all,$\mu_2$: EdgeCount,3969.0,2026-04-29 03:04:19.212294061,memgraph,all,False,63cf1200-eff1-4a81-a9ab-a77af295e146
$S_\text{Nw}$,all,$\mu_3$: AvgNodePropCount,8.29626334519573,2026-04-29 03:04:19.212294061,memgraph,all,False,63cf1200-eff1-4a81-a9ab-a77af295e146
$S_\text{Nw}$,all,$\mu_4$: AvgEdgePropCount,2.7147896195515244,2026-04-29 03:04:19.212294061,memgraph,all,False,63cf1200-eff1-4a81-a9ab-a77af295e146
$S_\text{Nw}$,denormalized,$\mu_1$: NodeCount,1035.0,2026-04-29 03:05:17.254333939,memgraph,node-left,False,63cf1200-eff1-4a81-a9ab-a77af295e146
$S_\text{Nw}$,denormalized,$\mu_2$: EdgeCount,3139.0,2026-04-29 03:05:17.254333939,memgraph,node-left,False,63cf1200-eff1-4a81-a9ab-a77af295e146
$S_\text{Nw}$,denormalized,$\mu_3$: AvgNodePropCount,13.305314009661835,2026-04-29 03:05:17.254333939,memgraph,node-left,False,63cf1200-eff1-4a81-a9ab-a77af295e146
$S_\text{Nw}$,denormalized,$\mu_4$: AvgEdgePropCount,3.4326218540936604,2026-04-29 03:05:17.254333939,memgraph,node-left,False,63cf1200-eff1-4a81-a9ab-a77af295e146
$S_\text{Nw}$,node-left,$\mu_1$: NodeCount,1124.0,2026-04-29 03:05:17.292355909,memgraph,node-left,False,63cf1200-eff1-4a81-a9ab-a77af295e146
$S_\text{Nw}$,node-left,$\mu_2$: EdgeCount,3969.0,2026-04-29 03:05:17.292355909,memgraph,node-left,False,63cf1200-eff1-4a81-a9ab-a77af295e146
$S_\text{Nw}$,node-left,$\mu_3$: AvgNodePropCount,8.29626334519573,2026-04-29 03:05:17.292355909,memgraph,node-left,False,63cf1200-eff1-4a81-a9ab-a77af295e146
$S_\text{Nw}$,node-left,$\mu_4$: AvgEdgePropCount,2.7147896195515244,2026-04-29 03:05:17.292355909,memgraph,node-left,False,63cf1200-eff1-4a81-a9ab-a77af295e146
$S_\text{Nw}$,denormalized,$\mu_1$: NodeCount,1035.0,2026-04-29 03:06:15.482425983,memgraph,edge-left,False,63cf1200-eff1-4a81-a9ab-a77af295e146
$S_\text{Nw}$,denormalized,$\mu_2$: EdgeCount,3139.0,2026-04-29 03:06:15.482425983,memgraph,edge-left,False,63cf1200-eff1-4a81-a9ab-a77af295e146
$S_\text{Nw}$,denormalized,$\mu_3$: AvgNodePropCount,13.305314009661835,2026-04-29 03:06:15.482425983,memgraph,edge-left,False,63cf1200-eff1-4a81-a9ab-a77af295e146
$S_\text{Nw}$,denormalized,$\mu_4$: AvgEdgePropCount,3.4326218540936604,2026-04-29 03:06:15.482425983,memgraph,edge-left,False,63cf1200-eff1-4a81-a9ab-a77af295e146
$S_\text{Nw}$,edge-left,$\mu_1$: NodeCount,1035.0,2026-04-29 03:06:15.484264767,memgraph,edge-left,False,63cf1200-eff1-4a81-a9ab-a77af295e146
$S_\text{Nw}$,edge-left,$\mu_2$: EdgeCount,3139.0,2026-04-29 03:06:15.484264767,memgraph,edge-left,False,63cf1200-eff1-4a81-a9ab-a77af295e146
$S_\text{Nw}$,edge-left,$\mu_3$: AvgNodePropCount,13.305314009661835,2026-04-29 03:06:15.484264767,memgraph,edge-left,False,63cf1200-eff1-4a81-a9ab-a77af295e146
$S_\text{Nw}$,edge-left,$\mu_4$: AvgEdgePropCount,3.4326218540936604,2026-04-29 03:06:15.484264767,memgraph,edge-left,False,63cf1200-eff1-4a81-a9ab-a77af295e146
$S_\text{Lon}$,denormalized,$\mu_1$: NodeCount,651.0,2026-04-29 03:07:08.123344958,memgraph,all,False,63cf1200-eff1-4a81-a9ab-a77af295e146
$S_\text{Lon}$,denormalized,$\mu_2$: EdgeCount,1952.0,2026-04-29 03:07:08.123344958,memgraph,all,False,63cf1200-eff1-4a81-a9ab-a77af295e146
$S_\text{Lon}$,denormalized,$\mu_3$: AvgNodePropCount,4.99231950844854,2026-04-29 03:07:08.123344958,memgraph,all,False,63cf1200-eff1-4a81-a9ab-a77af295e146
$S_\text{Lon}$,denormalized,$\mu_4$: AvgEdgePropCount,3.0,2026-04-29 03:07:08.123344958,memgraph,all,False,63cf1200-eff1-4a81-a9ab-a77af295e146
$S_\text{Lon}$,all,$\mu_1$: NodeCount,2646.0,2026-04-29 03:07:08.215708583,memgraph,all,False,63cf1200-eff1-4a81-a9ab-a77af295e146
$S_\text{Lon}$,all,$\mu_2$: EdgeCount,6502.0,2026-04-29 03:07:08.215708583,memgraph,all,False,63cf1200-eff1-4a81-a9ab-a77af295e146
$S_\text{Lon}$,all,$\mu_3$: AvgNodePropCount,0.783068783068783,2026-04-29 03:07:08.215708583,memgraph,all,False,63cf1200-eff1-4a81-a9ab-a77af295e146
$S_\text{Lon}$,all,$\mu_4$: AvgEdgePropCount,0.0,2026-04-29 03:07:08.215708583,memgraph,all,False,63cf1200-eff1-4a81-a9ab-a77af295e146
$S_\text{Lon}$,denormalized,$\mu_1$: NodeCount,651.0,2026-04-29 03:08:04.462686378,memgraph,node-left,False,63cf1200-eff1-4a81-a9ab-a77af295e146
$S_\text{Lon}$,denormalized,$\mu_2$: EdgeCount,1952.0,2026-04-29 03:08:04.462686378,memgraph,node-left,False,63cf1200-eff1-4a81-a9ab-a77af295e146
$S_\text{Lon}$,denormalized,$\mu_3$: AvgNodePropCount,4.99231950844854,2026-04-29 03:08:04.462686378,memgraph,node-left,False,63cf1200-eff1-4a81-a9ab-a77af295e146
$S_\text{Lon}$,denormalized,$\mu_4$: AvgEdgePropCount,3.0,2026-04-29 03:08:04.462686378,memgraph,node-left,False,63cf1200-eff1-4a81-a9ab-a77af295e146
$S_\text{Lon}$,node-left,$\mu_1$: NodeCount,666.0,2026-04-29 03:08:04.489722704,memgraph,node-left,False,63cf1200-eff1-4a81-a9ab-a77af295e146
$S_\text{Lon}$,node-left,$\mu_2$: EdgeCount,2598.0,2026-04-29 03:08:04.489722704,memgraph,node-left,False,63cf1200-eff1-4a81-a9ab-a77af295e146
$S_\text{Lon}$,node-left,$\mu_3$: AvgNodePropCount,2.984984984984985,2026-04-29 03:08:04.489722704,memgraph,node-left,False,63cf1200-eff1-4a81-a9ab-a77af295e146
$S_\text{Lon}$,node-left,$\mu_4$: AvgEdgePropCount,2.2540415704387993,2026-04-29 03:08:04.489722704,memgraph,node-left,False,63cf1200-eff1-4a81-a9ab-a77af295e146
$S_\text{Lon}$,denormalized,$\mu_1$: NodeCount,651.0,2026-04-29 03:09:00.201964912,memgraph,edge-left,False,63cf1200-eff1-4a81-a9ab-a77af295e146
$S_\text{Lon}$,denormalized,$\mu_2$: EdgeCount,1952.0,2026-04-29 03:09:00.201964912,memgraph,edge-left,False,63cf1200-eff1-4a81-a9ab-a77af295e146
$S_\text{Lon}$,denormalized,$\mu_3$: AvgNodePropCount,4.99231950844854,2026-04-29 03:09:00.201964912,memgraph,edge-left,False,63cf1200-eff1-4a81-a9ab-a77af295e146
$S_\text{Lon}$,denormalized,$\mu_4$: AvgEdgePropCount,3.0,2026-04-29 03:09:00.201964912,memgraph,edge-left,False,63cf1200-eff1-4a81-a9ab-a77af295e146
$S_\text{Lon}$,edge-left,$\mu_1$: NodeCount,2631.0,2026-04-29 03:09:00.283855120,memgraph,edge-left,False,63cf1200-eff1-4a81-a9ab-a77af295e146
$S_\text{Lon}$,edge-left,$\mu_2$: EdgeCount,5856.0,2026-04-29 03:09:00.283855120,memgraph,edge-left,False,63cf1200-eff1-4a81-a9ab-a77af295e146
$S_\text{Lon}$,edge-left,$\mu_3$: AvgNodePropCount,1.2671987837324212,2026-04-29 03:09:00.283855120,memgraph,edge-left,False,63cf1200-eff1-4a81-a9ab-a77af295e146
$S_\text{Lon}$,edge-left,$\mu_4$: AvgEdgePropCount,0.0,2026-04-29 03:09:00.283855120,memgraph,edge-left,False,63cf1200-eff1-4a81-a9ab-a77af295e146
