graph,database,method,dependency,m5_max_inc_count,m6_avg_inc_count,m7_minimality,m7_minimality_no_clusters,m7_minimality_no_matches
$S_\text{Ts-1}$,Neo4J,denormalized,(gcged)-[t:STOPS_AT:code]->(s:Station:name)::s.name\determ t.code,40675,3370.112546125461,0.0002961786926530165,542,1826601
$S_\text{Ts-1}$,Neo4J,denormalized,"(x:TrainService:date&number&operator)-[gffdg:STOPS_AT]->(dggaa)::x.number,x.date\determ x.operator",61,9.482481869293036,0.10545713347202453,192629,1826601
$S_\text{Ts-1}$,Neo4J,denormalized,"(bbeea)-[s:STOPS_AT:departure&stopid]->(st)::s.departure,s.stopid\determ st",1,1.0,1.0,1826601,1826601
$S_\text{Ts-1}$,Neo4J,denormalized,(x:TrainService:serviceid)::x.serviceid\determ x,1,1.0,1.0,193637,193637
$S_\text{Ts-1}$,Neo4J,denormalized,(aaggf)-[s:STOPS_AT:stopid]->(bdgce)::s.stopid\determ s,1,1.0,1.0,1826601,1826601
$S_\text{Ts-1}$,Neo4J,denormalized,"(ts:TrainService:date&number&type)::ts.number,ts.date\determ ts.type",3,1.005232856942624,0.9947943564213266,192629,193637
$S_\text{Ts-1}$,Neo4J,all,"(x9:Tsdatetsnumbertstype:Tsdate&Tstype&Tsnumber)::x9.Tsdate,x9.Tsnumber\determ x9",1,1.0,1.0,192629,192629
$S_\text{Ts-1}$,Neo4J,all,(x7:Snametcode:Tcode&Sname)::x7.Sname\determ x7,1,1.0,1.0,542,542
$S_\text{Ts-1}$,Neo4J,all,(x4:Tstopid:S&Tstopid)::x4.Tstopid\determ x4,1,1.0,1.0,1632800,1632800
$S_\text{Ts-1}$,Neo4J,all,"(x1:Tsdatetsnumbertsoperator:Tsoperator&Tsdate&Tsnumber)::x1.Tsdate,x1.Tsnumber\determ x1",1,1.0,1.0,192629,192629
$S_\text{Ts-1}$,Neo4J,denormalized,"(gafaf)-[s:STOPS_AT:departure&stopid]->(st)::s.stopid,s.departure\determ st",1,1.0,1.0,1826601,1826601
$S_\text{Ts-1}$,Neo4J,denormalized,(x:TrainService:serviceid)::x.serviceid\determ x,1,1.0,1.0,193637,193637
$S_\text{Ts-1}$,Neo4J,denormalized,"(x:TrainService:date&number&operator)-[efgag:STOPS_AT]->(gdeba)::x.number,x.date\determ x.operator",61,9.482481869293036,0.10545713347202453,192629,1826601
$S_\text{Ts-1}$,Neo4J,denormalized,(eadfb)-[t:STOPS_AT:code]->(s:Station:name)::s.name\determ t.code,40675,3370.112546125461,0.0002961786926530165,542,1826601
$S_\text{Ts-1}$,Neo4J,denormalized,"(ts:TrainService:date&number&type)::ts.number,ts.date\determ ts.type",3,1.005232856942624,0.9947943564213266,192629,193637
$S_\text{Ts-1}$,Neo4J,denormalized,(ceaba)-[s:STOPS_AT:stopid]->(aeacb)::s.stopid\determ s,1,1.0,1.0,1826601,1826601
$S_\text{Ts-1}$,Neo4J,node-left,"(x2:Tsdatetsnumbertstype:Tsdate&Tstype&Tsnumber)::x2.Tsdate,x2.Tsnumber\determ x2",1,1.0,1.0,192629,192629
$S_\text{Ts-1}$,Neo4J,node-left,"(x4:Tsdatetsnumbertsoperator:Tsoperator&Tsdate&Tsnumber)::x4.Tsdate,x4.Tsnumber\determ x4",1,1.0,1.0,192629,192629
$S_\text{Ts-1}$,Neo4J,node-left,(x0:Snametcode:Tcode&Sname)::x0.Sname\determ x0,1,1.0,1.0,542,542
$S_\text{Ts-1}$,Neo4J,denormalized,(cbagc)-[t:STOPS_AT:code]->(s:Station:name)::s.name\determ t.code,40675,3370.112546125461,0.0002961786926530165,542,1826601
$S_\text{Ts-1}$,Neo4J,denormalized,"(bcaeg)-[s:STOPS_AT:departure&stopid]->(st)::s.departure,s.stopid\determ st",1,1.0,1.0,1826601,1826601
$S_\text{Ts-1}$,Neo4J,denormalized,"(x:TrainService:date&number&operator)-[dbgae:STOPS_AT]->(fgbbg)::x.number,x.date\determ x.operator",61,9.482481869293036,0.10545713347202453,192629,1826601
$S_\text{Ts-1}$,Neo4J,denormalized,(accde)-[s:STOPS_AT:stopid]->(fgdfg)::s.stopid\determ s,1,1.0,1.0,1826601,1826601
$S_\text{Ts-1}$,Neo4J,denormalized,(x:TrainService:serviceid)::x.serviceid\determ x,1,1.0,1.0,193637,193637
$S_\text{Ts-1}$,Neo4J,denormalized,"(ts:TrainService:date&number&type)::ts.number,ts.date\determ ts.type",3,1.005232856942624,0.9947943564213266,192629,193637
$S_\text{Ts-1}$,Neo4J,edge-left,(x0:Tstopid:S&Tstopid)::x0.Tstopid\determ x0,1,1.0,1.0,1632800,1632800
$S_\text{Ts-2}$,Neo4J,denormalized,"(cbbce)-[s:STOPS_AT:departure&stopid]->(st)::s.departure,s.stopid\determ st",1,1.0,1.0,1826601,1826601
$S_\text{Ts-2}$,Neo4J,denormalized,(cbagc)-[s:STOPS_AT:stopid]->(ebccb)::s.stopid\determ s,1,1.0,1.0,1826601,1826601
$S_\text{Ts-2}$,Neo4J,denormalized,(eddaa)-[t:STOPS_AT:code]->(s:Station:name)::s.name\determ t.code,40675,3370.112546125461,0.0002961786926530165,542,1826601
$S_\text{Ts-2}$,Neo4J,denormalized,(ebegb)-[t:STOPS_AT:code]->(s:Station:name)::t.code\determ s.name,40675,3370.112546125461,0.0002961786926530165,542,1826601
$S_\text{Ts-2}$,Neo4J,denormalized,(x:TrainService:serviceid)::x.serviceid\determ x,1,1.0,1.0,193637,193637
$S_\text{Ts-2}$,Neo4J,denormalized,"(x:TrainService:date&number&operator)-[decec:STOPS_AT]->(dceeg)::x.date,x.number\determ x.operator",61,9.482481869293036,0.10545713347202453,192629,1826601
$S_\text{Ts-2}$,Neo4J,denormalized,"(ts:TrainService:date&number&type)::ts.number,ts.date\determ ts.type",3,1.005232856942624,0.9947943564213266,192629,193637
$S_\text{Ts-2}$,Neo4J,all,"(x10:Tsdatetsnumbertstype:Tsdate&Tstype&Tsnumber)::x10.Tsdate,x10.Tsnumber\determ x10",1,1.0,1.0,192629,192629
$S_\text{Ts-2}$,Neo4J,all,(x3:Tstopid:S&Tstopid)::x3.Tstopid\determ x3,1,1.0,1.0,1632800,1632800
$S_\text{Ts-2}$,Neo4J,all,(x4:Snametcode:Tcode&Sname)::x4.Sname\determ x4,1,1.0,1.0,542,542
$S_\text{Ts-2}$,Neo4J,all,(x2:Snametcode:Tcode&Sname)::x2.Tcode\determ x2,1,1.0,1.0,542,542
$S_\text{Ts-2}$,Neo4J,all,"(x8:Tsdatetsnumbertsoperator:Tsoperator&Tsdate&Tsnumber)::x8.Tsnumber,x8.Tsdate\determ x8",1,1.0,1.0,192629,192629
$S_\text{Ts-2}$,Neo4J,denormalized,(cdaeb)-[t:STOPS_AT:code]->(s:Station:name)::t.code\determ s.name,40675,3370.112546125461,0.0002961786926530165,542,1826601
$S_\text{Ts-2}$,Neo4J,denormalized,"(ts:TrainService:date&number&type)::ts.date,ts.number\determ ts.type",3,1.005232856942624,0.9947943564213266,192629,193637
$S_\text{Ts-2}$,Neo4J,denormalized,(bcabe)-[s:STOPS_AT:stopid]->(bfgef)::s.stopid\determ s,1,1.0,1.0,1826601,1826601
$S_\text{Ts-2}$,Neo4J,denormalized,"(x:TrainService:date&number&operator)-[acddc:STOPS_AT]->(aafdc)::x.number,x.date\determ x.operator",61,9.482481869293036,0.10545713347202453,192629,1826601
$S_\text{Ts-2}$,Neo4J,denormalized,(x:TrainService:serviceid)::x.serviceid\determ x,1,1.0,1.0,193637,193637
$S_\text{Ts-2}$,Neo4J,denormalized,(agace)-[t:STOPS_AT:code]->(s:Station:name)::s.name\determ t.code,40675,3370.112546125461,0.0002961786926530165,542,1826601
$S_\text{Ts-2}$,Neo4J,denormalized,"(gaecb)-[s:STOPS_AT:departure&stopid]->(st)::s.stopid,s.departure\determ st",1,1.0,1.0,1826601,1826601
$S_\text{Ts-2}$,Neo4J,node-left,"(x5:Tsdatetsnumbertsoperator:Tsoperator&Tsdate&Tsnumber)::x5.Tsnumber,x5.Tsdate\determ x5",1,1.0,1.0,192629,192629
$S_\text{Ts-2}$,Neo4J,node-left,(x6:Snametcode:Tcode&Sname)::x6.Sname\determ x6,1,1.0,1.0,542,542
$S_\text{Ts-2}$,Neo4J,node-left,"(x3:Tsdatetsnumbertstype:Tsdate&Tstype&Tsnumber)::x3.Tsdate,x3.Tsnumber\determ x3",1,1.0,1.0,192629,192629
$S_\text{Ts-2}$,Neo4J,denormalized,(ffbba)-[s:STOPS_AT:stopid]->(aegea)::s.stopid\determ s,1,1.0,1.0,1826601,1826601
$S_\text{Ts-2}$,Neo4J,denormalized,(bgfdc)-[t:STOPS_AT:code]->(s:Station:name)::t.code\determ s.name,40675,3370.112546125461,0.0002961786926530165,542,1826601
$S_\text{Ts-2}$,Neo4J,denormalized,"(x:TrainService:date&number&operator)-[daeea:STOPS_AT]->(efbfa)::x.number,x.date\determ x.operator",61,9.482481869293036,0.10545713347202453,192629,1826601
$S_\text{Ts-2}$,Neo4J,denormalized,"(agcce)-[s:STOPS_AT:departure&stopid]->(st)::s.stopid,s.departure\determ st",1,1.0,1.0,1826601,1826601
$S_\text{Ts-2}$,Neo4J,denormalized,(x:TrainService:serviceid)::x.serviceid\determ x,1,1.0,1.0,193637,193637
$S_\text{Ts-2}$,Neo4J,denormalized,"(ts:TrainService:date&number&type)::ts.number,ts.date\determ ts.type",3,1.005232856942624,0.9947943564213266,192629,193637
$S_\text{Ts-2}$,Neo4J,denormalized,(dcdfe)-[t:STOPS_AT:code]->(s:Station:name)::s.name\determ t.code,40675,3370.112546125461,0.0002961786926530165,542,1826601
$S_\text{Ts-2}$,Neo4J,edge-left,(x0:Tstopid:S&Tstopid)::x0.Tstopid\determ x0,1,1.0,1.0,1632800,1632800
$S_\text{Ts-2}$,Neo4J,edge-left,(x1:Snametcode:Tcode&Sname)::x1.Tcode\determ x1,1,1.0,1.0,542,542
$S_\text{Off-1}$,Neo4J,denormalized,(e:Entity:country_codes&service_provider&countries)::e.country_codes\determ e.countries,309353,738.9691470054453,0.0013556940994151113,1105,814344
$S_\text{Off-1}$,Neo4J,denormalized,"(e:Entity:jurisdiction_description&countries&country_codes)::e.countries,e.jurisdiction_description\determ e.country_codes",175938,361.9306666666667,0.0027617355340440086,2250,814344
$S_\text{Off-1}$,Neo4J,denormalized,(e:Entity:country_codes&service_provider&countries)::e.countries\determ e.country_codes,309353,738.2991840435155,0.0013556940994151113,1105,814344
$S_\text{Off-1}$,Neo4J,all,(x1:EcountriesecountryCodes:Ecountries&EcountryCodes)::x1.Ecountries\determ x1,1,1.0,1.0,858,858
$S_\text{Off-1}$,Neo4J,all,(x3:EcountriesecountryCodes:Ecountries&EcountryCodes)::x3.EcountryCodes\determ x3,1,1.0,1.0,858,858
$S_\text{Off-1}$,Neo4J,denormalized,(e:Entity:country_codes&service_provider&countries)::e.country_codes\determ e.countries,309353,738.9691470054453,0.0013556940994151113,1105,814344
$S_\text{Off-1}$,Neo4J,denormalized,(e:Entity:country_codes&service_provider&countries)::e.countries\determ e.country_codes,309353,738.2991840435155,0.0013556940994151113,1105,814344
$S_\text{Off-1}$,Neo4J,denormalized,"(e:Entity:jurisdiction_description&countries&country_codes)::e.jurisdiction_description,e.countries\determ e.country_codes",175938,361.9306666666667,0.0027617355340440086,2250,814344
$S_\text{Off-1}$,Neo4J,node-left,(x1:EcountriesecountryCodes:Ecountries&EcountryCodes)::x1.Ecountries\determ x1,1,1.0,1.0,858,858
$S_\text{Off-1}$,Neo4J,node-left,(x3:EcountriesecountryCodes:Ecountries&EcountryCodes)::x3.EcountryCodes\determ x3,1,1.0,1.0,858,858
$S_\text{Off-1}$,Neo4J,denormalized,(e:Entity:country_codes&service_provider&countries)::e.country_codes\determ e.countries,309353,738.9691470054453,0.0013556940994151113,1105,814344
$S_\text{Off-1}$,Neo4J,denormalized,(e:Entity:country_codes&service_provider&countries)::e.countries\determ e.country_codes,309353,738.2991840435155,0.0013556940994151113,1105,814344
$S_\text{Off-1}$,Neo4J,denormalized,"(e:Entity:jurisdiction_description&countries&country_codes)::e.jurisdiction_description,e.countries\determ e.country_codes",175938,361.9306666666667,0.0027617355340440086,2250,814344
$S_\text{Off-1}$,Neo4J,edge-left,(e:Entity:jurisdiction_description&service_provider&countries&country_codes)::e.country_codes\determ e.countries,309353,738.9691470054453,0.0013556940994151113,1105,814344
$S_\text{Off-1}$,Neo4J,edge-left,(e:Entity:jurisdiction_description&service_provider&countries&country_codes)::e.countries\determ e.country_codes,309353,738.2991840435155,0.0013556940994151113,1105,814344
$S_\text{Off-2}$,Neo4J,denormalized,"(e:Entity:valid_until&countries&country_codes)::e.valid_until,e.countries\determ e.country_codes",175888,543.620827770362,0.001838291727196034,1498,814344
$S_\text{Off-2}$,Neo4J,denormalized,"(e:Entity:jurisdiction_description&countries&country_codes)::e.jurisdiction_description,e.countries\determ e.country_codes",175938,361.9306666666667,0.0027617355340440086,2250,814344
$S_\text{Off-2}$,Neo4J,denormalized,"(e:Entity:country_codes&sourceID&countries)::e.countries,e.sourceID\determ e.country_codes",175888,558.5349794238695,0.0017891723757679503,1458,814344
$S_\text{Off-2}$,Neo4J,denormalized,"(e:Entity:country_codes&sourceID&countries)::e.country_codes,e.sourceID\determ e.countries",175888,558.5349794238695,0.0017891723757679503,1458,814344
$S_\text{Off-2}$,Neo4J,denormalized,"(e:Entity:valid_until&countries&country_codes)::e.country_codes,e.valid_until\determ e.countries",175888,543.620827770362,0.001838291727196034,1498,814344
$S_\text{Off-2}$,Neo4J,all,"(x9:EcountriesecountryCodesevalidUntil:Ecountries&EvalidUntil&EcountryCodes)::x9.EcountryCodes,x9.EvalidUntil\determ x9",1,1.0,1.0,1455,1455
$S_\text{Off-2}$,Neo4J,all,"(x1:EcountriesecountryCodesevalidUntil:Ecountries&EvalidUntil&EcountryCodes)::x1.Ecountries,x1.EvalidUntil\determ x1",1,1.0,1.0,1455,1455
$S_\text{Off-2}$,Neo4J,all,"(x5:EcountriesecountryCodesejurisdictionDescription:Ecountries&EcountryCodes&EjurisdictionDescription)::x5.Ecountries,x5.EjurisdictionDescription\determ x5",1,1.0,1.0,2185,2185
$S_\text{Off-2}$,Neo4J,all,"(x7:EcountriesecountryCodesesourceID:Ecountries&EcountryCodes&EsourceID)::x7.EsourceID,x7.EcountryCodes\determ x7",1,1.0,1.0,1439,1439
$S_\text{Off-2}$,Neo4J,all,"(x3:EcountriesecountryCodesesourceID:EsourceID&EcountryCodes&Ecountries)::x3.Ecountries,x3.EsourceID\determ x3",1,1.0,1.0,1439,1439
$S_\text{Off-2}$,Neo4J,denormalized,"(e:Entity:jurisdiction_description&countries&country_codes)::e.countries,e.jurisdiction_description\determ e.country_codes",175938,361.9306666666667,0.0027617355340440086,2250,814344
$S_\text{Off-2}$,Neo4J,denormalized,"(e:Entity:valid_until&countries&country_codes)::e.valid_until,e.countries\determ e.country_codes",175888,543.620827770362,0.001838291727196034,1498,814344
$S_\text{Off-2}$,Neo4J,denormalized,"(e:Entity:country_codes&sourceID&countries)::e.countries,e.sourceID\determ e.country_codes",175888,558.5349794238695,0.0017891723757679503,1458,814344
$S_\text{Off-2}$,Neo4J,denormalized,"(e:Entity:country_codes&sourceID&countries)::e.sourceID,e.country_codes\determ e.countries",175888,558.5349794238695,0.0017891723757679503,1458,814344
$S_\text{Off-2}$,Neo4J,denormalized,"(e:Entity:valid_until&countries&country_codes)::e.valid_until,e.country_codes\determ e.countries",175888,543.620827770362,0.001838291727196034,1498,814344
$S_\text{Off-2}$,Neo4J,node-left,"(x9:EcountriesecountryCodesevalidUntil:Ecountries&EvalidUntil&EcountryCodes)::x9.EcountryCodes,x9.EvalidUntil\determ x9",1,1.0,1.0,1455,1455
$S_\text{Off-2}$,Neo4J,node-left,"(x1:EcountriesecountryCodesesourceID:EsourceID&Ecountries&EcountryCodes)::x1.Ecountries,x1.EsourceID\determ x1",1,1.0,1.0,1439,1439
$S_\text{Off-2}$,Neo4J,node-left,"(x3:EcountriesecountryCodesesourceID:EsourceID&Ecountries&EcountryCodes)::x3.EsourceID,x3.EcountryCodes\determ x3",1,1.0,1.0,1439,1439
$S_\text{Off-2}$,Neo4J,node-left,"(x7:EcountriesecountryCodesejurisdictionDescription:Ecountries&EcountryCodes&EjurisdictionDescription)::x7.EjurisdictionDescription,x7.Ecountries\determ x7",1,1.0,1.0,2185,2185
$S_\text{Off-2}$,Neo4J,node-left,"(x5:EcountriesecountryCodesevalidUntil:Ecountries&EvalidUntil&EcountryCodes)::x5.Ecountries,x5.EvalidUntil\determ x5",1,1.0,1.0,1455,1455
$S_\text{Off-2}$,Neo4J,denormalized,"(e:Entity:jurisdiction_description&countries&country_codes)::e.countries,e.jurisdiction_description\determ e.country_codes",175938,361.9306666666667,0.0027617355340440086,2250,814344
$S_\text{Off-2}$,Neo4J,denormalized,"(e:Entity:valid_until&countries&country_codes)::e.countries,e.valid_until\determ e.country_codes",175888,543.620827770362,0.001838291727196034,1498,814344
$S_\text{Off-2}$,Neo4J,denormalized,"(e:Entity:country_codes&sourceID&countries)::e.sourceID,e.countries\determ e.country_codes",175888,558.5349794238695,0.0017891723757679503,1458,814344
$S_\text{Off-2}$,Neo4J,denormalized,"(e:Entity:country_codes&sourceID&countries)::e.country_codes,e.sourceID\determ e.countries",175888,558.5349794238695,0.0017891723757679503,1458,814344
$S_\text{Off-2}$,Neo4J,denormalized,"(e:Entity:valid_until&countries&country_codes)::e.valid_until,e.country_codes\determ e.countries",175888,543.620827770362,0.001838291727196034,1498,814344
$S_\text{Off-2}$,Neo4J,edge-left,"(e:Entity:country_codes&jurisdiction_description&valid_until&sourceID&countries)::e.country_codes,e.valid_until\determ e.countries",175888,543.620827770362,0.001838291727196034,1498,814344
$S_\text{Off-2}$,Neo4J,edge-left,"(e:Entity:country_codes&jurisdiction_description&valid_until&sourceID&countries)::e.jurisdiction_description,e.countries\determ e.country_codes",175938,361.9306666666667,0.0027617355340440086,2250,814344
$S_\text{Off-2}$,Neo4J,edge-left,"(e:Entity:country_codes&jurisdiction_description&valid_until&sourceID&countries)::e.sourceID,e.country_codes\determ e.countries",175888,558.5349794238695,0.0017891723757679503,1458,814344
$S_\text{Off-2}$,Neo4J,edge-left,"(e:Entity:country_codes&jurisdiction_description&valid_until&sourceID&countries)::e.sourceID,e.countries\determ e.country_codes",175888,558.5349794238695,0.0017891723757679503,1458,814344
$S_\text{Off-2}$,Neo4J,edge-left,"(e:Entity:country_codes&jurisdiction_description&valid_until&sourceID&countries)::e.valid_until,e.countries\determ e.country_codes",175888,543.620827770362,0.001838291727196034,1498,814344
$S_\text{Off-3}$,Neo4J,denormalized,"(e:Entity:valid_until&countries&country_codes)::e.valid_until,e.countries\determ e.country_codes",175888,543.620827770362,0.001838291727196034,1498,814344
$S_\text{Off-3}$,Neo4J,denormalized,(e:Entity:valid_until&service_provider&sourceID)::e.sourceID\determ e.valid_until,213634,37015.63636363636,0.0002087572435693559,171,814344
$S_\text{Off-3}$,Neo4J,denormalized,"(e:Entity:jurisdiction_description&countries&country_codes)::e.jurisdiction_description,e.countries\determ e.country_codes",175938,361.9306666666667,0.0027617355340440086,2250,814344
$S_\text{Off-3}$,Neo4J,denormalized,(e:Entity:country_codes&service_provider&countries)::e.countries\determ e.country_codes,309353,738.2991840435155,0.0013556940994151113,1105,814344
$S_\text{Off-3}$,Neo4J,denormalized,"(e:Entity:country_codes&sourceID&countries)::e.countries,e.sourceID\determ e.country_codes",175888,558.5349794238695,0.0017891723757679503,1458,814344
$S_\text{Off-3}$,Neo4J,denormalized,(e:Entity:valid_until&service_provider&sourceID)::e.valid_until\determ e.sourceID,213634,12528.369230769224,0.0002087572435693559,171,814344
$S_\text{Off-3}$,Neo4J,denormalized,(e:Entity:country_codes&service_provider&countries)::e.country_codes\determ e.countries,309353,738.9691470054453,0.0013556940994151113,1105,814344
$S_\text{Off-3}$,Neo4J,denormalized,"(e:Entity:valid_until&service_provider&sourceID)::e.service_provider\determ e.valid_until,e.sourceID",470258,162868.8,0.000209985227355058,172,814344
$S_\text{Off-3}$,Neo4J,denormalized,"(e:Entity:country_codes&sourceID&countries)::e.country_codes,e.sourceID\determ e.countries",175888,558.5349794238695,0.0017891723757679503,1458,814344
$S_\text{Off-3}$,Neo4J,denormalized,"(e:Entity:valid_until&countries&country_codes)::e.country_codes,e.valid_until\determ e.countries",175888,543.620827770362,0.001838291727196034,1498,814344
$S_\text{Off-3}$,Neo4J,all,(x7:EsourceIDevalidUntil:EsourceID&EvalidUntil)::x7.EvalidUntil\determ x7,1,1.0,1.0,3,3
$S_\text{Off-3}$,Neo4J,all,(x1:EcountriesecountryCodes:Ecountries&EcountryCodes)::x1.EcountryCodes\determ x1,1,1.0,1.0,858,858
$S_\text{Off-3}$,Neo4J,all,(x3:EsourceIDevalidUntil:EsourceID&EvalidUntil)::x3.EsourceID\determ x3,1,1.0,1.0,3,3
$S_\text{Off-3}$,Neo4J,all,(x9:EcountriesecountryCodes:Ecountries&EcountryCodes)::x9.Ecountries\determ x9,1,1.0,1.0,858,858
$S_\text{Off-3}$,Neo4J,all,(x5:EserviceProvideresourceID:EsourceID&EserviceProvider)::x5.EserviceProvider\determ x5,1,1.0,1.0,4,4
$S_\text{Off-3}$,Neo4J,denormalized,"(e:Entity:valid_until&countries&country_codes)::e.valid_until,e.countries\determ e.country_codes",175888,543.620827770362,0.001838291727196034,1498,814344
$S_\text{Off-3}$,Neo4J,denormalized,(e:Entity:valid_until&service_provider&sourceID)::e.sourceID\determ e.valid_until,213634,37015.63636363636,0.0002087572435693559,171,814344
$S_\text{Off-3}$,Neo4J,denormalized,"(e:Entity:jurisdiction_description&countries&country_codes)::e.jurisdiction_description,e.countries\determ e.country_codes",175938,361.9306666666667,0.0027617355340440086,2250,814344
$S_\text{Off-3}$,Neo4J,denormalized,(e:Entity:country_codes&service_provider&countries)::e.countries\determ e.country_codes,309353,738.2991840435155,0.0013556940994151113,1105,814344
$S_\text{Off-3}$,Neo4J,denormalized,"(e:Entity:valid_until&service_provider&sourceID)::e.service_provider\determ e.sourceID,e.valid_until",470258,162868.8,0.000209985227355058,172,814344
$S_\text{Off-3}$,Neo4J,denormalized,(e:Entity:valid_until&service_provider&sourceID)::e.valid_until\determ e.sourceID,213634,12528.369230769224,0.0002087572435693559,171,814344
$S_\text{Off-3}$,Neo4J,denormalized,(e:Entity:country_codes&service_provider&countries)::e.country_codes\determ e.countries,309353,738.9691470054453,0.0013556940994151113,1105,814344
$S_\text{Off-3}$,Neo4J,denormalized,"(e:Entity:country_codes&sourceID&countries)::e.sourceID,e.countries\determ e.country_codes",175888,558.5349794238695,0.0017891723757679503,1458,814344
$S_\text{Off-3}$,Neo4J,denormalized,"(e:Entity:country_codes&sourceID&countries)::e.country_codes,e.sourceID\determ e.countries",175888,558.5349794238695,0.0017891723757679503,1458,814344
$S_\text{Off-3}$,Neo4J,denormalized,"(e:Entity:valid_until&countries&country_codes)::e.country_codes,e.valid_until\determ e.countries",175888,543.620827770362,0.001838291727196034,1498,814344
$S_\text{Off-3}$,Neo4J,node-left,(x7:EsourceIDevalidUntil:EsourceID&EvalidUntil)::x7.EvalidUntil\determ x7,1,1.0,1.0,3,3
$S_\text{Off-3}$,Neo4J,node-left,(x1:EcountriesecountryCodes:Ecountries&EcountryCodes)::x1.EcountryCodes\determ x1,1,1.0,1.0,858,858
$S_\text{Off-3}$,Neo4J,node-left,(x3:EsourceIDevalidUntil:EsourceID&EvalidUntil)::x3.EsourceID\determ x3,1,1.0,1.0,3,3
$S_\text{Off-3}$,Neo4J,node-left,(x9:EcountriesecountryCodes:Ecountries&EcountryCodes)::x9.Ecountries\determ x9,1,1.0,1.0,858,858
$S_\text{Off-3}$,Neo4J,node-left,(x5:EserviceProvideresourceID:EsourceID&EserviceProvider)::x5.EserviceProvider\determ x5,1,1.0,1.0,4,4
$S_\text{Off-3}$,Neo4J,denormalized,"(e:Entity:jurisdiction_description&countries&country_codes)::e.countries,e.jurisdiction_description\determ e.country_codes",175938,361.9306666666667,0.0027617355340440086,2250,814344
$S_\text{Off-3}$,Neo4J,denormalized,"(e:Entity:valid_until&countries&country_codes)::e.valid_until,e.countries\determ e.country_codes",175888,543.620827770362,0.001838291727196034,1498,814344
$S_\text{Off-3}$,Neo4J,denormalized,(e:Entity:valid_until&service_provider&sourceID)::e.sourceID\determ e.valid_until,213634,37015.63636363636,0.0002087572435693559,171,814344
$S_\text{Off-3}$,Neo4J,denormalized,(e:Entity:country_codes&service_provider&countries)::e.countries\determ e.country_codes,309353,738.2991840435155,0.0013556940994151113,1105,814344
$S_\text{Off-3}$,Neo4J,denormalized,"(e:Entity:valid_until&service_provider&sourceID)::e.service_provider\determ e.sourceID,e.valid_until",470258,162868.8,0.000209985227355058,172,814344
$S_\text{Off-3}$,Neo4J,denormalized,"(e:Entity:country_codes&sourceID&countries)::e.countries,e.sourceID\determ e.country_codes",175888,558.5349794238695,0.0017891723757679503,1458,814344
$S_\text{Off-3}$,Neo4J,denormalized,(e:Entity:valid_until&service_provider&sourceID)::e.valid_until\determ e.sourceID,213634,12528.369230769224,0.0002087572435693559,171,814344
$S_\text{Off-3}$,Neo4J,denormalized,(e:Entity:country_codes&service_provider&countries)::e.country_codes\determ e.countries,309353,738.9691470054453,0.0013556940994151113,1105,814344
$S_\text{Off-3}$,Neo4J,denormalized,"(e:Entity:country_codes&sourceID&countries)::e.country_codes,e.sourceID\determ e.countries",175888,558.5349794238695,0.0017891723757679503,1458,814344
$S_\text{Off-3}$,Neo4J,denormalized,"(e:Entity:valid_until&countries&country_codes)::e.valid_until,e.country_codes\determ e.countries",175888,543.620827770362,0.001838291727196034,1498,814344
$S_\text{Off-3}$,Neo4J,edge-left,(e:Entity:country_codes&service_provider&jurisdiction_description&valid_until&sourceID&countries)::e.countries\determ e.country_codes,309353,738.2991840435155,0.0013556940994151113,1105,814344
$S_\text{Off-3}$,Neo4J,edge-left,(e:Entity:country_codes&service_provider&jurisdiction_description&valid_until&sourceID&countries)::e.valid_until\determ e.sourceID,213634,12528.369230769224,0.0002087572435693559,171,814344
$S_\text{Off-3}$,Neo4J,edge-left,(e:Entity:country_codes&service_provider&jurisdiction_description&valid_until&sourceID&countries)::e.service_provider\determ e.sourceID,470258,162868.8,2.7015643285446058e-05,23,814344
$S_\text{Off-3}$,Neo4J,edge-left,(e:Entity:country_codes&service_provider&jurisdiction_description&valid_until&sourceID&countries)::e.sourceID\determ e.valid_until,213634,37015.63636363636,0.0002087572435693559,171,814344
$S_\text{Off-3}$,Neo4J,edge-left,(e:Entity:country_codes&service_provider&jurisdiction_description&valid_until&sourceID&countries)::e.country_codes\determ e.countries,309353,738.9691470054453,0.0013556940994151113,1105,814344
$S_\text{Uni-1}$,Neo4J,denormalized,(c:Course)<-[t:TEACHES:usingBook]-(gbbed)::c\determ t.usingBook,3,3.0,0.0,1,3
$S_\text{Uni-1}$,Neo4J,all,(c:Course:TusingBook)::c\determ c.TusingBook,1,1.0,1.0,1,1
$S_\text{Uni-1}$,Neo4J,denormalized,(c:Course)<-[t:TEACHES:usingBook]-(ddaeb)::c\determ t.usingBook,3,3.0,0.0,1,3
$S_\text{Uni-1}$,Neo4J,node-left,(c:Course:TusingBook)::c\determ c.TusingBook,1,1.0,1.0,1,1
$S_\text{Uni-1}$,Neo4J,denormalized,(c:Course)<-[t:TEACHES:usingBook]-(decbg)::c\determ t.usingBook,3,3.0,0.0,1,3
$S_\text{Uni-1}$,Neo4J,edge-left,(c:Course)<-[t:TEACHES:usingBook]-(egdba)::c\determ t.usingBook,3,3.0,0.0,1,3
$S_\text{Uni-2}$,Neo4J,denormalized,(c:Course:title)<-[t:TEACHES:usingBook]-(dfegd)::c.title\determ t.usingBook,3,3.0,0.0,1,3
$S_\text{Uni-2}$,Neo4J,all,(x0:CtitletusingBook:TusingBook&Ctitle)::x0.Ctitle\determ x0,1,1.0,1.0,1,1
$S_\text{Uni-2}$,Neo4J,denormalized,(c:Course:title)<-[t:TEACHES:usingBook]-(gcgga)::c.title\determ t.usingBook,3,3.0,0.0,1,3
$S_\text{Uni-2}$,Neo4J,node-left,(x0:CtitletusingBook:TusingBook&Ctitle)::x0.Ctitle\determ x0,1,1.0,1.0,1,1
$S_\text{Uni-2}$,Neo4J,denormalized,(c:Course:title)<-[t:TEACHES:usingBook]-(aecce)::c.title\determ t.usingBook,3,3.0,0.0,1,3
$S_\text{Uni-2}$,Neo4J,edge-left,(c:Course:title)<-[t:TEACHES:usingBook]-(cacdf)::c.title\determ t.usingBook,3,3.0,0.0,1,3
$S_\text{No-1}$,Neo4J,denormalized,(e:Event:name&company)::e.name\determ e.company,2,2.0,0.0,1,2
$S_\text{No-1}$,Neo4J,denormalized,"(e:Event:name&time&venue)::e.time,e.name\determ e.venue",1,1.0,1.0,2,2
$S_\text{No-1}$,Neo4J,denormalized,"(e:Event:name&time&venue)::e.venue,e.time\determ e.name",1,1.0,1.0,2,2
$S_\text{No-1}$,Neo4J,denormalized,"(e:Event:time&company)::e.company,e.time\determ e",1,1.0,1.0,2,2
$S_\text{No-1}$,Neo4J,all,"(x7:Enameetimeevenue:Ename&Evenue&Etime)::x7.Evenue,x7.Etime\determ x7",1,1.0,1.0,2,2
$S_\text{No-1}$,Neo4J,all,(x5:Ecompanyename:Ename&Ecompany)::x5.Ename\determ x5,1,1.0,1.0,1,1
$S_\text{No-1}$,Neo4J,all,"(x3:Enameetimeevenue:Ename&Evenue&Etime)::x3.Etime,x3.Ename\determ x3",1,1.0,1.0,2,2
$S_\text{No-1}$,Neo4J,denormalized,(e:Event:name&company)::e.name\determ e.company,2,2.0,0.0,1,2
$S_\text{No-1}$,Neo4J,denormalized,"(e:Event:name&time&venue)::e.time,e.venue\determ e.name",1,1.0,1.0,2,2
$S_\text{No-1}$,Neo4J,denormalized,"(e:Event:time&company)::e.time,e.company\determ e",1,1.0,1.0,2,2
$S_\text{No-1}$,Neo4J,denormalized,"(e:Event:name&time&venue)::e.name,e.time\determ e.venue",1,1.0,1.0,2,2
$S_\text{No-1}$,Neo4J,node-left,"(x7:Enameetimeevenue:Ename&Evenue&Etime)::x7.Ename,x7.Etime\determ x7",1,1.0,1.0,2,2
$S_\text{No-1}$,Neo4J,node-left,(x5:Ecompanyename:Ename&Ecompany)::x5.Ename\determ x5,1,1.0,1.0,1,1
$S_\text{No-1}$,Neo4J,node-left,"(x1:Enameetimeevenue:Ename&Evenue&Etime)::x1.Etime,x1.Evenue\determ x1",1,1.0,1.0,2,2
$S_\text{No-1}$,Neo4J,denormalized,(e:Event:name&company)::e.name\determ e.company,2,2.0,0.0,1,2
$S_\text{No-1}$,Neo4J,denormalized,"(e:Event:name&time&venue)::e.time,e.name\determ e.venue",1,1.0,1.0,2,2
$S_\text{No-1}$,Neo4J,denormalized,"(e:Event:name&time&venue)::e.time,e.venue\determ e.name",1,1.0,1.0,2,2
$S_\text{No-1}$,Neo4J,denormalized,"(e:Event:time&company)::e.company,e.time\determ e",1,1.0,1.0,2,2
$S_\text{No-1}$,Neo4J,edge-left,"(e:Event:name&time&venue&company)::e.venue,e.time\determ e.name",1,1.0,1.0,2,2
$S_\text{No-1}$,Neo4J,edge-left,(e:Event:name&time&venue&company)::e.name\determ e.company,2,2.0,0.0,1,2
$S_\text{No-1}$,Neo4J,edge-left,"(e:Event:name&time&venue&company)::e.name,e.time\determ e.venue",1,1.0,1.0,2,2
$S_\text{No-1}$,Neo4J,edge-left,"(e:Event:name&time&venue&company)::e.company,e.time\determ e",1,1.0,1.0,2,2
$S_\text{No-2}$,Neo4J,denormalized,(e:Event:name&company)::e.name\determ e.company,2,2.0,0.0,1,2
$S_\text{No-2}$,Neo4J,denormalized,"(e:Event:time&venue&company)::e.company,e.time\determ e.venue",1,1.0,1.0,2,2
$S_\text{No-2}$,Neo4J,denormalized,"(e:Event:name&time&venue)::e.venue,e.time\determ e.name",1,1.0,1.0,2,2
$S_\text{No-2}$,Neo4J,denormalized,"(e:Event:name&time&venue)::e.name,e.time\determ e.venue",1,1.0,1.0,2,2
$S_\text{No-2}$,Neo4J,all,"(x7:Ecompanyetimeevenue:Evenue&Etime&Ecompany)::x7.Ecompany,x7.Etime\determ x7",1,1.0,1.0,2,2
$S_\text{No-2}$,Neo4J,all,"(x1:Enameetimeevenue:Ename&Evenue&Etime)::x1.Etime,x1.Ename\determ x1",1,1.0,1.0,2,2
$S_\text{No-2}$,Neo4J,all,(x3:Ecompanyename:Ename&Ecompany)::x3.Ename\determ x3,1,1.0,1.0,1,1
$S_\text{No-2}$,Neo4J,all,"(x5:Enameetimeevenue:Ename&Evenue&Etime)::x5.Etime,x5.Evenue\determ x5",1,1.0,1.0,2,2
$S_\text{No-2}$,Neo4J,denormalized,(e:Event:name&company)::e.name\determ e.company,2,2.0,0.0,1,2
$S_\text{No-2}$,Neo4J,denormalized,"(e:Event:name&time&venue)::e.time,e.venue\determ e.name",1,1.0,1.0,2,2
$S_\text{No-2}$,Neo4J,denormalized,"(e:Event:time&venue&company)::e.company,e.time\determ e.venue",1,1.0,1.0,2,2
$S_\text{No-2}$,Neo4J,denormalized,"(e:Event:name&time&venue)::e.name,e.time\determ e.venue",1,1.0,1.0,2,2
$S_\text{No-2}$,Neo4J,node-left,"(x1:Enameetimeevenue:Ename&Evenue&Etime)::x1.Etime,x1.Ename\determ x1",1,1.0,1.0,2,2
$S_\text{No-2}$,Neo4J,node-left,(x7:Ecompanyename:Ename&Ecompany)::x7.Ename\determ x7,1,1.0,1.0,1,1
$S_\text{No-2}$,Neo4J,node-left,"(x3:Enameetimeevenue:Ename&Evenue&Etime)::x3.Etime,x3.Evenue\determ x3",1,1.0,1.0,2,2
$S_\text{No-2}$,Neo4J,node-left,"(x5:Ecompanyetimeevenue:Evenue&Etime&Ecompany)::x5.Etime,x5.Ecompany\determ x5",1,1.0,1.0,2,2
$S_\text{No-2}$,Neo4J,denormalized,(e:Event:name&company)::e.name\determ e.company,2,2.0,0.0,1,2
$S_\text{No-2}$,Neo4J,denormalized,"(e:Event:name&time&venue)::e.time,e.name\determ e.venue",1,1.0,1.0,2,2
$S_\text{No-2}$,Neo4J,denormalized,"(e:Event:name&time&venue)::e.time,e.venue\determ e.name",1,1.0,1.0,2,2
$S_\text{No-2}$,Neo4J,denormalized,"(e:Event:time&venue&company)::e.time,e.company\determ e.venue",1,1.0,1.0,2,2
$S_\text{No-2}$,Neo4J,edge-left,"(e:Event:name&time&venue&company)::e.company,e.time\determ e.venue",1,1.0,1.0,2,2
$S_\text{No-2}$,Neo4J,edge-left,"(e:Event:name&time&venue&company)::e.time,e.venue\determ e.name",1,1.0,1.0,2,2
$S_\text{No-2}$,Neo4J,edge-left,(e:Event:name&time&venue&company)::e.name\determ e.company,2,2.0,0.0,1,2
$S_\text{No-2}$,Neo4J,edge-left,"(e:Event:name&time&venue&company)::e.time,e.name\determ e.venue",1,1.0,1.0,2,2
$S_\text{No-3}$,Neo4J,denormalized,(e:Event:name&company)::e.name\determ e.company,2,2.0,0.0,1,2
$S_\text{No-3}$,Neo4J,denormalized,"(e:Event:name&time&venue)::e.venue,e.time\determ e.name",1,1.0,1.0,2,2
$S_\text{No-3}$,Neo4J,denormalized,"(e:Event:time&venue&company)::e.time,e.company\determ e",1,1.0,1.0,2,2
$S_\text{No-3}$,Neo4J,denormalized,"(e:Event:name&time&venue)::e.name,e.time\determ e.venue",1,1.0,1.0,2,2
$S_\text{No-3}$,Neo4J,denormalized,"(e:Event&Confirmed:name&time&company)::e.company,e.name\determ e.time",1,1.0,1.0,1,1
$S_\text{No-3}$,Neo4J,all,(x7:Ecompanyename:Ename&Ecompany)::x7.Ename\determ x7,1,1.0,1.0,1,1
$S_\text{No-3}$,Neo4J,all,"(x5:Ecompanyenameetime:Ename&Etime&Ecompany)::x5.Ename,x5.Ecompany\determ x5",1,1.0,1.0,1,1
$S_\text{No-3}$,Neo4J,all,"(x3:Enameetimeevenue:Ename&Evenue&Etime)::x3.Etime,x3.Ename\determ x3",1,1.0,1.0,1,1
$S_\text{No-3}$,Neo4J,all,"(x1:Enameetimeevenue:Ename&Evenue&Etime)::x1.Etime,x1.Evenue\determ x1",1,1.0,1.0,1,1
$S_\text{No-3}$,Neo4J,denormalized,"(e:Event:time&venue&company)::e.company,e.time\determ e",1,1.0,1.0,2,2
$S_\text{No-3}$,Neo4J,denormalized,(e:Event:name&company)::e.name\determ e.company,2,2.0,0.0,1,2
$S_\text{No-3}$,Neo4J,denormalized,"(e:Event:name&time&venue)::e.time,e.venue\determ e.name",1,1.0,1.0,2,2
$S_\text{No-3}$,Neo4J,denormalized,"(e:Event:name&time&venue)::e.name,e.time\determ e.venue",1,1.0,1.0,2,2
$S_\text{No-3}$,Neo4J,denormalized,"(e:Event&Confirmed:name&time&company)::e.company,e.name\determ e.time",1,1.0,1.0,1,1
$S_\text{No-3}$,Neo4J,node-left,"(x7:Enameetimeevenue:Ename&Evenue&Etime)::x7.Ename,x7.Etime\determ x7",1,1.0,1.0,1,1
$S_\text{No-3}$,Neo4J,node-left,"(x1:Ecompanyenameetime:Ename&Etime&Ecompany)::x1.Ecompany,x1.Ename\determ x1",1,1.0,1.0,1,1
$S_\text{No-3}$,Neo4J,node-left,"(x9:Enameetimeevenue:Ename&Evenue&Etime)::x9.Etime,x9.Evenue\determ x9",1,1.0,1.0,1,1
$S_\text{No-3}$,Neo4J,node-left,(x3:Ecompanyename:Ename&Ecompany)::x3.Ename\determ x3,1,1.0,1.0,1,1
$S_\text{No-3}$,Neo4J,denormalized,"(e:Event:time&venue&company)::e.company,e.time\determ e",1,1.0,1.0,2,2
$S_\text{No-3}$,Neo4J,denormalized,(e:Event:name&company)::e.name\determ e.company,2,2.0,0.0,1,2
$S_\text{No-3}$,Neo4J,denormalized,"(e:Event:name&time&venue)::e.time,e.name\determ e.venue",1,1.0,1.0,2,2
$S_\text{No-3}$,Neo4J,denormalized,"(e:Event:name&time&venue)::e.venue,e.time\determ e.name",1,1.0,1.0,2,2
$S_\text{No-3}$,Neo4J,denormalized,"(e:Event&Confirmed:name&time&company)::e.company,e.name\determ e.time",1,1.0,1.0,1,1
$S_\text{No-3}$,Neo4J,edge-left,"(e:Event&Confirmed:name&time&venue&company)::e.time,e.venue\determ e.name",1,1.0,1.0,1,1
$S_\text{No-3}$,Neo4J,edge-left,"(e:Event&Confirmed:name&time&venue&company)::e.time,e.name\determ e.venue",1,1.0,1.0,1,1
$S_\text{No-3}$,Neo4J,edge-left,(e:Event&Confirmed:name&time&venue&company)::e.name\determ e.company,1,1.0,1.0,1,1
$S_\text{No-3}$,Neo4J,edge-left,"(e:Event&Confirmed:name&time&venue&company)::e.company,e.name\determ e.time",1,1.0,1.0,1,1
$S_\text{No-3}$,Neo4J,edge-left,"(e:Event&Confirmed:name&time&venue&company)::e.company,e.time\determ e",1,1.0,1.0,1,1
$S_\text{Nw}$,Neo4J,denormalized,(o:Order:orderID)::o.orderID\determ o,1,1.0,1.0,830,830
$S_\text{Nw}$,Neo4J,denormalized,"(o:Order:shipCountry&customerID&orderID&shipCity&shipPostalCode&shipAddress&orderDate&shipRegion)::o.customerID\determ o.shipCountry,o.shipRegion,o.shipPostalCode,o.shipAddress,o.shipCity",31,9.325842696629213,0.10615199034981906,89,830
$S_\text{Nw}$,Neo4J,all,(x1:OcustomerIDoshipAddressoshipCityoshipCountryoshipPostalCodeoshipRegion:OshipCountry&OshipRegion&OshipPostalCode&OshipCity&OshipAddress&OcustomerID)::x1.OcustomerID\determ x1,1,1.0,1.0,89,89
$S_\text{Nw}$,Neo4J,denormalized,(o:Order:orderID)::o.orderID\determ o,1,1.0,1.0,830,830
$S_\text{Nw}$,Neo4J,denormalized,"(o:Order:shipCountry&customerID&orderID&shipCity&shipPostalCode&shipAddress&orderDate&shipRegion)::o.customerID\determ o.shipAddress,o.shipPostalCode,o.shipRegion,o.shipCountry,o.shipCity",31,9.325842696629213,0.10615199034981906,89,830
$S_\text{Nw}$,Neo4J,node-left,(x1:OcustomerIDoshipAddressoshipCityoshipCountryoshipPostalCodeoshipRegion:OshipCountry&OshipRegion&OshipPostalCode&OshipCity&OshipAddress&OcustomerID)::x1.OcustomerID\determ x1,1,1.0,1.0,89,89
$S_\text{Nw}$,Neo4J,denormalized,(o:Order:orderID)::o.orderID\determ o,1,1.0,1.0,830,830
$S_\text{Nw}$,Neo4J,denormalized,"(o:Order:shipCountry&customerID&orderID&shipCity&shipPostalCode&shipAddress&orderDate&shipRegion)::o.customerID\determ o.shipRegion,o.shipCountry,o.shipPostalCode,o.shipCity,o.shipAddress",31,9.325842696629213,0.10615199034981906,89,830
$S_\text{Nw}$,Neo4J,edge-left,(o:Order:orderID)::o.orderID\determ o,1,1.0,1.0,830,830
$S_\text{Nw}$,Neo4J,edge-left,"(o:Order:shipCountry&customerID&orderID&shipCity&shipPostalCode&shipAddress&orderDate&shipRegion)::o.customerID\determ o.shipCountry,o.shipAddress,o.shipRegion,o.shipPostalCode,o.shipCity",31,9.325842696629213,0.10615199034981906,89,830
$S_\text{Lon}$,Neo4J,denormalized,(s:Station:zone&zoneOriginal)::s.zoneOriginal\determ s.zone,125,40.6875,0.023076923076923078,16,651
$S_\text{Lon}$,Neo4J,denormalized,"(s:Station:longitude&zone&latitude)::s.longitude,s.latitude\determ s.zone",1,1.0,1.0,651,651
$S_\text{Lon}$,Neo4J,denormalized,(s:Station)-[c::type&line&color]->(bddcc)::c.line\determ c.color,218,69.71428571428574,0.013839056893900564,28,1952
$S_\text{Lon}$,Neo4J,denormalized,"(s:Station:longitude&latitude)::s.latitude,s.longitude\determ s",1,1.0,1.0,651,651
$S_\text{Lon}$,Neo4J,denormalized,"(dfbdg)-[c:CONNECTED_THROUGH:type&line&color]->(dbgfe)::c.line\determ c.color,c.type",218,69.71428571428574,0.013839056893900564,28,1952
$S_\text{Lon}$,Neo4J,all,(x1:SzoneszoneOriginal:Szone&SzoneOriginal)::x1.SzoneOriginal\determ x1,1,1.0,1.0,15,15
$S_\text{Lon}$,Neo4J,all,(x3:Ccolorclinectype:Ccolor&Cline&Ctype)::x3.Cline\determ x3,1,1.0,1.0,28,28
$S_\text{Lon}$,Neo4J,denormalized,(s:Station:zone&zoneOriginal)::s.zoneOriginal\determ s.zone,125,40.6875,0.023076923076923078,16,651
$S_\text{Lon}$,Neo4J,denormalized,"(s:Station:longitude&zone&latitude)::s.longitude,s.latitude\determ s.zone",1,1.0,1.0,651,651
$S_\text{Lon}$,Neo4J,denormalized,(s:Station)-[c::type&line&color]->(gbafd)::c.line\determ c.color,218,69.71428571428574,0.013839056893900564,28,1952
$S_\text{Lon}$,Neo4J,denormalized,"(ggcfe)-[c:CONNECTED_THROUGH:type&line&color]->(aaaad)::c.line\determ c.color,c.type",218,69.71428571428574,0.013839056893900564,28,1952
$S_\text{Lon}$,Neo4J,denormalized,"(s:Station:longitude&latitude)::s.longitude,s.latitude\determ s",1,1.0,1.0,651,651
$S_\text{Lon}$,Neo4J,node-left,(x1:SzoneszoneOriginal:Szone&SzoneOriginal)::x1.SzoneOriginal\determ x1,1,1.0,1.0,15,15
$S_\text{Lon}$,Neo4J,denormalized,(s:Station:zone&zoneOriginal)::s.zoneOriginal\determ s.zone,125,40.6875,0.023076923076923078,16,651
$S_\text{Lon}$,Neo4J,denormalized,"(dcbdc)-[c:CONNECTED_THROUGH:type&line&color]->(efedg)::c.line\determ c.type,c.color",218,69.71428571428574,0.013839056893900564,28,1952
$S_\text{Lon}$,Neo4J,denormalized,(s:Station)-[c::type&line&color]->(eefbd)::c.line\determ c.color,218,69.71428571428574,0.013839056893900564,28,1952
$S_\text{Lon}$,Neo4J,denormalized,"(s:Station:longitude&zone&latitude)::s.latitude,s.longitude\determ s.zone",1,1.0,1.0,651,651
$S_\text{Lon}$,Neo4J,denormalized,"(s:Station:longitude&latitude)::s.longitude,s.latitude\determ s",1,1.0,1.0,651,651
$S_\text{Lon}$,Neo4J,edge-left,(x1:Ccolorclinectype:Ccolor&Cline&Ctype)::x1.Cline\determ x1,1,1.0,1.0,28,28
$S_\text{Ts-1}$,Memgraph,denormalized,(dfaab)-[t:STOPS_AT:code]->(s:Station:name)::s.name\determ t.code,40675,3370.1125461254614,0.0002961786926530165,542,1826601
$S_\text{Ts-1}$,Memgraph,denormalized,"(bfgda)-[s:STOPS_AT:departure&stopid]->(st)::s.stopid,s.departure\determ st",1,1.0,1.0,1826601,1826601
$S_\text{Ts-1}$,Memgraph,denormalized,"(ts:TrainService:date&number&type)::ts.date,ts.number\determ ts.type",3,1.0052328569426203,0.9947943564213266,192629,193637
$S_\text{Ts-1}$,Memgraph,denormalized,(x:TrainService:serviceid)::x.serviceid\determ x,1,1.0,1.0,193637,193637
$S_\text{Ts-1}$,Memgraph,denormalized,(cdfed)-[s:STOPS_AT:stopid]->(fbace)::s.stopid\determ s,1,1.0,1.0,1826601,1826601
$S_\text{Ts-1}$,Memgraph,denormalized,"(x:TrainService:date&number&operator)-[afeaf:STOPS_AT]->(defgd)::x.date,x.number\determ x.operator",61,9.482481869292785,0.10545713347202453,192629,1826601
$S_\text{Ts-1}$,Memgraph,all,"(x4:Tsdatetsnumbertstype:Tsdate&Tstype&Tsnumber)::x4.Tsnumber,x4.Tsdate\determ x4",1,1.0,1.0,192629,192629
$S_\text{Ts-1}$,Memgraph,all,"(x7:Tsdatetsnumbertsoperator:Tsoperator&Tsdate&Tsnumber)::x7.Tsnumber,x7.Tsdate\determ x7",1,1.0,1.0,192629,192629
$S_\text{Ts-1}$,Memgraph,all,(x0:Tstopid:S&Tstopid)::x0.Tstopid\determ x0,1,1.0,1.0,1632800,1632800
$S_\text{Ts-1}$,Memgraph,all,(x5:Snametcode:Tcode&Sname)::x5.Sname\determ x5,1,1.0,1.0,542,542
$S_\text{Ts-1}$,Memgraph,denormalized,"(ts:TrainService:date&number&type)::ts.date,ts.number\determ ts.type",3,1.0052328569426203,0.9947943564213266,192629,193637
$S_\text{Ts-1}$,Memgraph,denormalized,(gfbea)-[s:STOPS_AT:stopid]->(ccfbc)::s.stopid\determ s,1,1.0,1.0,1826601,1826601
$S_\text{Ts-1}$,Memgraph,denormalized,(aagea)-[t:STOPS_AT:code]->(s:Station:name)::s.name\determ t.code,40675,3370.1125461254614,0.0002961786926530165,542,1826601
$S_\text{Ts-1}$,Memgraph,denormalized,"(dfbge)-[s:STOPS_AT:departure&stopid]->(st)::s.departure,s.stopid\determ st",1,1.0,1.0,1826601,1826601
$S_\text{Ts-1}$,Memgraph,denormalized,(x:TrainService:serviceid)::x.serviceid\determ x,1,1.0,1.0,193637,193637
$S_\text{Ts-1}$,Memgraph,denormalized,"(x:TrainService:date&number&operator)-[cabge:STOPS_AT]->(edegd)::x.number,x.date\determ x.operator",61,9.482481869292785,0.10545713347202453,192629,1826601
$S_\text{Ts-1}$,Memgraph,node-left,"(x2:Tsdatetsnumbertstype:Tsdate&Tsnumber&Tstype)::x2.Tsdate,x2.Tsnumber\determ x2",1,1.0,1.0,192629,192629
$S_\text{Ts-1}$,Memgraph,node-left,"(x4:Tsdatetsnumbertsoperator:Tsoperator&Tsdate&Tsnumber)::x4.Tsdate,x4.Tsnumber\determ x4",1,1.0,1.0,192629,192629
$S_\text{Ts-1}$,Memgraph,node-left,(x0:Snametcode:Tcode&Sname)::x0.Sname\determ x0,1,1.0,1.0,542,542
$S_\text{Ts-1}$,Memgraph,denormalized,(cgacc)-[t:STOPS_AT:code]->(s:Station:name)::s.name\determ t.code,40675,3370.1125461254614,0.0002961786926530165,542,1826601
$S_\text{Ts-1}$,Memgraph,denormalized,"(cdadc)-[s:STOPS_AT:departure&stopid]->(st)::s.departure,s.stopid\determ st",1,1.0,1.0,1826601,1826601
$S_\text{Ts-1}$,Memgraph,denormalized,(x:TrainService:serviceid)::x.serviceid\determ x,1,1.0,1.0,193637,193637
$S_\text{Ts-1}$,Memgraph,denormalized,"(ts:TrainService:date&number&type)::ts.number,ts.date\determ ts.type",3,1.0052328569426203,0.9947943564213266,192629,193637
$S_\text{Ts-1}$,Memgraph,denormalized,(decae)-[s:STOPS_AT:stopid]->(ecdfd)::s.stopid\determ s,1,1.0,1.0,1826601,1826601
$S_\text{Ts-1}$,Memgraph,denormalized,"(x:TrainService:date&number&operator)-[bdfdb:STOPS_AT]->(efcbf)::x.date,x.number\determ x.operator",61,9.482481869292785,0.10545713347202453,192629,1826601
$S_\text{Ts-1}$,Memgraph,edge-left,(x0:Tstopid:S&Tstopid)::x0.Tstopid\determ x0,1,1.0,1.0,1632800,1632800
$S_\text{Ts-2}$,Memgraph,denormalized,"(cgbaa)-[s:STOPS_AT:departure&stopid]->(st)::s.stopid,s.departure\determ st",1,1.0,1.0,1826601,1826601
$S_\text{Ts-2}$,Memgraph,denormalized,"(ts:TrainService:date&number&type)::ts.date,ts.number\determ ts.type",3,1.0052328569426203,0.9947943564213266,192629,193637
$S_\text{Ts-2}$,Memgraph,denormalized,(ddfgb)-[t:STOPS_AT:code]->(s:Station:name)::t.code\determ s.name,40675,3370.1125461254614,0.0002961786926530165,542,1826601
$S_\text{Ts-2}$,Memgraph,denormalized,"(x:TrainService:date&number&operator)-[deadg:STOPS_AT]->(begaf)::x.number,x.date\determ x.operator",61,9.482481869292785,0.10545713347202453,192629,1826601
$S_\text{Ts-2}$,Memgraph,denormalized,(x:TrainService:serviceid)::x.serviceid\determ x,1,1.0,1.0,193637,193637
$S_\text{Ts-2}$,Memgraph,denormalized,(edacd)-[t:STOPS_AT:code]->(s:Station:name)::s.name\determ t.code,40675,3370.1125461254614,0.0002961786926530165,542,1826601
$S_\text{Ts-2}$,Memgraph,denormalized,(agedd)-[s:STOPS_AT:stopid]->(afbea)::s.stopid\determ s,1,1.0,1.0,1826601,1826601
$S_\text{Ts-2}$,Memgraph,all,(x7:Tstopid:S&Tstopid)::x7.Tstopid\determ x7,1,1.0,1.0,1632800,1632800
$S_\text{Ts-2}$,Memgraph,all,(x4:Snametcode:Tcode&Sname)::x4.Sname\determ x4,1,1.0,1.0,542,542
$S_\text{Ts-2}$,Memgraph,all,"(x3:Tsdatetsnumbertstype:Tsdate&Tstype&Tsnumber)::x3.Tsnumber,x3.Tsdate\determ x3",1,1.0,1.0,192629,192629
$S_\text{Ts-2}$,Memgraph,all,(x8:Snametcode:Tcode&Sname)::x8.Tcode\determ x8,1,1.0,1.0,542,542
$S_\text{Ts-2}$,Memgraph,all,"(x6:Tsdatetsnumbertsoperator:Tsoperator&Tsdate&Tsnumber)::x6.Tsdate,x6.Tsnumber\determ x6",1,1.0,1.0,192629,192629
$S_\text{Ts-2}$,Memgraph,denormalized,"(x:TrainService:date&number&operator)-[gebcc:STOPS_AT]->(ddcdc)::x.date,x.number\determ x.operator",61,9.482481869292785,0.10545713347202453,192629,1826601
$S_\text{Ts-2}$,Memgraph,denormalized,"(ts:TrainService:date&number&type)::ts.date,ts.number\determ ts.type",3,1.0052328569426203,0.9947943564213266,192629,193637
$S_\text{Ts-2}$,Memgraph,denormalized,(ebbbe)-[s:STOPS_AT:stopid]->(bfbae)::s.stopid\determ s,1,1.0,1.0,1826601,1826601
$S_\text{Ts-2}$,Memgraph,denormalized,(egcfc)-[t:STOPS_AT:code]->(s:Station:name)::t.code\determ s.name,40675,3370.1125461254614,0.0002961786926530165,542,1826601
$S_\text{Ts-2}$,Memgraph,denormalized,(x:TrainService:serviceid)::x.serviceid\determ x,1,1.0,1.0,193637,193637
$S_\text{Ts-2}$,Memgraph,denormalized,"(febdb)-[s:STOPS_AT:departure&stopid]->(st)::s.departure,s.stopid\determ st",1,1.0,1.0,1826601,1826601
$S_\text{Ts-2}$,Memgraph,denormalized,(eabca)-[t:STOPS_AT:code]->(s:Station:name)::s.name\determ t.code,40675,3370.1125461254614,0.0002961786926530165,542,1826601
$S_\text{Ts-2}$,Memgraph,node-left,"(x6:Tsdatetsnumbertsoperator:Tsoperator&Tsdate&Tsnumber)::x6.Tsdate,x6.Tsnumber\determ x6",1,1.0,1.0,192629,192629
$S_\text{Ts-2}$,Memgraph,node-left,(x4:Snametcode:Tcode&Sname)::x4.Sname\determ x4,1,1.0,1.0,542,542
$S_\text{Ts-2}$,Memgraph,node-left,"(x1:Tsdatetsnumbertstype:Tsdate&Tstype&Tsnumber)::x1.Tsnumber,x1.Tsdate\determ x1",1,1.0,1.0,192629,192629
$S_\text{Ts-2}$,Memgraph,denormalized,(fdedf)-[t:STOPS_AT:code]->(s:Station:name)::s.name\determ t.code,40675,3370.1125461254614,0.0002961786926530165,542,1826601
$S_\text{Ts-2}$,Memgraph,denormalized,"(x:TrainService:date&number&operator)-[ddcfg:STOPS_AT]->(afbae)::x.date,x.number\determ x.operator",61,9.482481869292785,0.10545713347202453,192629,1826601
$S_\text{Ts-2}$,Memgraph,denormalized,"(egadd)-[s:STOPS_AT:departure&stopid]->(st)::s.stopid,s.departure\determ st",1,1.0,1.0,1826601,1826601
$S_\text{Ts-2}$,Memgraph,denormalized,(dbddb)-[s:STOPS_AT:stopid]->(acfga)::s.stopid\determ s,1,1.0,1.0,1826601,1826601
$S_\text{Ts-2}$,Memgraph,denormalized,(befbc)-[t:STOPS_AT:code]->(s:Station:name)::t.code\determ s.name,40675,3370.1125461254614,0.0002961786926530165,542,1826601
$S_\text{Ts-2}$,Memgraph,denormalized,(x:TrainService:serviceid)::x.serviceid\determ x,1,1.0,1.0,193637,193637
$S_\text{Ts-2}$,Memgraph,denormalized,"(ts:TrainService:date&number&type)::ts.number,ts.date\determ ts.type",3,1.0052328569426203,0.9947943564213266,192629,193637
$S_\text{Ts-2}$,Memgraph,edge-left,(x0:Tstopid:S&Tstopid)::x0.Tstopid\determ x0,1,1.0,1.0,1632800,1632800
$S_\text{Ts-2}$,Memgraph,edge-left,(x1:Snametcode:Tcode&Sname)::x1.Tcode\determ x1,1,1.0,1.0,542,542
$S_\text{Off-1}$,Memgraph,denormalized,(e:Entity:country_codes&service_provider&countries)::e.country_codes\determ e.countries,309353,738.9691470054446,0.0013556940994151113,1105,814344
$S_\text{Off-1}$,Memgraph,denormalized,(e:Entity:country_codes&service_provider&countries)::e.countries\determ e.country_codes,309353,738.2991840435177,0.0013556940994151113,1105,814344
$S_\text{Off-1}$,Memgraph,denormalized,"(e:Entity:jurisdiction_description&countries&country_codes)::e.jurisdiction_description,e.countries\determ e.country_codes",175938,361.93066666666664,0.0027617355340440086,2250,814344
$S_\text{Off-1}$,Memgraph,all,(x1:EcountriesecountryCodes:Ecountries&EcountryCodes)::x1.Ecountries\determ x1,1,1.0,1.0,858,858
$S_\text{Off-1}$,Memgraph,all,(x3:EcountriesecountryCodes:Ecountries&EcountryCodes)::x3.EcountryCodes\determ x3,1,1.0,1.0,858,858
$S_\text{Off-1}$,Memgraph,denormalized,(e:Entity:country_codes&service_provider&countries)::e.country_codes\determ e.countries,309353,738.9691470054446,0.0013556940994151113,1105,814344
$S_\text{Off-1}$,Memgraph,denormalized,(e:Entity:country_codes&service_provider&countries)::e.countries\determ e.country_codes,309353,738.2991840435177,0.0013556940994151113,1105,814344
$S_\text{Off-1}$,Memgraph,denormalized,"(e:Entity:jurisdiction_description&countries&country_codes)::e.jurisdiction_description,e.countries\determ e.country_codes",175938,361.93066666666664,0.0027617355340440086,2250,814344
$S_\text{Off-1}$,Memgraph,node-left,(x1:EcountriesecountryCodes:Ecountries&EcountryCodes)::x1.Ecountries\determ x1,1,1.0,1.0,858,858
$S_\text{Off-1}$,Memgraph,node-left,(x3:EcountriesecountryCodes:Ecountries&EcountryCodes)::x3.EcountryCodes\determ x3,1,1.0,1.0,858,858
$S_\text{Off-1}$,Memgraph,denormalized,(e:Entity:country_codes&service_provider&countries)::e.country_codes\determ e.countries,309353,738.9691470054446,0.0013556940994151113,1105,814344
$S_\text{Off-1}$,Memgraph,denormalized,"(e:Entity:jurisdiction_description&countries&country_codes)::e.countries,e.jurisdiction_description\determ e.country_codes",175938,361.93066666666664,0.0027617355340440086,2250,814344
$S_\text{Off-1}$,Memgraph,denormalized,(e:Entity:country_codes&service_provider&countries)::e.countries\determ e.country_codes,309353,738.2991840435177,0.0013556940994151113,1105,814344
$S_\text{Off-1}$,Memgraph,edge-left,(e:Entity:jurisdiction_description&service_provider&countries&country_codes)::e.country_codes\determ e.countries,309353,738.9691470054446,0.0013556940994151113,1105,814344
$S_\text{Off-1}$,Memgraph,edge-left,(e:Entity:jurisdiction_description&service_provider&countries&country_codes)::e.countries\determ e.country_codes,309353,738.2991840435177,0.0013556940994151113,1105,814344
$S_\text{Off-2}$,Memgraph,denormalized,"(e:Entity:jurisdiction_description&countries&country_codes)::e.countries,e.jurisdiction_description\determ e.country_codes",175938,361.93066666666664,0.0027617355340440086,2250,814344
$S_\text{Off-2}$,Memgraph,denormalized,"(e:Entity:country_codes&sourceID&countries)::e.countries,e.sourceID\determ e.country_codes",175888,558.5349794238683,0.0017891723757679503,1458,814344
$S_\text{Off-2}$,Memgraph,denormalized,"(e:Entity:valid_until&countries&country_codes)::e.countries,e.valid_until\determ e.country_codes",175888,543.6208277703605,0.001838291727196034,1498,814344
$S_\text{Off-2}$,Memgraph,denormalized,"(e:Entity:country_codes&sourceID&countries)::e.sourceID,e.country_codes\determ e.countries",175888,558.5349794238683,0.0017891723757679503,1458,814344
$S_\text{Off-2}$,Memgraph,denormalized,"(e:Entity:valid_until&countries&country_codes)::e.valid_until,e.country_codes\determ e.countries",175888,543.6208277703605,0.001838291727196034,1498,814344
$S_\text{Off-2}$,Memgraph,all,"(x9:EcountriesecountryCodesevalidUntil:Ecountries&EvalidUntil&EcountryCodes)::x9.EvalidUntil,x9.EcountryCodes\determ x9",1,1.0,1.0,1455,1455
$S_\text{Off-2}$,Memgraph,all,"(x5:EcountriesecountryCodesejurisdictionDescription:Ecountries&EcountryCodes&EjurisdictionDescription)::x5.EjurisdictionDescription,x5.Ecountries\determ x5",1,1.0,1.0,2185,2185
$S_\text{Off-2}$,Memgraph,all,"(x1:EcountriesecountryCodesevalidUntil:Ecountries&EvalidUntil&EcountryCodes)::x1.Ecountries,x1.EvalidUntil\determ x1",1,1.0,1.0,1455,1455
$S_\text{Off-2}$,Memgraph,all,"(x7:EcountriesecountryCodesesourceID:Ecountries&EcountryCodes&EsourceID)::x7.EcountryCodes,x7.EsourceID\determ x7",1,1.0,1.0,1439,1439
$S_\text{Off-2}$,Memgraph,all,"(x3:EcountriesecountryCodesesourceID:EsourceID&Ecountries&EcountryCodes)::x3.EsourceID,x3.Ecountries\determ x3",1,1.0,1.0,1439,1439
$S_\text{Off-2}$,Memgraph,denormalized,"(e:Entity:jurisdiction_description&countries&country_codes)::e.jurisdiction_description,e.countries\determ e.country_codes",175938,361.93066666666664,0.0027617355340440086,2250,814344
$S_\text{Off-2}$,Memgraph,denormalized,"(e:Entity:valid_until&countries&country_codes)::e.countries,e.valid_until\determ e.country_codes",175888,543.6208277703605,0.001838291727196034,1498,814344
$S_\text{Off-2}$,Memgraph,denormalized,"(e:Entity:country_codes&sourceID&countries)::e.sourceID,e.country_codes\determ e.countries",175888,558.5349794238683,0.0017891723757679503,1458,814344
$S_\text{Off-2}$,Memgraph,denormalized,"(e:Entity:country_codes&sourceID&countries)::e.sourceID,e.countries\determ e.country_codes",175888,558.5349794238683,0.0017891723757679503,1458,814344
$S_\text{Off-2}$,Memgraph,denormalized,"(e:Entity:valid_until&countries&country_codes)::e.country_codes,e.valid_until\determ e.countries",175888,543.6208277703605,0.001838291727196034,1498,814344
$S_\text{Off-2}$,Memgraph,node-left,"(x9:EcountriesecountryCodesevalidUntil:Ecountries&EvalidUntil&EcountryCodes)::x9.EvalidUntil,x9.EcountryCodes\determ x9",1,1.0,1.0,1455,1455
$S_\text{Off-2}$,Memgraph,node-left,"(x1:EcountriesecountryCodesesourceID:EsourceID&Ecountries&EcountryCodes)::x1.Ecountries,x1.EsourceID\determ x1",1,1.0,1.0,1439,1439
$S_\text{Off-2}$,Memgraph,node-left,"(x3:EcountriesecountryCodesejurisdictionDescription:Ecountries&EcountryCodes&EjurisdictionDescription)::x3.Ecountries,x3.EjurisdictionDescription\determ x3",1,1.0,1.0,2185,2185
$S_\text{Off-2}$,Memgraph,node-left,"(x7:EcountriesecountryCodesesourceID:Ecountries&EcountryCodes&EsourceID)::x7.EcountryCodes,x7.EsourceID\determ x7",1,1.0,1.0,1439,1439
$S_\text{Off-2}$,Memgraph,node-left,"(x5:EcountriesecountryCodesevalidUntil:Ecountries&EvalidUntil&EcountryCodes)::x5.EvalidUntil,x5.Ecountries\determ x5",1,1.0,1.0,1455,1455
$S_\text{Off-2}$,Memgraph,denormalized,"(e:Entity:jurisdiction_description&countries&country_codes)::e.jurisdiction_description,e.countries\determ e.country_codes",175938,361.93066666666664,0.0027617355340440086,2250,814344
$S_\text{Off-2}$,Memgraph,denormalized,"(e:Entity:valid_until&countries&country_codes)::e.countries,e.valid_until\determ e.country_codes",175888,543.6208277703605,0.001838291727196034,1498,814344
$S_\text{Off-2}$,Memgraph,denormalized,"(e:Entity:country_codes&sourceID&countries)::e.sourceID,e.countries\determ e.country_codes",175888,558.5349794238683,0.0017891723757679503,1458,814344
$S_\text{Off-2}$,Memgraph,denormalized,"(e:Entity:country_codes&sourceID&countries)::e.country_codes,e.sourceID\determ e.countries",175888,558.5349794238683,0.0017891723757679503,1458,814344
$S_\text{Off-2}$,Memgraph,denormalized,"(e:Entity:valid_until&countries&country_codes)::e.valid_until,e.country_codes\determ e.countries",175888,543.6208277703605,0.001838291727196034,1498,814344
$S_\text{Off-2}$,Memgraph,edge-left,"(e:Entity:country_codes&jurisdiction_description&valid_until&sourceID&countries)::e.valid_until,e.country_codes\determ e.countries",175888,543.6208277703605,0.001838291727196034,1498,814344
$S_\text{Off-2}$,Memgraph,edge-left,"(e:Entity:country_codes&jurisdiction_description&valid_until&sourceID&countries)::e.jurisdiction_description,e.countries\determ e.country_codes",175938,361.93066666666664,0.0027617355340440086,2250,814344
$S_\text{Off-2}$,Memgraph,edge-left,"(e:Entity:country_codes&jurisdiction_description&valid_until&sourceID&countries)::e.sourceID,e.country_codes\determ e.countries",175888,558.5349794238683,0.0017891723757679503,1458,814344
$S_\text{Off-2}$,Memgraph,edge-left,"(e:Entity:country_codes&jurisdiction_description&valid_until&sourceID&countries)::e.valid_until,e.countries\determ e.country_codes",175888,543.6208277703605,0.001838291727196034,1498,814344
$S_\text{Off-2}$,Memgraph,edge-left,"(e:Entity:country_codes&jurisdiction_description&valid_until&sourceID&countries)::e.countries,e.sourceID\determ e.country_codes",175888,558.5349794238683,0.0017891723757679503,1458,814344
$S_\text{Off-3}$,Memgraph,denormalized,"(e:Entity:jurisdiction_description&countries&country_codes)::e.countries,e.jurisdiction_description\determ e.country_codes",175938,361.93066666666664,0.0027617355340440086,2250,814344
$S_\text{Off-3}$,Memgraph,denormalized,(e:Entity:valid_until&service_provider&sourceID)::e.sourceID\determ e.valid_until,213634,37015.63636363636,0.0002087572435693559,171,814344
$S_\text{Off-3}$,Memgraph,denormalized,(e:Entity:country_codes&service_provider&countries)::e.countries\determ e.country_codes,309353,738.2991840435177,0.0013556940994151113,1105,814344
$S_\text{Off-3}$,Memgraph,denormalized,"(e:Entity:valid_until&countries&country_codes)::e.countries,e.valid_until\determ e.country_codes",175888,543.6208277703605,0.001838291727196034,1498,814344
$S_\text{Off-3}$,Memgraph,denormalized,"(e:Entity:valid_until&service_provider&sourceID)::e.service_provider\determ e.valid_until,e.sourceID",470258,162868.8,0.000209985227355058,172,814344
$S_\text{Off-3}$,Memgraph,denormalized,(e:Entity:valid_until&service_provider&sourceID)::e.valid_until\determ e.sourceID,213634,12528.36923076923,0.0002087572435693559,171,814344
$S_\text{Off-3}$,Memgraph,denormalized,(e:Entity:country_codes&service_provider&countries)::e.country_codes\determ e.countries,309353,738.9691470054446,0.0013556940994151113,1105,814344
$S_\text{Off-3}$,Memgraph,denormalized,"(e:Entity:country_codes&sourceID&countries)::e.sourceID,e.countries\determ e.country_codes",175888,558.5349794238683,0.0017891723757679503,1458,814344
$S_\text{Off-3}$,Memgraph,denormalized,"(e:Entity:country_codes&sourceID&countries)::e.country_codes,e.sourceID\determ e.countries",175888,558.5349794238683,0.0017891723757679503,1458,814344
$S_\text{Off-3}$,Memgraph,denormalized,"(e:Entity:valid_until&countries&country_codes)::e.valid_until,e.country_codes\determ e.countries",175888,543.6208277703605,0.001838291727196034,1498,814344
$S_\text{Off-3}$,Memgraph,all,(x7:EsourceIDevalidUntil:EsourceID&EvalidUntil)::x7.EvalidUntil\determ x7,1,1.0,1.0,3,3
$S_\text{Off-3}$,Memgraph,all,(x1:EcountriesecountryCodes:Ecountries&EcountryCodes)::x1.EcountryCodes\determ x1,1,1.0,1.0,858,858
$S_\text{Off-3}$,Memgraph,all,(x3:EsourceIDevalidUntil:EsourceID&EvalidUntil)::x3.EsourceID\determ x3,1,1.0,1.0,3,3
$S_\text{Off-3}$,Memgraph,all,(x9:EcountriesecountryCodes:Ecountries&EcountryCodes)::x9.Ecountries\determ x9,1,1.0,1.0,858,858
$S_\text{Off-3}$,Memgraph,all,(x5:EserviceProvideresourceID:EsourceID&EserviceProvider)::x5.EserviceProvider\determ x5,1,1.0,1.0,4,4
$S_\text{Off-3}$,Memgraph,denormalized,"(e:Entity:jurisdiction_description&countries&country_codes)::e.countries,e.jurisdiction_description\determ e.country_codes",175938,361.93066666666664,0.0027617355340440086,2250,814344
$S_\text{Off-3}$,Memgraph,denormalized,"(e:Entity:valid_until&countries&country_codes)::e.valid_until,e.countries\determ e.country_codes",175888,543.6208277703605,0.001838291727196034,1498,814344
$S_\text{Off-3}$,Memgraph,denormalized,(e:Entity:valid_until&service_provider&sourceID)::e.sourceID\determ e.valid_until,213634,37015.63636363636,0.0002087572435693559,171,814344
$S_\text{Off-3}$,Memgraph,denormalized,(e:Entity:country_codes&service_provider&countries)::e.countries\determ e.country_codes,309353,738.2991840435177,0.0013556940994151113,1105,814344
$S_\text{Off-3}$,Memgraph,denormalized,"(e:Entity:valid_until&service_provider&sourceID)::e.service_provider\determ e.valid_until,e.sourceID",470258,162868.8,0.000209985227355058,172,814344
$S_\text{Off-3}$,Memgraph,denormalized,(e:Entity:valid_until&service_provider&sourceID)::e.valid_until\determ e.sourceID,213634,12528.36923076923,0.0002087572435693559,171,814344
$S_\text{Off-3}$,Memgraph,denormalized,(e:Entity:country_codes&service_provider&countries)::e.country_codes\determ e.countries,309353,738.9691470054446,0.0013556940994151113,1105,814344
$S_\text{Off-3}$,Memgraph,denormalized,"(e:Entity:country_codes&sourceID&countries)::e.sourceID,e.countries\determ e.country_codes",175888,558.5349794238683,0.0017891723757679503,1458,814344
$S_\text{Off-3}$,Memgraph,denormalized,"(e:Entity:country_codes&sourceID&countries)::e.country_codes,e.sourceID\determ e.countries",175888,558.5349794238683,0.0017891723757679503,1458,814344
$S_\text{Off-3}$,Memgraph,denormalized,"(e:Entity:valid_until&countries&country_codes)::e.valid_until,e.country_codes\determ e.countries",175888,543.6208277703605,0.001838291727196034,1498,814344
$S_\text{Off-3}$,Memgraph,node-left,(x7:EsourceIDevalidUntil:EsourceID&EvalidUntil)::x7.EvalidUntil\determ x7,1,1.0,1.0,3,3
$S_\text{Off-3}$,Memgraph,node-left,(x1:EcountriesecountryCodes:Ecountries&EcountryCodes)::x1.EcountryCodes\determ x1,1,1.0,1.0,858,858
$S_\text{Off-3}$,Memgraph,node-left,(x3:EsourceIDevalidUntil:EsourceID&EvalidUntil)::x3.EsourceID\determ x3,1,1.0,1.0,3,3
$S_\text{Off-3}$,Memgraph,node-left,(x9:EcountriesecountryCodes:Ecountries&EcountryCodes)::x9.Ecountries\determ x9,1,1.0,1.0,858,858
$S_\text{Off-3}$,Memgraph,node-left,(x5:EserviceProvideresourceID:EsourceID&EserviceProvider)::x5.EserviceProvider\determ x5,1,1.0,1.0,4,4
$S_\text{Off-3}$,Memgraph,denormalized,"(e:Entity:valid_until&countries&country_codes)::e.valid_until,e.countries\determ e.country_codes",175888,543.6208277703605,0.001838291727196034,1498,814344
$S_\text{Off-3}$,Memgraph,denormalized,(e:Entity:valid_until&service_provider&sourceID)::e.sourceID\determ e.valid_until,213634,37015.63636363636,0.0002087572435693559,171,814344
$S_\text{Off-3}$,Memgraph,denormalized,"(e:Entity:jurisdiction_description&countries&country_codes)::e.jurisdiction_description,e.countries\determ e.country_codes",175938,361.93066666666664,0.0027617355340440086,2250,814344
$S_\text{Off-3}$,Memgraph,denormalized,(e:Entity:country_codes&service_provider&countries)::e.countries\determ e.country_codes,309353,738.2991840435177,0.0013556940994151113,1105,814344
$S_\text{Off-3}$,Memgraph,denormalized,"(e:Entity:country_codes&sourceID&countries)::e.countries,e.sourceID\determ e.country_codes",175888,558.5349794238683,0.0017891723757679503,1458,814344
$S_\text{Off-3}$,Memgraph,denormalized,(e:Entity:valid_until&service_provider&sourceID)::e.valid_until\determ e.sourceID,213634,12528.36923076923,0.0002087572435693559,171,814344
$S_\text{Off-3}$,Memgraph,denormalized,(e:Entity:country_codes&service_provider&countries)::e.country_codes\determ e.countries,309353,738.9691470054446,0.0013556940994151113,1105,814344
$S_\text{Off-3}$,Memgraph,denormalized,"(e:Entity:valid_until&service_provider&sourceID)::e.service_provider\determ e.valid_until,e.sourceID",470258,162868.8,0.000209985227355058,172,814344
$S_\text{Off-3}$,Memgraph,denormalized,"(e:Entity:country_codes&sourceID&countries)::e.country_codes,e.sourceID\determ e.countries",175888,558.5349794238683,0.0017891723757679503,1458,814344
$S_\text{Off-3}$,Memgraph,denormalized,"(e:Entity:valid_until&countries&country_codes)::e.valid_until,e.country_codes\determ e.countries",175888,543.6208277703605,0.001838291727196034,1498,814344
$S_\text{Off-3}$,Memgraph,edge-left,(e:Entity:country_codes&service_provider&jurisdiction_description&valid_until&sourceID&countries)::e.countries\determ e.country_codes,309353,738.2991840435177,0.0013556940994151113,1105,814344
$S_\text{Off-3}$,Memgraph,edge-left,(e:Entity:country_codes&service_provider&jurisdiction_description&valid_until&sourceID&countries)::e.valid_until\determ e.sourceID,213634,12528.36923076923,0.0002087572435693559,171,814344
$S_\text{Off-3}$,Memgraph,edge-left,(e:Entity:country_codes&service_provider&jurisdiction_description&valid_until&sourceID&countries)::e.service_provider\determ e.sourceID,470258,162868.8,2.7015643285446058e-05,23,814344
$S_\text{Off-3}$,Memgraph,edge-left,(e:Entity:country_codes&service_provider&jurisdiction_description&valid_until&sourceID&countries)::e.sourceID\determ e.valid_until,213634,37015.63636363636,0.0002087572435693559,171,814344
$S_\text{Off-3}$,Memgraph,edge-left,(e:Entity:country_codes&service_provider&jurisdiction_description&valid_until&sourceID&countries)::e.country_codes\determ e.countries,309353,738.9691470054446,0.0013556940994151113,1105,814344
$S_\text{Uni-1}$,Memgraph,denormalized,(c:Course)<-[t:TEACHES:usingBook]-(bbegb)::c\determ t.usingBook,3,3.0,0.0,1,3
$S_\text{Uni-1}$,Memgraph,all,(c:Course:TusingBook)::c\determ c.TusingBook,1,1.0,1.0,1,1
$S_\text{Uni-1}$,Memgraph,denormalized,(c:Course)<-[t:TEACHES:usingBook]-(dcggc)::c\determ t.usingBook,3,3.0,0.0,1,3
$S_\text{Uni-1}$,Memgraph,node-left,(c:Course:TusingBook)::c\determ c.TusingBook,1,1.0,1.0,1,1
$S_\text{Uni-1}$,Memgraph,denormalized,(c:Course)<-[t:TEACHES:usingBook]-(fccfb)::c\determ t.usingBook,3,3.0,0.0,1,3
$S_\text{Uni-1}$,Memgraph,edge-left,(c:Course)<-[t:TEACHES:usingBook]-(ebadc)::c\determ t.usingBook,3,3.0,0.0,1,3
$S_\text{Uni-2}$,Memgraph,denormalized,(c:Course:title)<-[t:TEACHES:usingBook]-(eeeae)::c.title\determ t.usingBook,3,3.0,0.0,1,3
$S_\text{Uni-2}$,Memgraph,all,(x0:CtitletusingBook:TusingBook&Ctitle)::x0.Ctitle\determ x0,1,1.0,1.0,1,1
$S_\text{Uni-2}$,Memgraph,denormalized,(c:Course:title)<-[t:TEACHES:usingBook]-(cbcdc)::c.title\determ t.usingBook,3,3.0,0.0,1,3
$S_\text{Uni-2}$,Memgraph,node-left,(x0:CtitletusingBook:TusingBook&Ctitle)::x0.Ctitle\determ x0,1,1.0,1.0,1,1
$S_\text{Uni-2}$,Memgraph,denormalized,(c:Course:title)<-[t:TEACHES:usingBook]-(ecdfc)::c.title\determ t.usingBook,3,3.0,0.0,1,3
$S_\text{Uni-2}$,Memgraph,edge-left,(c:Course:title)<-[t:TEACHES:usingBook]-(adced)::c.title\determ t.usingBook,3,3.0,0.0,1,3
$S_\text{No-1}$,Memgraph,denormalized,(e:Event:name&company)::e.name\determ e.company,2,2.0,0.0,1,2
$S_\text{No-1}$,Memgraph,denormalized,"(e:Event:name&time&venue)::e.time,e.name\determ e.venue",1,1.0,1.0,2,2
$S_\text{No-1}$,Memgraph,denormalized,"(e:Event:name&time&venue)::e.venue,e.time\determ e.name",1,1.0,1.0,2,2
$S_\text{No-1}$,Memgraph,denormalized,"(e:Event:time&company)::e.company,e.time\determ e",1,1.0,1.0,2,2
$S_\text{No-1}$,Memgraph,all,(x5:Ecompanyename:Ename&Ecompany)::x5.Ename\determ x5,1,1.0,1.0,1,1
$S_\text{No-1}$,Memgraph,all,"(x7:Enameetimeevenue:Ename&Evenue&Etime)::x7.Etime,x7.Evenue\determ x7",1,1.0,1.0,2,2
$S_\text{No-1}$,Memgraph,all,"(x3:Enameetimeevenue:Ename&Evenue&Etime)::x3.Etime,x3.Ename\determ x3",1,1.0,1.0,2,2
$S_\text{No-1}$,Memgraph,denormalized,(e:Event:name&company)::e.name\determ e.company,2,2.0,0.0,1,2
$S_\text{No-1}$,Memgraph,denormalized,"(e:Event:name&time&venue)::e.time,e.venue\determ e.name",1,1.0,1.0,2,2
$S_\text{No-1}$,Memgraph,denormalized,"(e:Event:time&company)::e.company,e.time\determ e",1,1.0,1.0,2,2
$S_\text{No-1}$,Memgraph,denormalized,"(e:Event:name&time&venue)::e.name,e.time\determ e.venue",1,1.0,1.0,2,2
$S_\text{No-1}$,Memgraph,node-left,(x5:Ecompanyename:Ename&Ecompany)::x5.Ename\determ x5,1,1.0,1.0,1,1
$S_\text{No-1}$,Memgraph,node-left,"(x3:Enameetimeevenue:Ename&Evenue&Etime)::x3.Etime,x3.Ename\determ x3",1,1.0,1.0,2,2
$S_\text{No-1}$,Memgraph,node-left,"(x1:Enameetimeevenue:Ename&Evenue&Etime)::x1.Etime,x1.Evenue\determ x1",1,1.0,1.0,2,2
$S_\text{No-1}$,Memgraph,denormalized,(e:Event:name&company)::e.name\determ e.company,2,2.0,0.0,1,2
$S_\text{No-1}$,Memgraph,denormalized,"(e:Event:name&time&venue)::e.time,e.name\determ e.venue",1,1.0,1.0,2,2
$S_\text{No-1}$,Memgraph,denormalized,"(e:Event:name&time&venue)::e.venue,e.time\determ e.name",1,1.0,1.0,2,2
$S_\text{No-1}$,Memgraph,denormalized,"(e:Event:time&company)::e.time,e.company\determ e",1,1.0,1.0,2,2
$S_\text{No-1}$,Memgraph,edge-left,"(e:Event:name&time&venue&company)::e.time,e.name\determ e.venue",1,1.0,1.0,2,2
$S_\text{No-1}$,Memgraph,edge-left,"(e:Event:name&time&venue&company)::e.venue,e.time\determ e.name",1,1.0,1.0,2,2
$S_\text{No-1}$,Memgraph,edge-left,(e:Event:name&time&venue&company)::e.name\determ e.company,2,2.0,0.0,1,2
$S_\text{No-1}$,Memgraph,edge-left,"(e:Event:name&time&venue&company)::e.time,e.company\determ e",1,1.0,1.0,2,2
$S_\text{No-2}$,Memgraph,denormalized,(e:Event:name&company)::e.name\determ e.company,2,2.0,0.0,1,2
$S_\text{No-2}$,Memgraph,denormalized,"(e:Event:name&time&venue)::e.time,e.venue\determ e.name",1,1.0,1.0,2,2
$S_\text{No-2}$,Memgraph,denormalized,"(e:Event:name&time&venue)::e.name,e.time\determ e.venue",1,1.0,1.0,2,2
$S_\text{No-2}$,Memgraph,denormalized,"(e:Event:time&venue&company)::e.time,e.company\determ e.venue",1,1.0,1.0,2,2
$S_\text{No-2}$,Memgraph,all,"(x7:Enameetimeevenue:Ename&Evenue&Etime)::x7.Etime,x7.Ename\determ x7",1,1.0,1.0,2,2
$S_\text{No-2}$,Memgraph,all,"(x1:Ecompanyetimeevenue:Evenue&Etime&Ecompany)::x1.Ecompany,x1.Etime\determ x1",1,1.0,1.0,2,2
$S_\text{No-2}$,Memgraph,all,(x3:Ecompanyename:Ename&Ecompany)::x3.Ename\determ x3,1,1.0,1.0,1,1
$S_\text{No-2}$,Memgraph,all,"(x5:Enameetimeevenue:Ename&Evenue&Etime)::x5.Etime,x5.Evenue\determ x5",1,1.0,1.0,2,2
$S_\text{No-2}$,Memgraph,denormalized,(e:Event:name&company)::e.name\determ e.company,2,2.0,0.0,1,2
$S_\text{No-2}$,Memgraph,denormalized,"(e:Event:name&time&venue)::e.time,e.name\determ e.venue",1,1.0,1.0,2,2
$S_\text{No-2}$,Memgraph,denormalized,"(e:Event:name&time&venue)::e.time,e.venue\determ e.name",1,1.0,1.0,2,2
$S_\text{No-2}$,Memgraph,denormalized,"(e:Event:time&venue&company)::e.company,e.time\determ e.venue",1,1.0,1.0,2,2
$S_\text{No-2}$,Memgraph,node-left,"(x5:Ecompanyetimeevenue:Evenue&Etime&Ecompany)::x5.Ecompany,x5.Etime\determ x5",1,1.0,1.0,2,2
$S_\text{No-2}$,Memgraph,node-left,"(x1:Enameetimeevenue:Ename&Evenue&Etime)::x1.Etime,x1.Ename\determ x1",1,1.0,1.0,2,2
$S_\text{No-2}$,Memgraph,node-left,(x7:Ecompanyename:Ename&Ecompany)::x7.Ename\determ x7,1,1.0,1.0,1,1
$S_\text{No-2}$,Memgraph,node-left,"(x3:Enameetimeevenue:Ename&Evenue&Etime)::x3.Etime,x3.Evenue\determ x3",1,1.0,1.0,2,2
$S_\text{No-2}$,Memgraph,denormalized,(e:Event:name&company)::e.name\determ e.company,2,2.0,0.0,1,2
$S_\text{No-2}$,Memgraph,denormalized,"(e:Event:name&time&venue)::e.time,e.name\determ e.venue",1,1.0,1.0,2,2
$S_\text{No-2}$,Memgraph,denormalized,"(e:Event:name&time&venue)::e.venue,e.time\determ e.name",1,1.0,1.0,2,2
$S_\text{No-2}$,Memgraph,denormalized,"(e:Event:time&venue&company)::e.time,e.company\determ e.venue",1,1.0,1.0,2,2
$S_\text{No-2}$,Memgraph,edge-left,"(e:Event:name&time&venue&company)::e.name,e.time\determ e.venue",1,1.0,1.0,2,2
$S_\text{No-2}$,Memgraph,edge-left,"(e:Event:name&time&venue&company)::e.venue,e.time\determ e.name",1,1.0,1.0,2,2
$S_\text{No-2}$,Memgraph,edge-left,(e:Event:name&time&venue&company)::e.name\determ e.company,2,2.0,0.0,1,2
$S_\text{No-2}$,Memgraph,edge-left,"(e:Event:name&time&venue&company)::e.time,e.company\determ e.venue",1,1.0,1.0,2,2
$S_\text{No-3}$,Memgraph,denormalized,"(e:Event&Confirmed:name&time&company)::e.name,e.company\determ e.time",1,1.0,1.0,1,1
$S_\text{No-3}$,Memgraph,denormalized,(e:Event:name&company)::e.name\determ e.company,2,2.0,0.0,1,2
$S_\text{No-3}$,Memgraph,denormalized,"(e:Event:name&time&venue)::e.venue,e.time\determ e.name",1,1.0,1.0,2,2
$S_\text{No-3}$,Memgraph,denormalized,"(e:Event:time&venue&company)::e.time,e.company\determ e",1,1.0,1.0,2,2
$S_\text{No-3}$,Memgraph,denormalized,"(e:Event:name&time&venue)::e.name,e.time\determ e.venue",1,1.0,1.0,2,2
$S_\text{No-3}$,Memgraph,all,"(x3:Enameetimeevenue:Ename&Evenue&Etime)::x3.Evenue,x3.Etime\determ x3",1,1.0,1.0,1,1
$S_\text{No-3}$,Memgraph,all,(x7:Ecompanyename:Ename&Ecompany)::x7.Ename\determ x7,1,1.0,1.0,1,1
$S_\text{No-3}$,Memgraph,all,"(x1:Ecompanyenameetime:Ename&Etime&Ecompany)::x1.Ecompany,x1.Ename\determ x1",1,1.0,1.0,1,1
$S_\text{No-3}$,Memgraph,all,"(x9:Enameetimeevenue:Ename&Evenue&Etime)::x9.Ename,x9.Etime\determ x9",1,1.0,1.0,1,1
$S_\text{No-3}$,Memgraph,denormalized,(e:Event:name&company)::e.name\determ e.company,2,2.0,0.0,1,2
$S_\text{No-3}$,Memgraph,denormalized,"(e:Event:name&time&venue)::e.time,e.venue\determ e.name",1,1.0,1.0,2,2
$S_\text{No-3}$,Memgraph,denormalized,"(e:Event:time&venue&company)::e.time,e.company\determ e",1,1.0,1.0,2,2
$S_\text{No-3}$,Memgraph,denormalized,"(e:Event:name&time&venue)::e.name,e.time\determ e.venue",1,1.0,1.0,2,2
$S_\text{No-3}$,Memgraph,denormalized,"(e:Event&Confirmed:name&time&company)::e.company,e.name\determ e.time",1,1.0,1.0,1,1
$S_\text{No-3}$,Memgraph,node-left,"(x9:Enameetimeevenue:Ename&Evenue&Etime)::x9.Etime,x9.Evenue\determ x9",1,1.0,1.0,1,1
$S_\text{No-3}$,Memgraph,node-left,"(x1:Enameetimeevenue:Ename&Evenue&Etime)::x1.Etime,x1.Ename\determ x1",1,1.0,1.0,1,1
$S_\text{No-3}$,Memgraph,node-left,(x5:Ecompanyename:Ename&Ecompany)::x5.Ename\determ x5,1,1.0,1.0,1,1
$S_\text{No-3}$,Memgraph,node-left,"(x3:Ecompanyenameetime:Ename&Etime&Ecompany)::x3.Ename,x3.Ecompany\determ x3",1,1.0,1.0,1,1
$S_\text{No-3}$,Memgraph,denormalized,"(e:Event:time&venue&company)::e.company,e.time\determ e",1,1.0,1.0,2,2
$S_\text{No-3}$,Memgraph,denormalized,"(e:Event&Confirmed:name&time&company)::e.name,e.company\determ e.time",1,1.0,1.0,1,1
$S_\text{No-3}$,Memgraph,denormalized,(e:Event:name&company)::e.name\determ e.company,2,2.0,0.0,1,2
$S_\text{No-3}$,Memgraph,denormalized,"(e:Event:name&time&venue)::e.time,e.venue\determ e.name",1,1.0,1.0,2,2
$S_\text{No-3}$,Memgraph,denormalized,"(e:Event:name&time&venue)::e.name,e.time\determ e.venue",1,1.0,1.0,2,2
$S_\text{No-3}$,Memgraph,edge-left,"(e:Event&Confirmed:name&time&venue&company)::e.time,e.company\determ e",1,1.0,1.0,1,1
$S_\text{No-3}$,Memgraph,edge-left,(e:Event&Confirmed:name&time&venue&company)::e.name\determ e.company,1,1.0,1.0,1,1
$S_\text{No-3}$,Memgraph,edge-left,"(e:Event&Confirmed:name&time&venue&company)::e.company,e.name\determ e.time",1,1.0,1.0,1,1
$S_\text{No-3}$,Memgraph,edge-left,"(e:Event&Confirmed:name&time&venue&company)::e.name,e.time\determ e.venue",1,1.0,1.0,1,1
$S_\text{No-3}$,Memgraph,edge-left,"(e:Event&Confirmed:name&time&venue&company)::e.venue,e.time\determ e.name",1,1.0,1.0,1,1
$S_\text{Nw}$,Memgraph,denormalized,(o:Order:orderID)::o.orderID\determ o,1,1.0,1.0,830,830
$S_\text{Nw}$,Memgraph,denormalized,"(o:Order:shipCountry&customerID&orderID&shipCity&shipPostalCode&shipAddress&orderDate&shipRegion)::o.customerID\determ o.shipAddress,o.shipCity,o.shipPostalCode,o.shipCountry,o.shipRegion",31,9.325842696629213,0.10615199034981906,89,830
$S_\text{Nw}$,Memgraph,all,(x1:OcustomerIDoshipAddressoshipCityoshipCountryoshipPostalCodeoshipRegion:OshipCountry&OshipRegion&OshipPostalCode&OshipCity&OshipAddress&OcustomerID)::x1.OcustomerID\determ x1,1,1.0,1.0,89,89
$S_\text{Nw}$,Memgraph,denormalized,(o:Order:orderID)::o.orderID\determ o,1,1.0,1.0,830,830
$S_\text{Nw}$,Memgraph,denormalized,"(o:Order:shipCountry&customerID&orderID&shipCity&shipPostalCode&shipAddress&orderDate&shipRegion)::o.customerID\determ o.shipPostalCode,o.shipAddress,o.shipRegion,o.shipCity,o.shipCountry",31,9.325842696629213,0.10615199034981906,89,830
$S_\text{Nw}$,Memgraph,node-left,(x1:OcustomerIDoshipAddressoshipCityoshipCountryoshipPostalCodeoshipRegion:OshipCountry&OshipRegion&OshipPostalCode&OshipCity&OshipAddress&OcustomerID)::x1.OcustomerID\determ x1,1,1.0,1.0,89,89
$S_\text{Nw}$,Memgraph,denormalized,(o:Order:orderID)::o.orderID\determ o,1,1.0,1.0,830,830
$S_\text{Nw}$,Memgraph,denormalized,"(o:Order:shipCountry&customerID&orderID&shipCity&shipPostalCode&shipAddress&orderDate&shipRegion)::o.customerID\determ o.shipCity,o.shipCountry,o.shipRegion,o.shipPostalCode,o.shipAddress",31,9.325842696629213,0.10615199034981906,89,830
$S_\text{Nw}$,Memgraph,edge-left,(o:Order:orderID)::o.orderID\determ o,1,1.0,1.0,830,830
$S_\text{Nw}$,Memgraph,edge-left,"(o:Order:shipCountry&customerID&orderID&shipCity&shipPostalCode&shipAddress&orderDate&shipRegion)::o.customerID\determ o.shipRegion,o.shipCountry,o.shipAddress,o.shipCity,o.shipPostalCode",31,9.325842696629213,0.10615199034981906,89,830
$S_\text{Lon}$,Memgraph,denormalized,(s:Station)-[c::type&line&color]->(cbbda)::c.line\determ c.color,218,69.71428571428571,0.013839056893900564,28,1952
$S_\text{Lon}$,Memgraph,denormalized,(s:Station:zone&zoneOriginal)::s.zoneOriginal\determ s.zone,125,40.6875,0.023076923076923078,16,651
$S_\text{Lon}$,Memgraph,denormalized,"(s:Station:longitude&zone&latitude)::s.longitude,s.latitude\determ s.zone",1,1.0,1.0,651,651
$S_\text{Lon}$,Memgraph,denormalized,"(s:Station:longitude&latitude)::s.latitude,s.longitude\determ s",1,1.0,1.0,651,651
$S_\text{Lon}$,Memgraph,denormalized,"(ccfgc)-[c:CONNECTED_THROUGH:type&line&color]->(faccb)::c.line\determ c.color,c.type",218,69.71428571428571,0.013839056893900564,28,1952
$S_\text{Lon}$,Memgraph,all,(x1:SzoneszoneOriginal:Szone&SzoneOriginal)::x1.SzoneOriginal\determ x1,1,1.0,1.0,15,15
$S_\text{Lon}$,Memgraph,all,(x3:Ccolorclinectype:Ccolor&Cline&Ctype)::x3.Cline\determ x3,1,1.0,1.0,28,28
$S_\text{Lon}$,Memgraph,denormalized,(s:Station:zone&zoneOriginal)::s.zoneOriginal\determ s.zone,125,40.6875,0.023076923076923078,16,651
$S_\text{Lon}$,Memgraph,denormalized,"(s:Station:longitude&zone&latitude)::s.longitude,s.latitude\determ s.zone",1,1.0,1.0,651,651
$S_\text{Lon}$,Memgraph,denormalized,"(efbad)-[c:CONNECTED_THROUGH:type&line&color]->(cdcbd)::c.line\determ c.color,c.type",218,69.71428571428571,0.013839056893900564,28,1952
$S_\text{Lon}$,Memgraph,denormalized,(s:Station)-[c::type&line&color]->(caaae)::c.line\determ c.color,218,69.71428571428571,0.013839056893900564,28,1952
$S_\text{Lon}$,Memgraph,denormalized,"(s:Station:longitude&latitude)::s.longitude,s.latitude\determ s",1,1.0,1.0,651,651
$S_\text{Lon}$,Memgraph,node-left,(x1:SzoneszoneOriginal:Szone&SzoneOriginal)::x1.SzoneOriginal\determ x1,1,1.0,1.0,15,15
$S_\text{Lon}$,Memgraph,denormalized,(s:Station:zone&zoneOriginal)::s.zoneOriginal\determ s.zone,125,40.6875,0.023076923076923078,16,651
$S_\text{Lon}$,Memgraph,denormalized,"(cbdba)-[c:CONNECTED_THROUGH:type&line&color]->(fdbbd)::c.line\determ c.type,c.color",218,69.71428571428571,0.013839056893900564,28,1952
$S_\text{Lon}$,Memgraph,denormalized,"(s:Station:longitude&zone&latitude)::s.latitude,s.longitude\determ s.zone",1,1.0,1.0,651,651
$S_\text{Lon}$,Memgraph,denormalized,(s:Station)-[c::type&line&color]->(cagdb)::c.line\determ c.color,218,69.71428571428571,0.013839056893900564,28,1952
$S_\text{Lon}$,Memgraph,denormalized,"(s:Station:longitude&latitude)::s.longitude,s.latitude\determ s",1,1.0,1.0,651,651
$S_\text{Lon}$,Memgraph,edge-left,(x1:Ccolorclinectype:Ccolor&Cline&Ctype)::x1.Cline\determ x1,1,1.0,1.0,28,28
$S_\text{Ts-1}$,Neo4J,denormalized,(adcgd)-[s:STOPS_AT:stopid]->(fcaga)::s.stopid\determ s,1,1.0,1.0,1826601,1826601
$S_\text{Ts-1}$,Neo4J,denormalized,"(ts:TrainService:date&number&type)::ts.date,ts.number\determ ts.type",3,1.005232856942624,0.9947943564213266,192629,193637
$S_\text{Ts-1}$,Neo4J,denormalized,"(x:TrainService:date&number&operator)-[ggcce:STOPS_AT]->(faebb)::x.number,x.date\determ x.operator",61,9.482481869293036,0.10545713347202453,192629,1826601
$S_\text{Ts-1}$,Neo4J,denormalized,"(cabaf)-[s:STOPS_AT:departure&stopid]->(st)::s.stopid,s.departure\determ st",1,1.0,1.0,1826601,1826601
$S_\text{Ts-1}$,Neo4J,denormalized,(x:TrainService:serviceid)::x.serviceid\determ x,1,1.0,1.0,193637,193637
$S_\text{Ts-1}$,Neo4J,denormalized,(fbaeb)-[t:STOPS_AT:code]->(s:Station:name)::s.name\determ t.code,40675,3370.112546125461,0.0002961786926530165,542,1826601
$S_\text{Ts-1}$,Neo4J,all,(x1:Snametcode:Tcode&Sname)::x1.Sname\determ x1,1,1.0,1.0,542,542
$S_\text{Ts-1}$,Neo4J,all,"(x3:Tsdatetsnumbertstype:Tsdate&Tstype&Tsnumber)::x3.Tsdate,x3.Tsnumber\determ x3",1,1.0,1.0,192629,192629
$S_\text{Ts-1}$,Neo4J,all,"(x5:Tsdatetsnumbertsoperator:Tsoperator&Tsdate&Tsnumber)::x5.Tsdate,x5.Tsnumber\determ x5",1,1.0,1.0,192629,192629
$S_\text{Ts-1}$,Neo4J,all,(x0:Tstopid:S&Tstopid)::x0.Tstopid\determ x0,1,1.0,1.0,1632800,1632800
$S_\text{Ts-1}$,Neo4J,denormalized,"(x:TrainService:date&number&operator)-[dcgfd:STOPS_AT]->(gbgfa)::x.date,x.number\determ x.operator",61,9.482481869293036,0.10545713347202453,192629,1826601
$S_\text{Ts-1}$,Neo4J,denormalized,(beffa)-[t:STOPS_AT:code]->(s:Station:name)::s.name\determ t.code,40675,3370.112546125461,0.0002961786926530165,542,1826601
$S_\text{Ts-1}$,Neo4J,denormalized,(ggfcc)-[s:STOPS_AT:stopid]->(cccea)::s.stopid\determ s,1,1.0,1.0,1826601,1826601
$S_\text{Ts-1}$,Neo4J,denormalized,"(cecfb)-[s:STOPS_AT:departure&stopid]->(st)::s.departure,s.stopid\determ st",1,1.0,1.0,1826601,1826601
$S_\text{Ts-1}$,Neo4J,denormalized,(x:TrainService:serviceid)::x.serviceid\determ x,1,1.0,1.0,193637,193637
$S_\text{Ts-1}$,Neo4J,denormalized,"(ts:TrainService:date&number&type)::ts.number,ts.date\determ ts.type",3,1.005232856942624,0.9947943564213266,192629,193637
$S_\text{Ts-1}$,Neo4J,node-left,"(x1:Tsdatetsnumbertsoperator:Tsoperator&Tsdate&Tsnumber)::x1.Tsnumber,x1.Tsdate\determ x1",1,1.0,1.0,192629,192629
$S_\text{Ts-1}$,Neo4J,node-left,(x4:Snametcode:Tcode&Sname)::x4.Sname\determ x4,1,1.0,1.0,542,542
$S_\text{Ts-1}$,Neo4J,node-left,"(x3:Tsdatetsnumbertstype:Tsnumber&Tsdate&Tstype)::x3.Tsnumber,x3.Tsdate\determ x3",1,1.0,1.0,192629,192629
$S_\text{Ts-1}$,Neo4J,denormalized,(fddfc)-[t:STOPS_AT:code]->(s:Station:name)::s.name\determ t.code,40675,3370.112546125461,0.0002961786926530165,542,1826601
$S_\text{Ts-1}$,Neo4J,denormalized,"(ts:TrainService:date&number&type)::ts.date,ts.number\determ ts.type",3,1.005232856942624,0.9947943564213266,192629,193637
$S_\text{Ts-1}$,Neo4J,denormalized,"(fbddb)-[s:STOPS_AT:departure&stopid]->(st)::s.stopid,s.departure\determ st",1,1.0,1.0,1826601,1826601
$S_\text{Ts-1}$,Neo4J,denormalized,(ccgga)-[s:STOPS_AT:stopid]->(bafcd)::s.stopid\determ s,1,1.0,1.0,1826601,1826601
$S_\text{Ts-1}$,Neo4J,denormalized,(x:TrainService:serviceid)::x.serviceid\determ x,1,1.0,1.0,193637,193637
$S_\text{Ts-1}$,Neo4J,denormalized,"(x:TrainService:date&number&operator)-[adafc:STOPS_AT]->(ddgec)::x.number,x.date\determ x.operator",61,9.482481869293036,0.10545713347202453,192629,1826601
$S_\text{Ts-1}$,Neo4J,edge-left,(x0:Tstopid:S&Tstopid)::x0.Tstopid\determ x0,1,1.0,1.0,1632800,1632800
$S_\text{Ts-2}$,Neo4J,denormalized,(aecea)-[t:STOPS_AT:code]->(s:Station:name)::t.code\determ s.name,40675,3370.112546125461,0.0002961786926530165,542,1826601
$S_\text{Ts-2}$,Neo4J,denormalized,"(dcgba)-[s:STOPS_AT:departure&stopid]->(st)::s.departure,s.stopid\determ st",1,1.0,1.0,1826601,1826601
$S_\text{Ts-2}$,Neo4J,denormalized,"(x:TrainService:date&number&operator)-[cbdfb:STOPS_AT]->(bfefa)::x.number,x.date\determ x.operator",61,9.482481869293036,0.10545713347202453,192629,1826601
$S_\text{Ts-2}$,Neo4J,denormalized,(gbdcd)-[t:STOPS_AT:code]->(s:Station:name)::s.name\determ t.code,40675,3370.112546125461,0.0002961786926530165,542,1826601
$S_\text{Ts-2}$,Neo4J,denormalized,(bdcgg)-[s:STOPS_AT:stopid]->(cfdfg)::s.stopid\determ s,1,1.0,1.0,1826601,1826601
$S_\text{Ts-2}$,Neo4J,denormalized,(x:TrainService:serviceid)::x.serviceid\determ x,1,1.0,1.0,193637,193637
$S_\text{Ts-2}$,Neo4J,denormalized,"(ts:TrainService:date&number&type)::ts.number,ts.date\determ ts.type",3,1.005232856942624,0.9947943564213266,192629,193637
$S_\text{Ts-2}$,Neo4J,all,(x4:Snametcode:Tcode&Sname)::x4.Sname\determ x4,1,1.0,1.0,542,542
$S_\text{Ts-2}$,Neo4J,all,"(x8:Tsdatetsnumbertstype:Tsdate&Tstype&Tsnumber)::x8.Tsdate,x8.Tsnumber\determ x8",1,1.0,1.0,192629,192629
$S_\text{Ts-2}$,Neo4J,all,(x9:Snametcode:Tcode&Sname)::x9.Tcode\determ x9,1,1.0,1.0,542,542
$S_\text{Ts-2}$,Neo4J,all,(x10:Tstopid:S&Tstopid)::x10.Tstopid\determ x10,1,1.0,1.0,1632800,1632800
$S_\text{Ts-2}$,Neo4J,all,"(x6:Tsdatetsnumbertsoperator:Tsoperator&Tsdate&Tsnumber)::x6.Tsnumber,x6.Tsdate\determ x6",1,1.0,1.0,192629,192629
$S_\text{Ts-2}$,Neo4J,denormalized,(aeefa)-[t:STOPS_AT:code]->(s:Station:name)::s.name\determ t.code,40675,3370.112546125461,0.0002961786926530165,542,1826601
$S_\text{Ts-2}$,Neo4J,denormalized,"(x:TrainService:date&number&operator)-[cagff:STOPS_AT]->(bagge)::x.date,x.number\determ x.operator",61,9.482481869293036,0.10545713347202453,192629,1826601
$S_\text{Ts-2}$,Neo4J,denormalized,"(agacd)-[s:STOPS_AT:departure&stopid]->(st)::s.stopid,s.departure\determ st",1,1.0,1.0,1826601,1826601
$S_\text{Ts-2}$,Neo4J,denormalized,(ccbga)-[s:STOPS_AT:stopid]->(gcdea)::s.stopid\determ s,1,1.0,1.0,1826601,1826601
$S_\text{Ts-2}$,Neo4J,denormalized,"(ts:TrainService:date&number&type)::ts.date,ts.number\determ ts.type",3,1.005232856942624,0.9947943564213266,192629,193637
$S_\text{Ts-2}$,Neo4J,denormalized,(x:TrainService:serviceid)::x.serviceid\determ x,1,1.0,1.0,193637,193637
$S_\text{Ts-2}$,Neo4J,denormalized,(bceeb)-[t:STOPS_AT:code]->(s:Station:name)::t.code\determ s.name,40675,3370.112546125461,0.0002961786926530165,542,1826601
$S_\text{Ts-2}$,Neo4J,node-left,"(x1:Tsdatetsnumbertstype:Tsdate&Tsnumber&Tstype)::x1.Tsdate,x1.Tsnumber\determ x1",1,1.0,1.0,192629,192629
$S_\text{Ts-2}$,Neo4J,node-left,"(x3:Tsdatetsnumbertsoperator:Tsoperator&Tsdate&Tsnumber)::x3.Tsdate,x3.Tsnumber\determ x3",1,1.0,1.0,192629,192629
$S_\text{Ts-2}$,Neo4J,node-left,(x6:Snametcode:Tcode&Sname)::x6.Sname\determ x6,1,1.0,1.0,542,542
$S_\text{Ts-2}$,Neo4J,denormalized,(beaea)-[t:STOPS_AT:code]->(s:Station:name)::t.code\determ s.name,40675,3370.112546125461,0.0002961786926530165,542,1826601
$S_\text{Ts-2}$,Neo4J,denormalized,"(x:TrainService:date&number&operator)-[gceea:STOPS_AT]->(cgfac)::x.date,x.number\determ x.operator",61,9.482481869293036,0.10545713347202453,192629,1826601
$S_\text{Ts-2}$,Neo4J,denormalized,(dcggb)-[t:STOPS_AT:code]->(s:Station:name)::s.name\determ t.code,40675,3370.112546125461,0.0002961786926530165,542,1826601
$S_\text{Ts-2}$,Neo4J,denormalized,(dfbab)-[s:STOPS_AT:stopid]->(ddgaa)::s.stopid\determ s,1,1.0,1.0,1826601,1826601
$S_\text{Ts-2}$,Neo4J,denormalized,(x:TrainService:serviceid)::x.serviceid\determ x,1,1.0,1.0,193637,193637
$S_\text{Ts-2}$,Neo4J,denormalized,"(ebgbf)-[s:STOPS_AT:departure&stopid]->(st)::s.stopid,s.departure\determ st",1,1.0,1.0,1826601,1826601
$S_\text{Ts-2}$,Neo4J,denormalized,"(ts:TrainService:date&number&type)::ts.number,ts.date\determ ts.type",3,1.005232856942624,0.9947943564213266,192629,193637
$S_\text{Ts-2}$,Neo4J,edge-left,(x3:Snametcode:Tcode&Sname)::x3.Tcode\determ x3,1,1.0,1.0,542,542
$S_\text{Ts-2}$,Neo4J,edge-left,(x0:Tstopid:S&Tstopid)::x0.Tstopid\determ x0,1,1.0,1.0,1632800,1632800
$S_\text{Off-1}$,Neo4J,denormalized,(e:Entity:country_codes&service_provider&countries)::e.country_codes\determ e.countries,309353,738.9691470054453,0.0013556940994151113,1105,814344
$S_\text{Off-1}$,Neo4J,denormalized,(e:Entity:country_codes&service_provider&countries)::e.countries\determ e.country_codes,309353,738.2991840435155,0.0013556940994151113,1105,814344
$S_\text{Off-1}$,Neo4J,denormalized,"(e:Entity:jurisdiction_description&countries&country_codes)::e.jurisdiction_description,e.countries\determ e.country_codes",175938,361.9306666666667,0.0027617355340440086,2250,814344
$S_\text{Off-1}$,Neo4J,all,(x1:EcountriesecountryCodes:Ecountries&EcountryCodes)::x1.Ecountries\determ x1,1,1.0,1.0,858,858
$S_\text{Off-1}$,Neo4J,all,(x3:EcountriesecountryCodes:Ecountries&EcountryCodes)::x3.EcountryCodes\determ x3,1,1.0,1.0,858,858
$S_\text{Off-1}$,Neo4J,denormalized,(e:Entity:country_codes&service_provider&countries)::e.country_codes\determ e.countries,309353,738.9691470054453,0.0013556940994151113,1105,814344
$S_\text{Off-1}$,Neo4J,denormalized,"(e:Entity:jurisdiction_description&countries&country_codes)::e.countries,e.jurisdiction_description\determ e.country_codes",175938,361.9306666666667,0.0027617355340440086,2250,814344
$S_\text{Off-1}$,Neo4J,denormalized,(e:Entity:country_codes&service_provider&countries)::e.countries\determ e.country_codes,309353,738.2991840435155,0.0013556940994151113,1105,814344
$S_\text{Off-1}$,Neo4J,node-left,(x1:EcountriesecountryCodes:Ecountries&EcountryCodes)::x1.Ecountries\determ x1,1,1.0,1.0,858,858
$S_\text{Off-1}$,Neo4J,node-left,(x3:EcountriesecountryCodes:Ecountries&EcountryCodes)::x3.EcountryCodes\determ x3,1,1.0,1.0,858,858
$S_\text{Off-1}$,Neo4J,denormalized,(e:Entity:country_codes&service_provider&countries)::e.country_codes\determ e.countries,309353,738.9691470054453,0.0013556940994151113,1105,814344
$S_\text{Off-1}$,Neo4J,denormalized,(e:Entity:country_codes&service_provider&countries)::e.countries\determ e.country_codes,309353,738.2991840435155,0.0013556940994151113,1105,814344
$S_\text{Off-1}$,Neo4J,denormalized,"(e:Entity:jurisdiction_description&countries&country_codes)::e.jurisdiction_description,e.countries\determ e.country_codes",175938,361.9306666666667,0.0027617355340440086,2250,814344
$S_\text{Off-1}$,Neo4J,edge-left,(e:Entity:jurisdiction_description&service_provider&countries&country_codes)::e.country_codes\determ e.countries,309353,738.9691470054453,0.0013556940994151113,1105,814344
$S_\text{Off-1}$,Neo4J,edge-left,(e:Entity:jurisdiction_description&service_provider&countries&country_codes)::e.countries\determ e.country_codes,309353,738.2991840435155,0.0013556940994151113,1105,814344
$S_\text{Off-2}$,Neo4J,denormalized,"(e:Entity:jurisdiction_description&countries&country_codes)::e.countries,e.jurisdiction_description\determ e.country_codes",175938,361.9306666666667,0.0027617355340440086,2250,814344
$S_\text{Off-2}$,Neo4J,denormalized,"(e:Entity:country_codes&sourceID&countries)::e.countries,e.sourceID\determ e.country_codes",175888,558.5349794238695,0.0017891723757679503,1458,814344
$S_\text{Off-2}$,Neo4J,denormalized,"(e:Entity:valid_until&countries&country_codes)::e.countries,e.valid_until\determ e.country_codes",175888,543.620827770362,0.001838291727196034,1498,814344
$S_\text{Off-2}$,Neo4J,denormalized,"(e:Entity:country_codes&sourceID&countries)::e.country_codes,e.sourceID\determ e.countries",175888,558.5349794238695,0.0017891723757679503,1458,814344
$S_\text{Off-2}$,Neo4J,denormalized,"(e:Entity:valid_until&countries&country_codes)::e.country_codes,e.valid_until\determ e.countries",175888,543.620827770362,0.001838291727196034,1498,814344
$S_\text{Off-2}$,Neo4J,all,"(x9:EcountriesecountryCodesevalidUntil:Ecountries&EvalidUntil&EcountryCodes)::x9.EcountryCodes,x9.EvalidUntil\determ x9",1,1.0,1.0,1455,1455
$S_\text{Off-2}$,Neo4J,all,"(x5:EcountriesecountryCodesejurisdictionDescription:Ecountries&EcountryCodes&EjurisdictionDescription)::x5.EjurisdictionDescription,x5.Ecountries\determ x5",1,1.0,1.0,2185,2185
$S_\text{Off-2}$,Neo4J,all,"(x3:EcountriesecountryCodesevalidUntil:Ecountries&EvalidUntil&EcountryCodes)::x3.EvalidUntil,x3.Ecountries\determ x3",1,1.0,1.0,1455,1455
$S_\text{Off-2}$,Neo4J,all,"(x7:EcountriesecountryCodesesourceID:Ecountries&EcountryCodes&EsourceID)::x7.EsourceID,x7.EcountryCodes\determ x7",1,1.0,1.0,1439,1439
$S_\text{Off-2}$,Neo4J,all,"(x1:EcountriesecountryCodesesourceID:Ecountries&EcountryCodes&EsourceID)::x1.Ecountries,x1.EsourceID\determ x1",1,1.0,1.0,1439,1439
$S_\text{Off-2}$,Neo4J,denormalized,"(e:Entity:jurisdiction_description&countries&country_codes)::e.countries,e.jurisdiction_description\determ e.country_codes",175938,361.9306666666667,0.0027617355340440086,2250,814344
$S_\text{Off-2}$,Neo4J,denormalized,"(e:Entity:valid_until&countries&country_codes)::e.valid_until,e.countries\determ e.country_codes",175888,543.620827770362,0.001838291727196034,1498,814344
$S_\text{Off-2}$,Neo4J,denormalized,"(e:Entity:country_codes&sourceID&countries)::e.sourceID,e.countries\determ e.country_codes",175888,558.5349794238695,0.0017891723757679503,1458,814344
$S_\text{Off-2}$,Neo4J,denormalized,"(e:Entity:country_codes&sourceID&countries)::e.country_codes,e.sourceID\determ e.countries",175888,558.5349794238695,0.0017891723757679503,1458,814344
$S_\text{Off-2}$,Neo4J,denormalized,"(e:Entity:valid_until&countries&country_codes)::e.country_codes,e.valid_until\determ e.countries",175888,543.620827770362,0.001838291727196034,1498,814344
$S_\text{Off-2}$,Neo4J,node-left,"(x9:EcountriesecountryCodesevalidUntil:Ecountries&EvalidUntil&EcountryCodes)::x9.EvalidUntil,x9.EcountryCodes\determ x9",1,1.0,1.0,1455,1455
$S_\text{Off-2}$,Neo4J,node-left,"(x1:EcountriesecountryCodesesourceID:Ecountries&EcountryCodes&EsourceID)::x1.EsourceID,x1.Ecountries\determ x1",1,1.0,1.0,1439,1439
$S_\text{Off-2}$,Neo4J,node-left,"(x7:EcountriesecountryCodesejurisdictionDescription:Ecountries&EcountryCodes&EjurisdictionDescription)::x7.Ecountries,x7.EjurisdictionDescription\determ x7",1,1.0,1.0,2185,2185
$S_\text{Off-2}$,Neo4J,node-left,"(x5:EcountriesecountryCodesevalidUntil:Ecountries&EvalidUntil&EcountryCodes)::x5.Ecountries,x5.EvalidUntil\determ x5",1,1.0,1.0,1455,1455
$S_\text{Off-2}$,Neo4J,node-left,"(x3:EcountriesecountryCodesesourceID:EsourceID&EcountryCodes&Ecountries)::x3.EsourceID,x3.EcountryCodes\determ x3",1,1.0,1.0,1439,1439
$S_\text{Off-2}$,Neo4J,denormalized,"(e:Entity:jurisdiction_description&countries&country_codes)::e.countries,e.jurisdiction_description\determ e.country_codes",175938,361.9306666666667,0.0027617355340440086,2250,814344
$S_\text{Off-2}$,Neo4J,denormalized,"(e:Entity:valid_until&countries&country_codes)::e.valid_until,e.countries\determ e.country_codes",175888,543.620827770362,0.001838291727196034,1498,814344
$S_\text{Off-2}$,Neo4J,denormalized,"(e:Entity:country_codes&sourceID&countries)::e.countries,e.sourceID\determ e.country_codes",175888,558.5349794238695,0.0017891723757679503,1458,814344
$S_\text{Off-2}$,Neo4J,denormalized,"(e:Entity:country_codes&sourceID&countries)::e.country_codes,e.sourceID\determ e.countries",175888,558.5349794238695,0.0017891723757679503,1458,814344
$S_\text{Off-2}$,Neo4J,denormalized,"(e:Entity:valid_until&countries&country_codes)::e.country_codes,e.valid_until\determ e.countries",175888,543.620827770362,0.001838291727196034,1498,814344
$S_\text{Off-2}$,Neo4J,edge-left,"(e:Entity:country_codes&jurisdiction_description&valid_until&sourceID&countries)::e.country_codes,e.valid_until\determ e.countries",175888,543.620827770362,0.001838291727196034,1498,814344
$S_\text{Off-2}$,Neo4J,edge-left,"(e:Entity:country_codes&jurisdiction_description&valid_until&sourceID&countries)::e.countries,e.valid_until\determ e.country_codes",175888,543.620827770362,0.001838291727196034,1498,814344
$S_\text{Off-2}$,Neo4J,edge-left,"(e:Entity:country_codes&jurisdiction_description&valid_until&sourceID&countries)::e.sourceID,e.country_codes\determ e.countries",175888,558.5349794238695,0.0017891723757679503,1458,814344
$S_\text{Off-2}$,Neo4J,edge-left,"(e:Entity:country_codes&jurisdiction_description&valid_until&sourceID&countries)::e.countries,e.jurisdiction_description\determ e.country_codes",175938,361.9306666666667,0.0027617355340440086,2250,814344
$S_\text{Off-2}$,Neo4J,edge-left,"(e:Entity:country_codes&jurisdiction_description&valid_until&sourceID&countries)::e.countries,e.sourceID\determ e.country_codes",175888,558.5349794238695,0.0017891723757679503,1458,814344
$S_\text{Off-3}$,Neo4J,denormalized,"(e:Entity:valid_until&countries&country_codes)::e.valid_until,e.countries\determ e.country_codes",175888,543.620827770362,0.001838291727196034,1498,814344
$S_\text{Off-3}$,Neo4J,denormalized,(e:Entity:valid_until&service_provider&sourceID)::e.sourceID\determ e.valid_until,213634,37015.63636363636,0.0002087572435693559,171,814344
$S_\text{Off-3}$,Neo4J,denormalized,"(e:Entity:jurisdiction_description&countries&country_codes)::e.jurisdiction_description,e.countries\determ e.country_codes",175938,361.9306666666667,0.0027617355340440086,2250,814344
$S_\text{Off-3}$,Neo4J,denormalized,(e:Entity:country_codes&service_provider&countries)::e.countries\determ e.country_codes,309353,738.2991840435155,0.0013556940994151113,1105,814344
$S_\text{Off-3}$,Neo4J,denormalized,"(e:Entity:valid_until&service_provider&sourceID)::e.service_provider\determ e.valid_until,e.sourceID",470258,162868.8,0.000209985227355058,172,814344
$S_\text{Off-3}$,Neo4J,denormalized,"(e:Entity:country_codes&sourceID&countries)::e.sourceID,e.country_codes\determ e.countries",175888,558.5349794238695,0.0017891723757679503,1458,814344
$S_\text{Off-3}$,Neo4J,denormalized,(e:Entity:valid_until&service_provider&sourceID)::e.valid_until\determ e.sourceID,213634,12528.369230769224,0.0002087572435693559,171,814344
$S_\text{Off-3}$,Neo4J,denormalized,(e:Entity:country_codes&service_provider&countries)::e.country_codes\determ e.countries,309353,738.9691470054453,0.0013556940994151113,1105,814344
$S_\text{Off-3}$,Neo4J,denormalized,"(e:Entity:country_codes&sourceID&countries)::e.sourceID,e.countries\determ e.country_codes",175888,558.5349794238695,0.0017891723757679503,1458,814344
$S_\text{Off-3}$,Neo4J,denormalized,"(e:Entity:valid_until&countries&country_codes)::e.country_codes,e.valid_until\determ e.countries",175888,543.620827770362,0.001838291727196034,1498,814344
$S_\text{Off-3}$,Neo4J,all,(x7:EsourceIDevalidUntil:EsourceID&EvalidUntil)::x7.EvalidUntil\determ x7,1,1.0,1.0,3,3
$S_\text{Off-3}$,Neo4J,all,(x1:EcountriesecountryCodes:Ecountries&EcountryCodes)::x1.EcountryCodes\determ x1,1,1.0,1.0,858,858
$S_\text{Off-3}$,Neo4J,all,(x3:EsourceIDevalidUntil:EsourceID&EvalidUntil)::x3.EsourceID\determ x3,1,1.0,1.0,3,3
$S_\text{Off-3}$,Neo4J,all,(x9:EcountriesecountryCodes:Ecountries&EcountryCodes)::x9.Ecountries\determ x9,1,1.0,1.0,858,858
$S_\text{Off-3}$,Neo4J,all,(x5:EserviceProvideresourceID:EsourceID&EserviceProvider)::x5.EserviceProvider\determ x5,1,1.0,1.0,4,4
$S_\text{Off-3}$,Neo4J,denormalized,"(e:Entity:jurisdiction_description&countries&country_codes)::e.countries,e.jurisdiction_description\determ e.country_codes",175938,361.9306666666667,0.0027617355340440086,2250,814344
$S_\text{Off-3}$,Neo4J,denormalized,"(e:Entity:valid_until&countries&country_codes)::e.valid_until,e.countries\determ e.country_codes",175888,543.620827770362,0.001838291727196034,1498,814344
$S_\text{Off-3}$,Neo4J,denormalized,(e:Entity:valid_until&service_provider&sourceID)::e.sourceID\determ e.valid_until,213634,37015.63636363636,0.0002087572435693559,171,814344
$S_\text{Off-3}$,Neo4J,denormalized,(e:Entity:country_codes&service_provider&countries)::e.countries\determ e.country_codes,309353,738.2991840435155,0.0013556940994151113,1105,814344
$S_\text{Off-3}$,Neo4J,denormalized,"(e:Entity:valid_until&service_provider&sourceID)::e.service_provider\determ e.sourceID,e.valid_until",470258,162868.8,0.000209985227355058,172,814344
$S_\text{Off-3}$,Neo4J,denormalized,"(e:Entity:country_codes&sourceID&countries)::e.countries,e.sourceID\determ e.country_codes",175888,558.5349794238695,0.0017891723757679503,1458,814344
$S_\text{Off-3}$,Neo4J,denormalized,(e:Entity:valid_until&service_provider&sourceID)::e.valid_until\determ e.sourceID,213634,12528.369230769224,0.0002087572435693559,171,814344
$S_\text{Off-3}$,Neo4J,denormalized,(e:Entity:country_codes&service_provider&countries)::e.country_codes\determ e.countries,309353,738.9691470054453,0.0013556940994151113,1105,814344
$S_\text{Off-3}$,Neo4J,denormalized,"(e:Entity:country_codes&sourceID&countries)::e.country_codes,e.sourceID\determ e.countries",175888,558.5349794238695,0.0017891723757679503,1458,814344
$S_\text{Off-3}$,Neo4J,denormalized,"(e:Entity:valid_until&countries&country_codes)::e.country_codes,e.valid_until\determ e.countries",175888,543.620827770362,0.001838291727196034,1498,814344
$S_\text{Off-3}$,Neo4J,node-left,(x7:EsourceIDevalidUntil:EsourceID&EvalidUntil)::x7.EvalidUntil\determ x7,1,1.0,1.0,3,3
$S_\text{Off-3}$,Neo4J,node-left,(x1:EcountriesecountryCodes:Ecountries&EcountryCodes)::x1.EcountryCodes\determ x1,1,1.0,1.0,858,858
$S_\text{Off-3}$,Neo4J,node-left,(x3:EsourceIDevalidUntil:EsourceID&EvalidUntil)::x3.EsourceID\determ x3,1,1.0,1.0,3,3
$S_\text{Off-3}$,Neo4J,node-left,(x9:EcountriesecountryCodes:Ecountries&EcountryCodes)::x9.Ecountries\determ x9,1,1.0,1.0,858,858
$S_\text{Off-3}$,Neo4J,node-left,(x5:EserviceProvideresourceID:EsourceID&EserviceProvider)::x5.EserviceProvider\determ x5,1,1.0,1.0,4,4
$S_\text{Off-3}$,Neo4J,denormalized,"(e:Entity:jurisdiction_description&countries&country_codes)::e.countries,e.jurisdiction_description\determ e.country_codes",175938,361.9306666666667,0.0027617355340440086,2250,814344
$S_\text{Off-3}$,Neo4J,denormalized,"(e:Entity:valid_until&countries&country_codes)::e.valid_until,e.countries\determ e.country_codes",175888,543.620827770362,0.001838291727196034,1498,814344
$S_\text{Off-3}$,Neo4J,denormalized,(e:Entity:valid_until&service_provider&sourceID)::e.sourceID\determ e.valid_until,213634,37015.63636363636,0.0002087572435693559,171,814344
$S_\text{Off-3}$,Neo4J,denormalized,(e:Entity:country_codes&service_provider&countries)::e.countries\determ e.country_codes,309353,738.2991840435155,0.0013556940994151113,1105,814344
$S_\text{Off-3}$,Neo4J,denormalized,"(e:Entity:country_codes&sourceID&countries)::e.countries,e.sourceID\determ e.country_codes",175888,558.5349794238695,0.0017891723757679503,1458,814344
$S_\text{Off-3}$,Neo4J,denormalized,(e:Entity:valid_until&service_provider&sourceID)::e.valid_until\determ e.sourceID,213634,12528.369230769224,0.0002087572435693559,171,814344
$S_\text{Off-3}$,Neo4J,denormalized,(e:Entity:country_codes&service_provider&countries)::e.country_codes\determ e.countries,309353,738.9691470054453,0.0013556940994151113,1105,814344
$S_\text{Off-3}$,Neo4J,denormalized,"(e:Entity:valid_until&service_provider&sourceID)::e.service_provider\determ e.valid_until,e.sourceID",470258,162868.8,0.000209985227355058,172,814344
$S_\text{Off-3}$,Neo4J,denormalized,"(e:Entity:country_codes&sourceID&countries)::e.country_codes,e.sourceID\determ e.countries",175888,558.5349794238695,0.0017891723757679503,1458,814344
$S_\text{Off-3}$,Neo4J,denormalized,"(e:Entity:valid_until&countries&country_codes)::e.valid_until,e.country_codes\determ e.countries",175888,543.620827770362,0.001838291727196034,1498,814344
$S_\text{Off-3}$,Neo4J,edge-left,(e:Entity:country_codes&service_provider&jurisdiction_description&valid_until&sourceID&countries)::e.countries\determ e.country_codes,309353,738.2991840435155,0.0013556940994151113,1105,814344
$S_\text{Off-3}$,Neo4J,edge-left,(e:Entity:country_codes&service_provider&jurisdiction_description&valid_until&sourceID&countries)::e.valid_until\determ e.sourceID,213634,12528.369230769224,0.0002087572435693559,171,814344
$S_\text{Off-3}$,Neo4J,edge-left,(e:Entity:country_codes&service_provider&jurisdiction_description&valid_until&sourceID&countries)::e.service_provider\determ e.sourceID,470258,162868.8,2.7015643285446058e-05,23,814344
$S_\text{Off-3}$,Neo4J,edge-left,(e:Entity:country_codes&service_provider&jurisdiction_description&valid_until&sourceID&countries)::e.sourceID\determ e.valid_until,213634,37015.63636363636,0.0002087572435693559,171,814344
$S_\text{Off-3}$,Neo4J,edge-left,(e:Entity:country_codes&service_provider&jurisdiction_description&valid_until&sourceID&countries)::e.country_codes\determ e.countries,309353,738.9691470054453,0.0013556940994151113,1105,814344
$S_\text{Uni-1}$,Neo4J,denormalized,(c:Course)<-[t:TEACHES:usingBook]-(ggdeg)::c\determ t.usingBook,3,3.0,0.0,1,3
$S_\text{Uni-1}$,Neo4J,all,(c:Course:TusingBook)::c\determ c.TusingBook,1,1.0,1.0,1,1
$S_\text{Uni-1}$,Neo4J,denormalized,(c:Course)<-[t:TEACHES:usingBook]-(gfbea)::c\determ t.usingBook,3,3.0,0.0,1,3
$S_\text{Uni-1}$,Neo4J,node-left,(c:Course:TusingBook)::c\determ c.TusingBook,1,1.0,1.0,1,1
$S_\text{Uni-1}$,Neo4J,denormalized,(c:Course)<-[t:TEACHES:usingBook]-(ceebg)::c\determ t.usingBook,3,3.0,0.0,1,3
$S_\text{Uni-1}$,Neo4J,edge-left,(c:Course)<-[t:TEACHES:usingBook]-(dfgee)::c\determ t.usingBook,3,3.0,0.0,1,3
$S_\text{Uni-2}$,Neo4J,denormalized,(c:Course:title)<-[t:TEACHES:usingBook]-(gcgaf)::c.title\determ t.usingBook,3,3.0,0.0,1,3
$S_\text{Uni-2}$,Neo4J,all,(x0:CtitletusingBook:TusingBook&Ctitle)::x0.Ctitle\determ x0,1,1.0,1.0,1,1
$S_\text{Uni-2}$,Neo4J,denormalized,(c:Course:title)<-[t:TEACHES:usingBook]-(gdbgb)::c.title\determ t.usingBook,3,3.0,0.0,1,3
$S_\text{Uni-2}$,Neo4J,node-left,(x0:CtitletusingBook:TusingBook&Ctitle)::x0.Ctitle\determ x0,1,1.0,1.0,1,1
$S_\text{Uni-2}$,Neo4J,denormalized,(c:Course:title)<-[t:TEACHES:usingBook]-(egaed)::c.title\determ t.usingBook,3,3.0,0.0,1,3
$S_\text{Uni-2}$,Neo4J,edge-left,(c:Course:title)<-[t:TEACHES:usingBook]-(afcdc)::c.title\determ t.usingBook,3,3.0,0.0,1,3
$S_\text{No-1}$,Neo4J,denormalized,(e:Event:name&company)::e.name\determ e.company,2,2.0,0.0,1,2
$S_\text{No-1}$,Neo4J,denormalized,"(e:Event:name&time&venue)::e.time,e.venue\determ e.name",1,1.0,1.0,2,2
$S_\text{No-1}$,Neo4J,denormalized,"(e:Event:time&company)::e.time,e.company\determ e",1,1.0,1.0,2,2
$S_\text{No-1}$,Neo4J,denormalized,"(e:Event:name&time&venue)::e.name,e.time\determ e.venue",1,1.0,1.0,2,2
$S_\text{No-1}$,Neo4J,all,"(x7:Enameetimeevenue:Ename&Evenue&Etime)::x7.Evenue,x7.Etime\determ x7",1,1.0,1.0,2,2
$S_\text{No-1}$,Neo4J,all,(x5:Ecompanyename:Ename&Ecompany)::x5.Ename\determ x5,1,1.0,1.0,1,1
$S_\text{No-1}$,Neo4J,all,"(x3:Enameetimeevenue:Ename&Evenue&Etime)::x3.Etime,x3.Ename\determ x3",1,1.0,1.0,2,2
$S_\text{No-1}$,Neo4J,denormalized,(e:Event:name&company)::e.name\determ e.company,2,2.0,0.0,1,2
$S_\text{No-1}$,Neo4J,denormalized,"(e:Event:name&time&venue)::e.venue,e.time\determ e.name",1,1.0,1.0,2,2
$S_\text{No-1}$,Neo4J,denormalized,"(e:Event:time&company)::e.time,e.company\determ e",1,1.0,1.0,2,2
$S_\text{No-1}$,Neo4J,denormalized,"(e:Event:name&time&venue)::e.name,e.time\determ e.venue",1,1.0,1.0,2,2
$S_\text{No-1}$,Neo4J,node-left,"(x5:Enameetimeevenue:Ename&Evenue&Etime)::x5.Evenue,x5.Etime\determ x5",1,1.0,1.0,2,2
$S_\text{No-1}$,Neo4J,node-left,(x7:Ecompanyename:Ename&Ecompany)::x7.Ename\determ x7,1,1.0,1.0,1,1
$S_\text{No-1}$,Neo4J,node-left,"(x3:Enameetimeevenue:Ename&Evenue&Etime)::x3.Ename,x3.Etime\determ x3",1,1.0,1.0,2,2
$S_\text{No-1}$,Neo4J,denormalized,(e:Event:name&company)::e.name\determ e.company,2,2.0,0.0,1,2
$S_\text{No-1}$,Neo4J,denormalized,"(e:Event:name&time&venue)::e.time,e.name\determ e.venue",1,1.0,1.0,2,2
$S_\text{No-1}$,Neo4J,denormalized,"(e:Event:name&time&venue)::e.venue,e.time\determ e.name",1,1.0,1.0,2,2
$S_\text{No-1}$,Neo4J,denormalized,"(e:Event:time&company)::e.time,e.company\determ e",1,1.0,1.0,2,2
$S_\text{No-1}$,Neo4J,edge-left,"(e:Event:name&time&venue&company)::e.venue,e.time\determ e.name",1,1.0,1.0,2,2
$S_\text{No-1}$,Neo4J,edge-left,(e:Event:name&time&venue&company)::e.name\determ e.company,2,2.0,0.0,1,2
$S_\text{No-1}$,Neo4J,edge-left,"(e:Event:name&time&venue&company)::e.name,e.time\determ e.venue",1,1.0,1.0,2,2
$S_\text{No-1}$,Neo4J,edge-left,"(e:Event:name&time&venue&company)::e.time,e.company\determ e",1,1.0,1.0,2,2
$S_\text{No-2}$,Neo4J,denormalized,(e:Event:name&company)::e.name\determ e.company,2,2.0,0.0,1,2
$S_\text{No-2}$,Neo4J,denormalized,"(e:Event:name&time&venue)::e.time,e.venue\determ e.name",1,1.0,1.0,2,2
$S_\text{No-2}$,Neo4J,denormalized,"(e:Event:time&venue&company)::e.company,e.time\determ e.venue",1,1.0,1.0,2,2
$S_\text{No-2}$,Neo4J,denormalized,"(e:Event:name&time&venue)::e.name,e.time\determ e.venue",1,1.0,1.0,2,2
$S_\text{No-2}$,Neo4J,all,"(x7:Enameetimeevenue:Ename&Evenue&Etime)::x7.Ename,x7.Etime\determ x7",1,1.0,1.0,2,2
$S_\text{No-2}$,Neo4J,all,"(x3:Ecompanyetimeevenue:Evenue&Etime&Ecompany)::x3.Etime,x3.Ecompany\determ x3",1,1.0,1.0,2,2
$S_\text{No-2}$,Neo4J,all,(x5:Ecompanyename:Ename&Ecompany)::x5.Ename\determ x5,1,1.0,1.0,1,1
$S_\text{No-2}$,Neo4J,all,"(x1:Enameetimeevenue:Ename&Evenue&Etime)::x1.Etime,x1.Evenue\determ x1",1,1.0,1.0,2,2
$S_\text{No-2}$,Neo4J,denormalized,(e:Event:name&company)::e.name\determ e.company,2,2.0,0.0,1,2
$S_\text{No-2}$,Neo4J,denormalized,"(e:Event:name&time&venue)::e.time,e.name\determ e.venue",1,1.0,1.0,2,2
$S_\text{No-2}$,Neo4J,denormalized,"(e:Event:name&time&venue)::e.venue,e.time\determ e.name",1,1.0,1.0,2,2
$S_\text{No-2}$,Neo4J,denormalized,"(e:Event:time&venue&company)::e.time,e.company\determ e.venue",1,1.0,1.0,2,2
$S_\text{No-2}$,Neo4J,node-left,"(x7:Enameetimeevenue:Ename&Evenue&Etime)::x7.Etime,x7.Ename\determ x7",1,1.0,1.0,2,2
$S_\text{No-2}$,Neo4J,node-left,"(x5:Ecompanyetimeevenue:Evenue&Etime&Ecompany)::x5.Ecompany,x5.Etime\determ x5",1,1.0,1.0,2,2
$S_\text{No-2}$,Neo4J,node-left,"(x1:Enameetimeevenue:Ename&Evenue&Etime)::x1.Evenue,x1.Etime\determ x1",1,1.0,1.0,2,2
$S_\text{No-2}$,Neo4J,node-left,(x3:Ecompanyename:Ename&Ecompany)::x3.Ename\determ x3,1,1.0,1.0,1,1
$S_\text{No-2}$,Neo4J,denormalized,(e:Event:name&company)::e.name\determ e.company,2,2.0,0.0,1,2
$S_\text{No-2}$,Neo4J,denormalized,"(e:Event:name&time&venue)::e.time,e.name\determ e.venue",1,1.0,1.0,2,2
$S_\text{No-2}$,Neo4J,denormalized,"(e:Event:name&time&venue)::e.time,e.venue\determ e.name",1,1.0,1.0,2,2
$S_\text{No-2}$,Neo4J,denormalized,"(e:Event:time&venue&company)::e.time,e.company\determ e.venue",1,1.0,1.0,2,2
$S_\text{No-2}$,Neo4J,edge-left,"(e:Event:name&time&venue&company)::e.name,e.time\determ e.venue",1,1.0,1.0,2,2
$S_\text{No-2}$,Neo4J,edge-left,"(e:Event:name&time&venue&company)::e.venue,e.time\determ e.name",1,1.0,1.0,2,2
$S_\text{No-2}$,Neo4J,edge-left,(e:Event:name&time&venue&company)::e.name\determ e.company,2,2.0,0.0,1,2
$S_\text{No-2}$,Neo4J,edge-left,"(e:Event:name&time&venue&company)::e.time,e.company\determ e.venue",1,1.0,1.0,2,2
$S_\text{No-3}$,Neo4J,denormalized,"(e:Event:time&venue&company)::e.company,e.time\determ e",1,1.0,1.0,2,2
$S_\text{No-3}$,Neo4J,denormalized,"(e:Event&Confirmed:name&time&company)::e.name,e.company\determ e.time",1,1.0,1.0,1,1
$S_\text{No-3}$,Neo4J,denormalized,(e:Event:name&company)::e.name\determ e.company,2,2.0,0.0,1,2
$S_\text{No-3}$,Neo4J,denormalized,"(e:Event:name&time&venue)::e.venue,e.time\determ e.name",1,1.0,1.0,2,2
$S_\text{No-3}$,Neo4J,denormalized,"(e:Event:name&time&venue)::e.name,e.time\determ e.venue",1,1.0,1.0,2,2
$S_\text{No-3}$,Neo4J,all,"(x9:Enameetimeevenue:Ename&Evenue&Etime)::x9.Evenue,x9.Etime\determ x9",1,1.0,1.0,1,1
$S_\text{No-3}$,Neo4J,all,(x7:Ecompanyename:Ename&Ecompany)::x7.Ename\determ x7,1,1.0,1.0,1,1
$S_\text{No-3}$,Neo4J,all,"(x5:Enameetimeevenue:Ename&Evenue&Etime)::x5.Etime,x5.Ename\determ x5",1,1.0,1.0,1,1
$S_\text{No-3}$,Neo4J,all,"(x1:Ecompanyenameetime:Ename&Etime&Ecompany)::x1.Ename,x1.Ecompany\determ x1",1,1.0,1.0,1,1
$S_\text{No-3}$,Neo4J,denormalized,"(e:Event&Confirmed:name&time&company)::e.name,e.company\determ e.time",1,1.0,1.0,1,1
$S_\text{No-3}$,Neo4J,denormalized,(e:Event:name&company)::e.name\determ e.company,2,2.0,0.0,1,2
$S_\text{No-3}$,Neo4J,denormalized,"(e:Event:name&time&venue)::e.venue,e.time\determ e.name",1,1.0,1.0,2,2
$S_\text{No-3}$,Neo4J,denormalized,"(e:Event:time&venue&company)::e.time,e.company\determ e",1,1.0,1.0,2,2
$S_\text{No-3}$,Neo4J,denormalized,"(e:Event:name&time&venue)::e.name,e.time\determ e.venue",1,1.0,1.0,2,2
$S_\text{No-3}$,Neo4J,node-left,"(x7:Enameetimeevenue:Ename&Evenue&Etime)::x7.Ename,x7.Etime\determ x7",1,1.0,1.0,1,1
$S_\text{No-3}$,Neo4J,node-left,"(x1:Ecompanyenameetime:Ename&Etime&Ecompany)::x1.Ecompany,x1.Ename\determ x1",1,1.0,1.0,1,1
$S_\text{No-3}$,Neo4J,node-left,"(x9:Enameetimeevenue:Ename&Evenue&Etime)::x9.Etime,x9.Evenue\determ x9",1,1.0,1.0,1,1
$S_\text{No-3}$,Neo4J,node-left,(x3:Ecompanyename:Ename&Ecompany)::x3.Ename\determ x3,1,1.0,1.0,1,1
$S_\text{No-3}$,Neo4J,denormalized,"(e:Event&Confirmed:name&time&company)::e.name,e.company\determ e.time",1,1.0,1.0,1,1
$S_\text{No-3}$,Neo4J,denormalized,(e:Event:name&company)::e.name\determ e.company,2,2.0,0.0,1,2
$S_\text{No-3}$,Neo4J,denormalized,"(e:Event:name&time&venue)::e.time,e.venue\determ e.name",1,1.0,1.0,2,2
$S_\text{No-3}$,Neo4J,denormalized,"(e:Event:time&venue&company)::e.time,e.company\determ e",1,1.0,1.0,2,2
$S_\text{No-3}$,Neo4J,denormalized,"(e:Event:name&time&venue)::e.name,e.time\determ e.venue",1,1.0,1.0,2,2
$S_\text{No-3}$,Neo4J,edge-left,"(e:Event&Confirmed:name&time&venue&company)::e.time,e.venue\determ e.name",1,1.0,1.0,1,1
$S_\text{No-3}$,Neo4J,edge-left,"(e:Event&Confirmed:name&time&venue&company)::e.time,e.company\determ e",1,1.0,1.0,1,1
$S_\text{No-3}$,Neo4J,edge-left,(e:Event&Confirmed:name&time&venue&company)::e.name\determ e.company,1,1.0,1.0,1,1
$S_\text{No-3}$,Neo4J,edge-left,"(e:Event&Confirmed:name&time&venue&company)::e.company,e.name\determ e.time",1,1.0,1.0,1,1
$S_\text{No-3}$,Neo4J,edge-left,"(e:Event&Confirmed:name&time&venue&company)::e.name,e.time\determ e.venue",1,1.0,1.0,1,1
$S_\text{Nw}$,Neo4J,denormalized,(o:Order:orderID)::o.orderID\determ o,1,1.0,1.0,830,830
$S_\text{Nw}$,Neo4J,denormalized,"(o:Order:shipCountry&customerID&orderID&shipCity&shipPostalCode&shipAddress&orderDate&shipRegion)::o.customerID\determ o.shipRegion,o.shipPostalCode,o.shipAddress,o.shipCountry,o.shipCity",31,9.325842696629213,0.10615199034981906,89,830
$S_\text{Nw}$,Neo4J,all,(x1:OcustomerIDoshipAddressoshipCityoshipCountryoshipPostalCodeoshipRegion:OshipCountry&OshipRegion&OshipPostalCode&OshipCity&OshipAddress&OcustomerID)::x1.OcustomerID\determ x1,1,1.0,1.0,89,89
$S_\text{Nw}$,Neo4J,denormalized,(o:Order:orderID)::o.orderID\determ o,1,1.0,1.0,830,830
$S_\text{Nw}$,Neo4J,denormalized,"(o:Order:shipCountry&customerID&orderID&shipCity&shipPostalCode&shipAddress&orderDate&shipRegion)::o.customerID\determ o.shipRegion,o.shipCity,o.shipCountry,o.shipAddress,o.shipPostalCode",31,9.325842696629213,0.10615199034981906,89,830
$S_\text{Nw}$,Neo4J,node-left,(x1:OcustomerIDoshipAddressoshipCityoshipCountryoshipPostalCodeoshipRegion:OshipCountry&OshipRegion&OshipPostalCode&OshipCity&OshipAddress&OcustomerID)::x1.OcustomerID\determ x1,1,1.0,1.0,89,89
$S_\text{Nw}$,Neo4J,denormalized,(o:Order:orderID)::o.orderID\determ o,1,1.0,1.0,830,830
$S_\text{Nw}$,Neo4J,denormalized,"(o:Order:shipCountry&customerID&orderID&shipCity&shipPostalCode&shipAddress&orderDate&shipRegion)::o.customerID\determ o.shipRegion,o.shipCity,o.shipCountry,o.shipPostalCode,o.shipAddress",31,9.325842696629213,0.10615199034981906,89,830
$S_\text{Nw}$,Neo4J,edge-left,(o:Order:orderID)::o.orderID\determ o,1,1.0,1.0,830,830
$S_\text{Nw}$,Neo4J,edge-left,"(o:Order:shipCountry&customerID&orderID&shipCity&shipPostalCode&shipAddress&orderDate&shipRegion)::o.customerID\determ o.shipCity,o.shipPostalCode,o.shipCountry,o.shipRegion,o.shipAddress",31,9.325842696629213,0.10615199034981906,89,830
$S_\text{Lon}$,Neo4J,denormalized,(s:Station:zone&zoneOriginal)::s.zoneOriginal\determ s.zone,125,40.6875,0.023076923076923078,16,651
$S_\text{Lon}$,Neo4J,denormalized,"(dgagc)-[c:CONNECTED_THROUGH:type&line&color]->(acbab)::c.line\determ c.type,c.color",218,69.71428571428574,0.013839056893900564,28,1952
$S_\text{Lon}$,Neo4J,denormalized,"(s:Station:longitude&zone&latitude)::s.latitude,s.longitude\determ s.zone",1,1.0,1.0,651,651
$S_\text{Lon}$,Neo4J,denormalized,(s:Station)-[c::type&line&color]->(cdbee)::c.line\determ c.color,218,69.71428571428574,0.013839056893900564,28,1952
$S_\text{Lon}$,Neo4J,denormalized,"(s:Station:longitude&latitude)::s.longitude,s.latitude\determ s",1,1.0,1.0,651,651
$S_\text{Lon}$,Neo4J,all,(x1:SzoneszoneOriginal:Szone&SzoneOriginal)::x1.SzoneOriginal\determ x1,1,1.0,1.0,15,15
$S_\text{Lon}$,Neo4J,all,(x5:Ccolorclinectype:Cline&Ctype&Ccolor)::x5.Cline\determ x5,1,1.0,1.0,28,28
$S_\text{Lon}$,Neo4J,denormalized,(s:Station:zone&zoneOriginal)::s.zoneOriginal\determ s.zone,125,40.6875,0.023076923076923078,16,651
$S_\text{Lon}$,Neo4J,denormalized,"(s:Station:longitude&zone&latitude)::s.longitude,s.latitude\determ s.zone",1,1.0,1.0,651,651
$S_\text{Lon}$,Neo4J,denormalized,"(s:Station:longitude&latitude)::s.latitude,s.longitude\determ s",1,1.0,1.0,651,651
$S_\text{Lon}$,Neo4J,denormalized,"(acebb)-[c:CONNECTED_THROUGH:type&line&color]->(feafd)::c.line\determ c.color,c.type",218,69.71428571428574,0.013839056893900564,28,1952
$S_\text{Lon}$,Neo4J,denormalized,(s:Station)-[c::type&line&color]->(fcfed)::c.line\determ c.color,218,69.71428571428574,0.013839056893900564,28,1952
$S_\text{Lon}$,Neo4J,node-left,(x1:SzoneszoneOriginal:Szone&SzoneOriginal)::x1.SzoneOriginal\determ x1,1,1.0,1.0,15,15
$S_\text{Lon}$,Neo4J,denormalized,(s:Station)-[c::type&line&color]->(aabad)::c.line\determ c.color,218,69.71428571428574,0.013839056893900564,28,1952
$S_\text{Lon}$,Neo4J,denormalized,(s:Station:zone&zoneOriginal)::s.zoneOriginal\determ s.zone,125,40.6875,0.023076923076923078,16,651
$S_\text{Lon}$,Neo4J,denormalized,"(s:Station:longitude&zone&latitude)::s.longitude,s.latitude\determ s.zone",1,1.0,1.0,651,651
$S_\text{Lon}$,Neo4J,denormalized,"(ffdga)-[c:CONNECTED_THROUGH:type&line&color]->(eebeb)::c.line\determ c.color,c.type",218,69.71428571428574,0.013839056893900564,28,1952
$S_\text{Lon}$,Neo4J,denormalized,"(s:Station:longitude&latitude)::s.latitude,s.longitude\determ s",1,1.0,1.0,651,651
$S_\text{Lon}$,Neo4J,edge-left,(x1:Ccolorclinectype:Ccolor&Cline&Ctype)::x1.Cline\determ x1,1,1.0,1.0,28,28
$S_\text{Ts-1}$,Memgraph,denormalized,"(x:TrainService:date&number&operator)-[ddcdd:STOPS_AT]->(ecgag)::x.number,x.date\determ x.operator",61,9.482481869292785,0.10545713347202453,192629,1826601
$S_\text{Ts-1}$,Memgraph,denormalized,"(feddb)-[s:STOPS_AT:departure&stopid]->(st)::s.departure,s.stopid\determ st",1,1.0,1.0,1826601,1826601
$S_\text{Ts-1}$,Memgraph,denormalized,(dfgae)-[t:STOPS_AT:code]->(s:Station:name)::s.name\determ t.code,40675,3370.1125461254614,0.0002961786926530165,542,1826601
$S_\text{Ts-1}$,Memgraph,denormalized,(x:TrainService:serviceid)::x.serviceid\determ x,1,1.0,1.0,193637,193637
$S_\text{Ts-1}$,Memgraph,denormalized,(egcde)-[s:STOPS_AT:stopid]->(ebfeb)::s.stopid\determ s,1,1.0,1.0,1826601,1826601
$S_\text{Ts-1}$,Memgraph,denormalized,"(ts:TrainService:date&number&type)::ts.number,ts.date\determ ts.type",3,1.0052328569426203,0.9947943564213266,192629,193637
$S_\text{Ts-1}$,Memgraph,all,"(x9:Tsdatetsnumbertsoperator:Tsoperator&Tsdate&Tsnumber)::x9.Tsnumber,x9.Tsdate\determ x9",1,1.0,1.0,192629,192629
$S_\text{Ts-1}$,Memgraph,all,"(x2:Tsdatetsnumbertstype:Tsdate&Tstype&Tsnumber)::x2.Tsdate,x2.Tsnumber\determ x2",1,1.0,1.0,192629,192629
$S_\text{Ts-1}$,Memgraph,all,(x7:Snametcode:Tcode&Sname)::x7.Sname\determ x7,1,1.0,1.0,542,542
$S_\text{Ts-1}$,Memgraph,all,(x0:Tstopid:S&Tstopid)::x0.Tstopid\determ x0,1,1.0,1.0,1632800,1632800
$S_\text{Ts-1}$,Memgraph,denormalized,"(x:TrainService:date&number&operator)-[cgbfe:STOPS_AT]->(eedag)::x.date,x.number\determ x.operator",61,9.482481869292785,0.10545713347202453,192629,1826601
$S_\text{Ts-1}$,Memgraph,denormalized,"(ddcde)-[s:STOPS_AT:departure&stopid]->(st)::s.departure,s.stopid\determ st",1,1.0,1.0,1826601,1826601
$S_\text{Ts-1}$,Memgraph,denormalized,(x:TrainService:serviceid)::x.serviceid\determ x,1,1.0,1.0,193637,193637
$S_\text{Ts-1}$,Memgraph,denormalized,(fcaag)-[s:STOPS_AT:stopid]->(ddbdd)::s.stopid\determ s,1,1.0,1.0,1826601,1826601
$S_\text{Ts-1}$,Memgraph,denormalized,"(ts:TrainService:date&number&type)::ts.number,ts.date\determ ts.type",3,1.0052328569426203,0.9947943564213266,192629,193637
$S_\text{Ts-1}$,Memgraph,denormalized,(cabcc)-[t:STOPS_AT:code]->(s:Station:name)::s.name\determ t.code,40675,3370.1125461254614,0.0002961786926530165,542,1826601
$S_\text{Ts-1}$,Memgraph,node-left,"(x1:Tsdatetsnumbertstype:Tsnumber&Tsdate&Tstype)::x1.Tsnumber,x1.Tsdate\determ x1",1,1.0,1.0,192629,192629
$S_\text{Ts-1}$,Memgraph,node-left,(x4:Snametcode:Tcode&Sname)::x4.Sname\determ x4,1,1.0,1.0,542,542
$S_\text{Ts-1}$,Memgraph,node-left,"(x6:Tsdatetsnumbertsoperator:Tsoperator&Tsdate&Tsnumber)::x6.Tsnumber,x6.Tsdate\determ x6",1,1.0,1.0,192629,192629
$S_\text{Ts-1}$,Memgraph,denormalized,"(ts:TrainService:date&number&type)::ts.date,ts.number\determ ts.type",3,1.0052328569426203,0.9947943564213266,192629,193637
$S_\text{Ts-1}$,Memgraph,denormalized,(abggc)-[s:STOPS_AT:stopid]->(acgab)::s.stopid\determ s,1,1.0,1.0,1826601,1826601
$S_\text{Ts-1}$,Memgraph,denormalized,(x:TrainService:serviceid)::x.serviceid\determ x,1,1.0,1.0,193637,193637
$S_\text{Ts-1}$,Memgraph,denormalized,"(aeedf)-[s:STOPS_AT:departure&stopid]->(st)::s.stopid,s.departure\determ st",1,1.0,1.0,1826601,1826601
$S_\text{Ts-1}$,Memgraph,denormalized,(abege)-[t:STOPS_AT:code]->(s:Station:name)::s.name\determ t.code,40675,3370.1125461254614,0.0002961786926530165,542,1826601
$S_\text{Ts-1}$,Memgraph,denormalized,"(x:TrainService:date&number&operator)-[fceba:STOPS_AT]->(abage)::x.date,x.number\determ x.operator",61,9.482481869292785,0.10545713347202453,192629,1826601
$S_\text{Ts-1}$,Memgraph,edge-left,(x0:Tstopid:S&Tstopid)::x0.Tstopid\determ x0,1,1.0,1.0,1632800,1632800
$S_\text{Ts-2}$,Memgraph,denormalized,"(ts:TrainService:date&number&type)::ts.date,ts.number\determ ts.type",3,1.0052328569426203,0.9947943564213266,192629,193637
$S_\text{Ts-2}$,Memgraph,denormalized,(addef)-[t:STOPS_AT:code]->(s:Station:name)::t.code\determ s.name,40675,3370.1125461254614,0.0002961786926530165,542,1826601
$S_\text{Ts-2}$,Memgraph,denormalized,(fcffe)-[t:STOPS_AT:code]->(s:Station:name)::s.name\determ t.code,40675,3370.1125461254614,0.0002961786926530165,542,1826601
$S_\text{Ts-2}$,Memgraph,denormalized,(x:TrainService:serviceid)::x.serviceid\determ x,1,1.0,1.0,193637,193637
$S_\text{Ts-2}$,Memgraph,denormalized,"(x:TrainService:date&number&operator)-[eefgb:STOPS_AT]->(fdbae)::x.date,x.number\determ x.operator",61,9.482481869292785,0.10545713347202453,192629,1826601
$S_\text{Ts-2}$,Memgraph,denormalized,"(faggd)-[s:STOPS_AT:departure&stopid]->(st)::s.stopid,s.departure\determ st",1,1.0,1.0,1826601,1826601
$S_\text{Ts-2}$,Memgraph,denormalized,(deacg)-[s:STOPS_AT:stopid]->(ddeee)::s.stopid\determ s,1,1.0,1.0,1826601,1826601
$S_\text{Ts-2}$,Memgraph,all,(x5:Tstopid:S&Tstopid)::x5.Tstopid\determ x5,1,1.0,1.0,1632800,1632800
$S_\text{Ts-2}$,Memgraph,all,"(x4:Tsdatetsnumbertsoperator:Tsoperator&Tsdate&Tsnumber)::x4.Tsdate,x4.Tsnumber\determ x4",1,1.0,1.0,192629,192629
$S_\text{Ts-2}$,Memgraph,all,(x8:Snametcode:Tcode&Sname)::x8.Sname\determ x8,1,1.0,1.0,542,542
$S_\text{Ts-2}$,Memgraph,all,"(x7:Tsdatetsnumbertstype:Tsdate&Tsnumber&Tstype)::x7.Tsnumber,x7.Tsdate\determ x7",1,1.0,1.0,192629,192629
$S_\text{Ts-2}$,Memgraph,all,(x0:Snametcode:Tcode&Sname)::x0.Tcode\determ x0,1,1.0,1.0,542,542
$S_\text{Ts-2}$,Memgraph,denormalized,"(x:TrainService:date&number&operator)-[ageac:STOPS_AT]->(egeeg)::x.number,x.date\determ x.operator",61,9.482481869292785,0.10545713347202453,192629,1826601
$S_\text{Ts-2}$,Memgraph,denormalized,(dfbge)-[s:STOPS_AT:stopid]->(caeca)::s.stopid\determ s,1,1.0,1.0,1826601,1826601
$S_\text{Ts-2}$,Memgraph,denormalized,(dgfbb)-[t:STOPS_AT:code]->(s:Station:name)::s.name\determ t.code,40675,3370.1125461254614,0.0002961786926530165,542,1826601
$S_\text{Ts-2}$,Memgraph,denormalized,"(bbabe)-[s:STOPS_AT:departure&stopid]->(st)::s.stopid,s.departure\determ st",1,1.0,1.0,1826601,1826601
$S_\text{Ts-2}$,Memgraph,denormalized,(ggacg)-[t:STOPS_AT:code]->(s:Station:name)::t.code\determ s.name,40675,3370.1125461254614,0.0002961786926530165,542,1826601
$S_\text{Ts-2}$,Memgraph,denormalized,(x:TrainService:serviceid)::x.serviceid\determ x,1,1.0,1.0,193637,193637
$S_\text{Ts-2}$,Memgraph,denormalized,"(ts:TrainService:date&number&type)::ts.number,ts.date\determ ts.type",3,1.0052328569426203,0.9947943564213266,192629,193637
$S_\text{Ts-2}$,Memgraph,node-left,"(x1:Tsdatetsnumbertstype:Tsnumber&Tsdate&Tstype)::x1.Tsdate,x1.Tsnumber\determ x1",1,1.0,1.0,192629,192629
$S_\text{Ts-2}$,Memgraph,node-left,(x4:Snametcode:Tcode&Sname)::x4.Sname\determ x4,1,1.0,1.0,542,542
$S_\text{Ts-2}$,Memgraph,node-left,"(x3:Tsdatetsnumbertsoperator:Tsoperator&Tsdate&Tsnumber)::x3.Tsnumber,x3.Tsdate\determ x3",1,1.0,1.0,192629,192629
$S_\text{Ts-2}$,Memgraph,denormalized,(decee)-[t:STOPS_AT:code]->(s:Station:name)::s.name\determ t.code,40675,3370.1125461254614,0.0002961786926530165,542,1826601
$S_\text{Ts-2}$,Memgraph,denormalized,"(ts:TrainService:date&number&type)::ts.date,ts.number\determ ts.type",3,1.0052328569426203,0.9947943564213266,192629,193637
$S_\text{Ts-2}$,Memgraph,denormalized,(adbcb)-[s:STOPS_AT:stopid]->(geafb)::s.stopid\determ s,1,1.0,1.0,1826601,1826601
$S_\text{Ts-2}$,Memgraph,denormalized,"(dbefg)-[s:STOPS_AT:departure&stopid]->(st)::s.departure,s.stopid\determ st",1,1.0,1.0,1826601,1826601
$S_\text{Ts-2}$,Memgraph,denormalized,"(x:TrainService:date&number&operator)-[geaea:STOPS_AT]->(adafb)::x.number,x.date\determ x.operator",61,9.482481869292785,0.10545713347202453,192629,1826601
$S_\text{Ts-2}$,Memgraph,denormalized,(x:TrainService:serviceid)::x.serviceid\determ x,1,1.0,1.0,193637,193637
$S_\text{Ts-2}$,Memgraph,denormalized,(bfcfg)-[t:STOPS_AT:code]->(s:Station:name)::t.code\determ s.name,40675,3370.1125461254614,0.0002961786926530165,542,1826601
$S_\text{Ts-2}$,Memgraph,edge-left,(x0:Tstopid:S&Tstopid)::x0.Tstopid\determ x0,1,1.0,1.0,1632800,1632800
$S_\text{Ts-2}$,Memgraph,edge-left,(x1:Snametcode:Tcode&Sname)::x1.Tcode\determ x1,1,1.0,1.0,542,542
$S_\text{Off-1}$,Memgraph,denormalized,(e:Entity:country_codes&service_provider&countries)::e.country_codes\determ e.countries,309353,738.9691470054446,0.0013556940994151113,1105,814344
$S_\text{Off-1}$,Memgraph,denormalized,"(e:Entity:jurisdiction_description&countries&country_codes)::e.countries,e.jurisdiction_description\determ e.country_codes",175938,361.93066666666664,0.0027617355340440086,2250,814344
$S_\text{Off-1}$,Memgraph,denormalized,(e:Entity:country_codes&service_provider&countries)::e.countries\determ e.country_codes,309353,738.2991840435177,0.0013556940994151113,1105,814344
$S_\text{Off-1}$,Memgraph,all,(x1:EcountriesecountryCodes:Ecountries&EcountryCodes)::x1.Ecountries\determ x1,1,1.0,1.0,858,858
$S_\text{Off-1}$,Memgraph,all,(x3:EcountriesecountryCodes:Ecountries&EcountryCodes)::x3.EcountryCodes\determ x3,1,1.0,1.0,858,858
$S_\text{Off-1}$,Memgraph,denormalized,(e:Entity:country_codes&service_provider&countries)::e.country_codes\determ e.countries,309353,738.9691470054446,0.0013556940994151113,1105,814344
$S_\text{Off-1}$,Memgraph,denormalized,"(e:Entity:jurisdiction_description&countries&country_codes)::e.countries,e.jurisdiction_description\determ e.country_codes",175938,361.93066666666664,0.0027617355340440086,2250,814344
$S_\text{Off-1}$,Memgraph,denormalized,(e:Entity:country_codes&service_provider&countries)::e.countries\determ e.country_codes,309353,738.2991840435177,0.0013556940994151113,1105,814344
$S_\text{Off-1}$,Memgraph,node-left,(x1:EcountriesecountryCodes:Ecountries&EcountryCodes)::x1.Ecountries\determ x1,1,1.0,1.0,858,858
$S_\text{Off-1}$,Memgraph,node-left,(x3:EcountriesecountryCodes:Ecountries&EcountryCodes)::x3.EcountryCodes\determ x3,1,1.0,1.0,858,858
$S_\text{Off-1}$,Memgraph,denormalized,(e:Entity:country_codes&service_provider&countries)::e.country_codes\determ e.countries,309353,738.9691470054446,0.0013556940994151113,1105,814344
$S_\text{Off-1}$,Memgraph,denormalized,(e:Entity:country_codes&service_provider&countries)::e.countries\determ e.country_codes,309353,738.2991840435177,0.0013556940994151113,1105,814344
$S_\text{Off-1}$,Memgraph,denormalized,"(e:Entity:jurisdiction_description&countries&country_codes)::e.jurisdiction_description,e.countries\determ e.country_codes",175938,361.93066666666664,0.0027617355340440086,2250,814344
$S_\text{Off-1}$,Memgraph,edge-left,(e:Entity:jurisdiction_description&service_provider&countries&country_codes)::e.country_codes\determ e.countries,309353,738.9691470054446,0.0013556940994151113,1105,814344
$S_\text{Off-1}$,Memgraph,edge-left,(e:Entity:jurisdiction_description&service_provider&countries&country_codes)::e.countries\determ e.country_codes,309353,738.2991840435177,0.0013556940994151113,1105,814344
$S_\text{Off-2}$,Memgraph,denormalized,"(e:Entity:jurisdiction_description&countries&country_codes)::e.countries,e.jurisdiction_description\determ e.country_codes",175938,361.93066666666664,0.0027617355340440086,2250,814344
$S_\text{Off-2}$,Memgraph,denormalized,"(e:Entity:valid_until&countries&country_codes)::e.valid_until,e.countries\determ e.country_codes",175888,543.6208277703605,0.001838291727196034,1498,814344
$S_\text{Off-2}$,Memgraph,denormalized,"(e:Entity:country_codes&sourceID&countries)::e.sourceID,e.countries\determ e.country_codes",175888,558.5349794238683,0.0017891723757679503,1458,814344
$S_\text{Off-2}$,Memgraph,denormalized,"(e:Entity:country_codes&sourceID&countries)::e.country_codes,e.sourceID\determ e.countries",175888,558.5349794238683,0.0017891723757679503,1458,814344
$S_\text{Off-2}$,Memgraph,denormalized,"(e:Entity:valid_until&countries&country_codes)::e.valid_until,e.country_codes\determ e.countries",175888,543.6208277703605,0.001838291727196034,1498,814344
$S_\text{Off-2}$,Memgraph,all,"(x9:EcountriesecountryCodesevalidUntil:Ecountries&EvalidUntil&EcountryCodes)::x9.EcountryCodes,x9.EvalidUntil\determ x9",1,1.0,1.0,1455,1455
$S_\text{Off-2}$,Memgraph,all,"(x3:EcountriesecountryCodesejurisdictionDescription:Ecountries&EcountryCodes&EjurisdictionDescription)::x3.Ecountries,x3.EjurisdictionDescription\determ x3",1,1.0,1.0,2185,2185
$S_\text{Off-2}$,Memgraph,all,"(x1:EcountriesecountryCodesesourceID:Ecountries&EcountryCodes&EsourceID)::x1.Ecountries,x1.EsourceID\determ x1",1,1.0,1.0,1439,1439
$S_\text{Off-2}$,Memgraph,all,"(x5:EcountriesecountryCodesesourceID:EsourceID&EcountryCodes&Ecountries)::x5.EsourceID,x5.EcountryCodes\determ x5",1,1.0,1.0,1439,1439
$S_\text{Off-2}$,Memgraph,all,"(x7:EcountriesecountryCodesevalidUntil:Ecountries&EvalidUntil&EcountryCodes)::x7.Ecountries,x7.EvalidUntil\determ x7",1,1.0,1.0,1455,1455
$S_\text{Off-2}$,Memgraph,denormalized,"(e:Entity:jurisdiction_description&countries&country_codes)::e.countries,e.jurisdiction_description\determ e.country_codes",175938,361.93066666666664,0.0027617355340440086,2250,814344
$S_\text{Off-2}$,Memgraph,denormalized,"(e:Entity:country_codes&sourceID&countries)::e.countries,e.sourceID\determ e.country_codes",175888,558.5349794238683,0.0017891723757679503,1458,814344
$S_\text{Off-2}$,Memgraph,denormalized,"(e:Entity:valid_until&countries&country_codes)::e.countries,e.valid_until\determ e.country_codes",175888,543.6208277703605,0.001838291727196034,1498,814344
$S_\text{Off-2}$,Memgraph,denormalized,"(e:Entity:country_codes&sourceID&countries)::e.sourceID,e.country_codes\determ e.countries",175888,558.5349794238683,0.0017891723757679503,1458,814344
$S_\text{Off-2}$,Memgraph,denormalized,"(e:Entity:valid_until&countries&country_codes)::e.country_codes,e.valid_until\determ e.countries",175888,543.6208277703605,0.001838291727196034,1498,814344
$S_\text{Off-2}$,Memgraph,node-left,"(x9:EcountriesecountryCodesevalidUntil:Ecountries&EvalidUntil&EcountryCodes)::x9.EvalidUntil,x9.EcountryCodes\determ x9",1,1.0,1.0,1455,1455
$S_\text{Off-2}$,Memgraph,node-left,"(x1:EcountriesecountryCodesevalidUntil:Ecountries&EvalidUntil&EcountryCodes)::x1.Ecountries,x1.EvalidUntil\determ x1",1,1.0,1.0,1455,1455
$S_\text{Off-2}$,Memgraph,node-left,"(x5:EcountriesecountryCodesejurisdictionDescription:Ecountries&EcountryCodes&EjurisdictionDescription)::x5.Ecountries,x5.EjurisdictionDescription\determ x5",1,1.0,1.0,2185,2185
$S_\text{Off-2}$,Memgraph,node-left,"(x7:EcountriesecountryCodesesourceID:Ecountries&EcountryCodes&EsourceID)::x7.EsourceID,x7.EcountryCodes\determ x7",1,1.0,1.0,1439,1439
$S_\text{Off-2}$,Memgraph,node-left,"(x3:EcountriesecountryCodesesourceID:EsourceID&Ecountries&EcountryCodes)::x3.Ecountries,x3.EsourceID\determ x3",1,1.0,1.0,1439,1439
$S_\text{Off-2}$,Memgraph,denormalized,"(e:Entity:jurisdiction_description&countries&country_codes)::e.countries,e.jurisdiction_description\determ e.country_codes",175938,361.93066666666664,0.0027617355340440086,2250,814344
$S_\text{Off-2}$,Memgraph,denormalized,"(e:Entity:valid_until&countries&country_codes)::e.countries,e.valid_until\determ e.country_codes",175888,543.6208277703605,0.001838291727196034,1498,814344
$S_\text{Off-2}$,Memgraph,denormalized,"(e:Entity:country_codes&sourceID&countries)::e.sourceID,e.country_codes\determ e.countries",175888,558.5349794238683,0.0017891723757679503,1458,814344
$S_\text{Off-2}$,Memgraph,denormalized,"(e:Entity:country_codes&sourceID&countries)::e.sourceID,e.countries\determ e.country_codes",175888,558.5349794238683,0.0017891723757679503,1458,814344
$S_\text{Off-2}$,Memgraph,denormalized,"(e:Entity:valid_until&countries&country_codes)::e.country_codes,e.valid_until\determ e.countries",175888,543.6208277703605,0.001838291727196034,1498,814344
$S_\text{Off-2}$,Memgraph,edge-left,"(e:Entity:country_codes&jurisdiction_description&valid_until&sourceID&countries)::e.country_codes,e.sourceID\determ e.countries",175888,558.5349794238683,0.0017891723757679503,1458,814344
$S_\text{Off-2}$,Memgraph,edge-left,"(e:Entity:country_codes&jurisdiction_description&valid_until&sourceID&countries)::e.valid_until,e.country_codes\determ e.countries",175888,543.6208277703605,0.001838291727196034,1498,814344
$S_\text{Off-2}$,Memgraph,edge-left,"(e:Entity:country_codes&jurisdiction_description&valid_until&sourceID&countries)::e.countries,e.jurisdiction_description\determ e.country_codes",175938,361.93066666666664,0.0027617355340440086,2250,814344
$S_\text{Off-2}$,Memgraph,edge-left,"(e:Entity:country_codes&jurisdiction_description&valid_until&sourceID&countries)::e.valid_until,e.countries\determ e.country_codes",175888,543.6208277703605,0.001838291727196034,1498,814344
$S_\text{Off-2}$,Memgraph,edge-left,"(e:Entity:country_codes&jurisdiction_description&valid_until&sourceID&countries)::e.countries,e.sourceID\determ e.country_codes",175888,558.5349794238683,0.0017891723757679503,1458,814344
$S_\text{Off-3}$,Memgraph,denormalized,"(e:Entity:jurisdiction_description&countries&country_codes)::e.countries,e.jurisdiction_description\determ e.country_codes",175938,361.93066666666664,0.0027617355340440086,2250,814344
$S_\text{Off-3}$,Memgraph,denormalized,(e:Entity:valid_until&service_provider&sourceID)::e.sourceID\determ e.valid_until,213634,37015.63636363636,0.0002087572435693559,171,814344
$S_\text{Off-3}$,Memgraph,denormalized,(e:Entity:country_codes&service_provider&countries)::e.countries\determ e.country_codes,309353,738.2991840435177,0.0013556940994151113,1105,814344
$S_\text{Off-3}$,Memgraph,denormalized,"(e:Entity:country_codes&sourceID&countries)::e.countries,e.sourceID\determ e.country_codes",175888,558.5349794238683,0.0017891723757679503,1458,814344
$S_\text{Off-3}$,Memgraph,denormalized,"(e:Entity:valid_until&countries&country_codes)::e.countries,e.valid_until\determ e.country_codes",175888,543.6208277703605,0.001838291727196034,1498,814344
$S_\text{Off-3}$,Memgraph,denormalized,(e:Entity:valid_until&service_provider&sourceID)::e.valid_until\determ e.sourceID,213634,12528.36923076923,0.0002087572435693559,171,814344
$S_\text{Off-3}$,Memgraph,denormalized,(e:Entity:country_codes&service_provider&countries)::e.country_codes\determ e.countries,309353,738.9691470054446,0.0013556940994151113,1105,814344
$S_\text{Off-3}$,Memgraph,denormalized,"(e:Entity:valid_until&service_provider&sourceID)::e.service_provider\determ e.valid_until,e.sourceID",470258,162868.8,0.000209985227355058,172,814344
$S_\text{Off-3}$,Memgraph,denormalized,"(e:Entity:country_codes&sourceID&countries)::e.country_codes,e.sourceID\determ e.countries",175888,558.5349794238683,0.0017891723757679503,1458,814344
$S_\text{Off-3}$,Memgraph,denormalized,"(e:Entity:valid_until&countries&country_codes)::e.valid_until,e.country_codes\determ e.countries",175888,543.6208277703605,0.001838291727196034,1498,814344
$S_\text{Off-3}$,Memgraph,all,(x7:EsourceIDevalidUntil:EsourceID&EvalidUntil)::x7.EvalidUntil\determ x7,1,1.0,1.0,3,3
$S_\text{Off-3}$,Memgraph,all,(x1:EcountriesecountryCodes:Ecountries&EcountryCodes)::x1.EcountryCodes\determ x1,1,1.0,1.0,858,858
$S_\text{Off-3}$,Memgraph,all,(x3:EsourceIDevalidUntil:EsourceID&EvalidUntil)::x3.EsourceID\determ x3,1,1.0,1.0,3,3
$S_\text{Off-3}$,Memgraph,all,(x9:EcountriesecountryCodes:Ecountries&EcountryCodes)::x9.Ecountries\determ x9,1,1.0,1.0,858,858
$S_\text{Off-3}$,Memgraph,all,(x5:EserviceProvideresourceID:EsourceID&EserviceProvider)::x5.EserviceProvider\determ x5,1,1.0,1.0,4,4
$S_\text{Off-3}$,Memgraph,denormalized,(e:Entity:valid_until&service_provider&sourceID)::e.sourceID\determ e.valid_until,213634,37015.63636363636,0.0002087572435693559,171,814344
$S_\text{Off-3}$,Memgraph,denormalized,"(e:Entity:jurisdiction_description&countries&country_codes)::e.jurisdiction_description,e.countries\determ e.country_codes",175938,361.93066666666664,0.0027617355340440086,2250,814344
$S_\text{Off-3}$,Memgraph,denormalized,(e:Entity:country_codes&service_provider&countries)::e.countries\determ e.country_codes,309353,738.2991840435177,0.0013556940994151113,1105,814344
$S_\text{Off-3}$,Memgraph,denormalized,"(e:Entity:valid_until&service_provider&sourceID)::e.service_provider\determ e.sourceID,e.valid_until",470258,162868.8,0.000209985227355058,172,814344
$S_\text{Off-3}$,Memgraph,denormalized,"(e:Entity:valid_until&countries&country_codes)::e.countries,e.valid_until\determ e.country_codes",175888,543.6208277703605,0.001838291727196034,1498,814344
$S_\text{Off-3}$,Memgraph,denormalized,(e:Entity:valid_until&service_provider&sourceID)::e.valid_until\determ e.sourceID,213634,12528.36923076923,0.0002087572435693559,171,814344
$S_\text{Off-3}$,Memgraph,denormalized,(e:Entity:country_codes&service_provider&countries)::e.country_codes\determ e.countries,309353,738.9691470054446,0.0013556940994151113,1105,814344
$S_\text{Off-3}$,Memgraph,denormalized,"(e:Entity:country_codes&sourceID&countries)::e.sourceID,e.countries\determ e.country_codes",175888,558.5349794238683,0.0017891723757679503,1458,814344
$S_\text{Off-3}$,Memgraph,denormalized,"(e:Entity:country_codes&sourceID&countries)::e.country_codes,e.sourceID\determ e.countries",175888,558.5349794238683,0.0017891723757679503,1458,814344
$S_\text{Off-3}$,Memgraph,denormalized,"(e:Entity:valid_until&countries&country_codes)::e.country_codes,e.valid_until\determ e.countries",175888,543.6208277703605,0.001838291727196034,1498,814344
$S_\text{Off-3}$,Memgraph,node-left,(x7:EsourceIDevalidUntil:EsourceID&EvalidUntil)::x7.EvalidUntil\determ x7,1,1.0,1.0,3,3
$S_\text{Off-3}$,Memgraph,node-left,(x1:EcountriesecountryCodes:Ecountries&EcountryCodes)::x1.EcountryCodes\determ x1,1,1.0,1.0,858,858
$S_\text{Off-3}$,Memgraph,node-left,(x3:EsourceIDevalidUntil:EsourceID&EvalidUntil)::x3.EsourceID\determ x3,1,1.0,1.0,3,3
$S_\text{Off-3}$,Memgraph,node-left,(x9:EcountriesecountryCodes:Ecountries&EcountryCodes)::x9.Ecountries\determ x9,1,1.0,1.0,858,858
$S_\text{Off-3}$,Memgraph,node-left,(x5:EserviceProvideresourceID:EsourceID&EserviceProvider)::x5.EserviceProvider\determ x5,1,1.0,1.0,4,4
$S_\text{Off-3}$,Memgraph,denormalized,"(e:Entity:valid_until&countries&country_codes)::e.valid_until,e.countries\determ e.country_codes",175888,543.6208277703605,0.001838291727196034,1498,814344
$S_\text{Off-3}$,Memgraph,denormalized,(e:Entity:valid_until&service_provider&sourceID)::e.sourceID\determ e.valid_until,213634,37015.63636363636,0.0002087572435693559,171,814344
$S_\text{Off-3}$,Memgraph,denormalized,"(e:Entity:jurisdiction_description&countries&country_codes)::e.jurisdiction_description,e.countries\determ e.country_codes",175938,361.93066666666664,0.0027617355340440086,2250,814344
$S_\text{Off-3}$,Memgraph,denormalized,(e:Entity:country_codes&service_provider&countries)::e.countries\determ e.country_codes,309353,738.2991840435177,0.0013556940994151113,1105,814344
$S_\text{Off-3}$,Memgraph,denormalized,"(e:Entity:valid_until&service_provider&sourceID)::e.service_provider\determ e.sourceID,e.valid_until",470258,162868.8,0.000209985227355058,172,814344
$S_\text{Off-3}$,Memgraph,denormalized,"(e:Entity:country_codes&sourceID&countries)::e.countries,e.sourceID\determ e.country_codes",175888,558.5349794238683,0.0017891723757679503,1458,814344
$S_\text{Off-3}$,Memgraph,denormalized,"(e:Entity:country_codes&sourceID&countries)::e.sourceID,e.country_codes\determ e.countries",175888,558.5349794238683,0.0017891723757679503,1458,814344
$S_\text{Off-3}$,Memgraph,denormalized,(e:Entity:valid_until&service_provider&sourceID)::e.valid_until\determ e.sourceID,213634,12528.36923076923,0.0002087572435693559,171,814344
$S_\text{Off-3}$,Memgraph,denormalized,(e:Entity:country_codes&service_provider&countries)::e.country_codes\determ e.countries,309353,738.9691470054446,0.0013556940994151113,1105,814344
$S_\text{Off-3}$,Memgraph,denormalized,"(e:Entity:valid_until&countries&country_codes)::e.country_codes,e.valid_until\determ e.countries",175888,543.6208277703605,0.001838291727196034,1498,814344
$S_\text{Off-3}$,Memgraph,edge-left,(e:Entity:country_codes&service_provider&jurisdiction_description&valid_until&sourceID&countries)::e.countries\determ e.country_codes,309353,738.2991840435177,0.0013556940994151113,1105,814344
$S_\text{Off-3}$,Memgraph,edge-left,(e:Entity:country_codes&service_provider&jurisdiction_description&valid_until&sourceID&countries)::e.valid_until\determ e.sourceID,213634,12528.36923076923,0.0002087572435693559,171,814344
$S_\text{Off-3}$,Memgraph,edge-left,(e:Entity:country_codes&service_provider&jurisdiction_description&valid_until&sourceID&countries)::e.service_provider\determ e.sourceID,470258,162868.8,2.7015643285446058e-05,23,814344
$S_\text{Off-3}$,Memgraph,edge-left,(e:Entity:country_codes&service_provider&jurisdiction_description&valid_until&sourceID&countries)::e.sourceID\determ e.valid_until,213634,37015.63636363636,0.0002087572435693559,171,814344
$S_\text{Off-3}$,Memgraph,edge-left,(e:Entity:country_codes&service_provider&jurisdiction_description&valid_until&sourceID&countries)::e.country_codes\determ e.countries,309353,738.9691470054446,0.0013556940994151113,1105,814344
$S_\text{Uni-1}$,Memgraph,denormalized,(c:Course)<-[t:TEACHES:usingBook]-(cdggf)::c\determ t.usingBook,3,3.0,0.0,1,3
$S_\text{Uni-1}$,Memgraph,all,(c:Course:TusingBook)::c\determ c.TusingBook,1,1.0,1.0,1,1
$S_\text{Uni-1}$,Memgraph,denormalized,(c:Course)<-[t:TEACHES:usingBook]-(deadg)::c\determ t.usingBook,3,3.0,0.0,1,3
$S_\text{Uni-1}$,Memgraph,node-left,(c:Course:TusingBook)::c\determ c.TusingBook,1,1.0,1.0,1,1
$S_\text{Uni-1}$,Memgraph,denormalized,(c:Course)<-[t:TEACHES:usingBook]-(cdaef)::c\determ t.usingBook,3,3.0,0.0,1,3
$S_\text{Uni-1}$,Memgraph,edge-left,(c:Course)<-[t:TEACHES:usingBook]-(gbfce)::c\determ t.usingBook,3,3.0,0.0,1,3
$S_\text{Uni-2}$,Memgraph,denormalized,(c:Course:title)<-[t:TEACHES:usingBook]-(acebg)::c.title\determ t.usingBook,3,3.0,0.0,1,3
$S_\text{Uni-2}$,Memgraph,all,(x0:CtitletusingBook:TusingBook&Ctitle)::x0.Ctitle\determ x0,1,1.0,1.0,1,1
$S_\text{Uni-2}$,Memgraph,denormalized,(c:Course:title)<-[t:TEACHES:usingBook]-(fgdfd)::c.title\determ t.usingBook,3,3.0,0.0,1,3
$S_\text{Uni-2}$,Memgraph,node-left,(x0:CtitletusingBook:TusingBook&Ctitle)::x0.Ctitle\determ x0,1,1.0,1.0,1,1
$S_\text{Uni-2}$,Memgraph,denormalized,(c:Course:title)<-[t:TEACHES:usingBook]-(gfbfa)::c.title\determ t.usingBook,3,3.0,0.0,1,3
$S_\text{Uni-2}$,Memgraph,edge-left,(c:Course:title)<-[t:TEACHES:usingBook]-(badbb)::c.title\determ t.usingBook,3,3.0,0.0,1,3
$S_\text{No-1}$,Memgraph,denormalized,(e:Event:name&company)::e.name\determ e.company,2,2.0,0.0,1,2
$S_\text{No-1}$,Memgraph,denormalized,"(e:Event:name&time&venue)::e.time,e.name\determ e.venue",1,1.0,1.0,2,2
$S_\text{No-1}$,Memgraph,denormalized,"(e:Event:name&time&venue)::e.time,e.venue\determ e.name",1,1.0,1.0,2,2
$S_\text{No-1}$,Memgraph,denormalized,"(e:Event:time&company)::e.time,e.company\determ e",1,1.0,1.0,2,2
$S_\text{No-1}$,Memgraph,all,"(x7:Enameetimeevenue:Ename&Evenue&Etime)::x7.Ename,x7.Etime\determ x7",1,1.0,1.0,2,2
$S_\text{No-1}$,Memgraph,all,(x3:Ecompanyename:Ename&Ecompany)::x3.Ename\determ x3,1,1.0,1.0,1,1
$S_\text{No-1}$,Memgraph,all,"(x5:Enameetimeevenue:Ename&Evenue&Etime)::x5.Etime,x5.Evenue\determ x5",1,1.0,1.0,2,2
$S_\text{No-1}$,Memgraph,denormalized,(e:Event:name&company)::e.name\determ e.company,2,2.0,0.0,1,2
$S_\text{No-1}$,Memgraph,denormalized,"(e:Event:name&time&venue)::e.time,e.name\determ e.venue",1,1.0,1.0,2,2
$S_\text{No-1}$,Memgraph,denormalized,"(e:Event:name&time&venue)::e.venue,e.time\determ e.name",1,1.0,1.0,2,2
$S_\text{No-1}$,Memgraph,denormalized,"(e:Event:time&company)::e.company,e.time\determ e",1,1.0,1.0,2,2
$S_\text{No-1}$,Memgraph,node-left,"(x7:Enameetimeevenue:Ename&Evenue&Etime)::x7.Etime,x7.Ename\determ x7",1,1.0,1.0,2,2
$S_\text{No-1}$,Memgraph,node-left,(x5:Ecompanyename:Ename&Ecompany)::x5.Ename\determ x5,1,1.0,1.0,1,1
$S_\text{No-1}$,Memgraph,node-left,"(x1:Enameetimeevenue:Ename&Evenue&Etime)::x1.Etime,x1.Evenue\determ x1",1,1.0,1.0,2,2
$S_\text{No-1}$,Memgraph,denormalized,(e:Event:name&company)::e.name\determ e.company,2,2.0,0.0,1,2
$S_\text{No-1}$,Memgraph,denormalized,"(e:Event:name&time&venue)::e.time,e.name\determ e.venue",1,1.0,1.0,2,2
$S_\text{No-1}$,Memgraph,denormalized,"(e:Event:name&time&venue)::e.venue,e.time\determ e.name",1,1.0,1.0,2,2
$S_\text{No-1}$,Memgraph,denormalized,"(e:Event:time&company)::e.company,e.time\determ e",1,1.0,1.0,2,2
$S_\text{No-1}$,Memgraph,edge-left,"(e:Event:name&time&venue&company)::e.time,e.venue\determ e.name",1,1.0,1.0,2,2
$S_\text{No-1}$,Memgraph,edge-left,(e:Event:name&time&venue&company)::e.name\determ e.company,2,2.0,0.0,1,2
$S_\text{No-1}$,Memgraph,edge-left,"(e:Event:name&time&venue&company)::e.name,e.time\determ e.venue",1,1.0,1.0,2,2
$S_\text{No-1}$,Memgraph,edge-left,"(e:Event:name&time&venue&company)::e.time,e.company\determ e",1,1.0,1.0,2,2
$S_\text{No-2}$,Memgraph,denormalized,(e:Event:name&company)::e.name\determ e.company,2,2.0,0.0,1,2
$S_\text{No-2}$,Memgraph,denormalized,"(e:Event:name&time&venue)::e.time,e.venue\determ e.name",1,1.0,1.0,2,2
$S_\text{No-2}$,Memgraph,denormalized,"(e:Event:name&time&venue)::e.name,e.time\determ e.venue",1,1.0,1.0,2,2
$S_\text{No-2}$,Memgraph,denormalized,"(e:Event:time&venue&company)::e.time,e.company\determ e.venue",1,1.0,1.0,2,2
$S_\text{No-2}$,Memgraph,all,"(x7:Enameetimeevenue:Ename&Evenue&Etime)::x7.Ename,x7.Etime\determ x7",1,1.0,1.0,2,2
$S_\text{No-2}$,Memgraph,all,"(x3:Ecompanyetimeevenue:Evenue&Etime&Ecompany)::x3.Ecompany,x3.Etime\determ x3",1,1.0,1.0,2,2
$S_\text{No-2}$,Memgraph,all,(x5:Ecompanyename:Ename&Ecompany)::x5.Ename\determ x5,1,1.0,1.0,1,1
$S_\text{No-2}$,Memgraph,all,"(x1:Enameetimeevenue:Ename&Evenue&Etime)::x1.Etime,x1.Evenue\determ x1",1,1.0,1.0,2,2
$S_\text{No-2}$,Memgraph,denormalized,(e:Event:name&company)::e.name\determ e.company,2,2.0,0.0,1,2
$S_\text{No-2}$,Memgraph,denormalized,"(e:Event:name&time&venue)::e.time,e.name\determ e.venue",1,1.0,1.0,2,2
$S_\text{No-2}$,Memgraph,denormalized,"(e:Event:name&time&venue)::e.time,e.venue\determ e.name",1,1.0,1.0,2,2
$S_\text{No-2}$,Memgraph,denormalized,"(e:Event:time&venue&company)::e.time,e.company\determ e.venue",1,1.0,1.0,2,2
$S_\text{No-2}$,Memgraph,node-left,"(x7:Enameetimeevenue:Ename&Evenue&Etime)::x7.Ename,x7.Etime\determ x7",1,1.0,1.0,2,2
$S_\text{No-2}$,Memgraph,node-left,"(x5:Ecompanyetimeevenue:Evenue&Etime&Ecompany)::x5.Etime,x5.Ecompany\determ x5",1,1.0,1.0,2,2
$S_\text{No-2}$,Memgraph,node-left,(x3:Ecompanyename:Ename&Ecompany)::x3.Ename\determ x3,1,1.0,1.0,1,1
$S_\text{No-2}$,Memgraph,node-left,"(x1:Enameetimeevenue:Ename&Evenue&Etime)::x1.Etime,x1.Evenue\determ x1",1,1.0,1.0,2,2
$S_\text{No-2}$,Memgraph,denormalized,(e:Event:name&company)::e.name\determ e.company,2,2.0,0.0,1,2
$S_\text{No-2}$,Memgraph,denormalized,"(e:Event:name&time&venue)::e.time,e.name\determ e.venue",1,1.0,1.0,2,2
$S_\text{No-2}$,Memgraph,denormalized,"(e:Event:name&time&venue)::e.venue,e.time\determ e.name",1,1.0,1.0,2,2
$S_\text{No-2}$,Memgraph,denormalized,"(e:Event:time&venue&company)::e.time,e.company\determ e.venue",1,1.0,1.0,2,2
$S_\text{No-2}$,Memgraph,edge-left,"(e:Event:name&time&venue&company)::e.name,e.time\determ e.venue",1,1.0,1.0,2,2
$S_\text{No-2}$,Memgraph,edge-left,(e:Event:name&time&venue&company)::e.name\determ e.company,2,2.0,0.0,1,2
$S_\text{No-2}$,Memgraph,edge-left,"(e:Event:name&time&venue&company)::e.time,e.company\determ e.venue",1,1.0,1.0,2,2
$S_\text{No-2}$,Memgraph,edge-left,"(e:Event:name&time&venue&company)::e.time,e.venue\determ e.name",1,1.0,1.0,2,2
$S_\text{No-3}$,Memgraph,denormalized,"(e:Event:time&venue&company)::e.company,e.time\determ e",1,1.0,1.0,2,2
$S_\text{No-3}$,Memgraph,denormalized,"(e:Event&Confirmed:name&time&company)::e.name,e.company\determ e.time",1,1.0,1.0,1,1
$S_\text{No-3}$,Memgraph,denormalized,(e:Event:name&company)::e.name\determ e.company,2,2.0,0.0,1,2
$S_\text{No-3}$,Memgraph,denormalized,"(e:Event:name&time&venue)::e.time,e.name\determ e.venue",1,1.0,1.0,2,2
$S_\text{No-3}$,Memgraph,denormalized,"(e:Event:name&time&venue)::e.venue,e.time\determ e.name",1,1.0,1.0,2,2
$S_\text{No-3}$,Memgraph,all,"(x7:Enameetimeevenue:Ename&Evenue&Etime)::x7.Etime,x7.Ename\determ x7",1,1.0,1.0,1,1
$S_\text{No-3}$,Memgraph,all,"(x1:Ecompanyenameetime:Ename&Etime&Ecompany)::x1.Ecompany,x1.Ename\determ x1",1,1.0,1.0,1,1
$S_\text{No-3}$,Memgraph,all,(x5:Ecompanyename:Ename&Ecompany)::x5.Ename\determ x5,1,1.0,1.0,1,1
$S_\text{No-3}$,Memgraph,all,"(x9:Enameetimeevenue:Ename&Evenue&Etime)::x9.Etime,x9.Evenue\determ x9",1,1.0,1.0,1,1
$S_\text{No-3}$,Memgraph,denormalized,"(e:Event:time&venue&company)::e.company,e.time\determ e",1,1.0,1.0,2,2
$S_\text{No-3}$,Memgraph,denormalized,(e:Event:name&company)::e.name\determ e.company,2,2.0,0.0,1,2
$S_\text{No-3}$,Memgraph,denormalized,"(e:Event:name&time&venue)::e.venue,e.time\determ e.name",1,1.0,1.0,2,2
$S_\text{No-3}$,Memgraph,denormalized,"(e:Event:name&time&venue)::e.name,e.time\determ e.venue",1,1.0,1.0,2,2
$S_\text{No-3}$,Memgraph,denormalized,"(e:Event&Confirmed:name&time&company)::e.company,e.name\determ e.time",1,1.0,1.0,1,1
$S_\text{No-3}$,Memgraph,node-left,"(x7:Enameetimeevenue:Ename&Evenue&Etime)::x7.Etime,x7.Ename\determ x7",1,1.0,1.0,1,1
$S_\text{No-3}$,Memgraph,node-left,(x5:Ecompanyename:Ename&Ecompany)::x5.Ename\determ x5,1,1.0,1.0,1,1
$S_\text{No-3}$,Memgraph,node-left,"(x1:Ecompanyenameetime:Ename&Etime&Ecompany)::x1.Ename,x1.Ecompany\determ x1",1,1.0,1.0,1,1
$S_\text{No-3}$,Memgraph,node-left,"(x9:Enameetimeevenue:Ename&Evenue&Etime)::x9.Etime,x9.Evenue\determ x9",1,1.0,1.0,1,1
$S_\text{No-3}$,Memgraph,denormalized,(e:Event:name&company)::e.name\determ e.company,2,2.0,0.0,1,2
$S_\text{No-3}$,Memgraph,denormalized,"(e:Event:name&time&venue)::e.time,e.venue\determ e.name",1,1.0,1.0,2,2
$S_\text{No-3}$,Memgraph,denormalized,"(e:Event:time&venue&company)::e.time,e.company\determ e",1,1.0,1.0,2,2
$S_\text{No-3}$,Memgraph,denormalized,"(e:Event:name&time&venue)::e.name,e.time\determ e.venue",1,1.0,1.0,2,2
$S_\text{No-3}$,Memgraph,denormalized,"(e:Event&Confirmed:name&time&company)::e.company,e.name\determ e.time",1,1.0,1.0,1,1
$S_\text{No-3}$,Memgraph,edge-left,"(e:Event&Confirmed:name&time&venue&company)::e.time,e.name\determ e.venue",1,1.0,1.0,1,1
$S_\text{No-3}$,Memgraph,edge-left,(e:Event&Confirmed:name&time&venue&company)::e.name\determ e.company,1,1.0,1.0,1,1
$S_\text{No-3}$,Memgraph,edge-left,"(e:Event&Confirmed:name&time&venue&company)::e.company,e.time\determ e",1,1.0,1.0,1,1
$S_\text{No-3}$,Memgraph,edge-left,"(e:Event&Confirmed:name&time&venue&company)::e.venue,e.time\determ e.name",1,1.0,1.0,1,1
$S_\text{No-3}$,Memgraph,edge-left,"(e:Event&Confirmed:name&time&venue&company)::e.name,e.company\determ e.time",1,1.0,1.0,1,1
$S_\text{Nw}$,Memgraph,denormalized,(o:Order:orderID)::o.orderID\determ o,1,1.0,1.0,830,830
$S_\text{Nw}$,Memgraph,denormalized,"(o:Order:shipCountry&customerID&orderID&shipCity&shipPostalCode&shipAddress&orderDate&shipRegion)::o.customerID\determ o.shipPostalCode,o.shipRegion,o.shipCountry,o.shipCity,o.shipAddress",31,9.325842696629213,0.10615199034981906,89,830
$S_\text{Nw}$,Memgraph,all,(x1:OcustomerIDoshipAddressoshipCityoshipCountryoshipPostalCodeoshipRegion:OshipCountry&OshipRegion&OshipPostalCode&OshipCity&OshipAddress&OcustomerID)::x1.OcustomerID\determ x1,1,1.0,1.0,89,89
$S_\text{Nw}$,Memgraph,denormalized,(o:Order:orderID)::o.orderID\determ o,1,1.0,1.0,830,830
$S_\text{Nw}$,Memgraph,denormalized,"(o:Order:shipCountry&customerID&orderID&shipCity&shipPostalCode&shipAddress&orderDate&shipRegion)::o.customerID\determ o.shipAddress,o.shipCountry,o.shipPostalCode,o.shipRegion,o.shipCity",31,9.325842696629213,0.10615199034981906,89,830
$S_\text{Nw}$,Memgraph,node-left,(x1:OcustomerIDoshipAddressoshipCityoshipCountryoshipPostalCodeoshipRegion:OshipCountry&OshipRegion&OshipPostalCode&OshipCity&OshipAddress&OcustomerID)::x1.OcustomerID\determ x1,1,1.0,1.0,89,89
$S_\text{Nw}$,Memgraph,denormalized,(o:Order:orderID)::o.orderID\determ o,1,1.0,1.0,830,830
$S_\text{Nw}$,Memgraph,denormalized,"(o:Order:shipCountry&customerID&orderID&shipCity&shipPostalCode&shipAddress&orderDate&shipRegion)::o.customerID\determ o.shipPostalCode,o.shipCity,o.shipRegion,o.shipAddress,o.shipCountry",31,9.325842696629213,0.10615199034981906,89,830
$S_\text{Nw}$,Memgraph,edge-left,(o:Order:orderID)::o.orderID\determ o,1,1.0,1.0,830,830
$S_\text{Nw}$,Memgraph,edge-left,"(o:Order:shipCountry&customerID&orderID&shipCity&shipPostalCode&shipAddress&orderDate&shipRegion)::o.customerID\determ o.shipCity,o.shipCountry,o.shipPostalCode,o.shipAddress,o.shipRegion",31,9.325842696629213,0.10615199034981906,89,830
$S_\text{Lon}$,Memgraph,denormalized,(s:Station:zone&zoneOriginal)::s.zoneOriginal\determ s.zone,125,40.6875,0.023076923076923078,16,651
$S_\text{Lon}$,Memgraph,denormalized,(s:Station)-[c::type&line&color]->(acfca)::c.line\determ c.color,218,69.71428571428571,0.013839056893900564,28,1952
$S_\text{Lon}$,Memgraph,denormalized,"(bbfag)-[c:CONNECTED_THROUGH:type&line&color]->(daaed)::c.line\determ c.color,c.type",218,69.71428571428571,0.013839056893900564,28,1952
$S_\text{Lon}$,Memgraph,denormalized,"(s:Station:longitude&zone&latitude)::s.latitude,s.longitude\determ s.zone",1,1.0,1.0,651,651
$S_\text{Lon}$,Memgraph,denormalized,"(s:Station:longitude&latitude)::s.longitude,s.latitude\determ s",1,1.0,1.0,651,651
$S_\text{Lon}$,Memgraph,all,(x1:Ccolorclinectype:Ccolor&Cline&Ctype)::x1.Cline\determ x1,1,1.0,1.0,28,28
$S_\text{Lon}$,Memgraph,all,(x3:SzoneszoneOriginal:Szone&SzoneOriginal)::x3.SzoneOriginal\determ x3,1,1.0,1.0,15,15
$S_\text{Lon}$,Memgraph,denormalized,(s:Station:zone&zoneOriginal)::s.zoneOriginal\determ s.zone,125,40.6875,0.023076923076923078,16,651
$S_\text{Lon}$,Memgraph,denormalized,"(s:Station:longitude&zone&latitude)::s.longitude,s.latitude\determ s.zone",1,1.0,1.0,651,651
$S_\text{Lon}$,Memgraph,denormalized,(s:Station)-[c::type&line&color]->(bcagb)::c.line\determ c.color,218,69.71428571428571,0.013839056893900564,28,1952
$S_\text{Lon}$,Memgraph,denormalized,"(s:Station:longitude&latitude)::s.latitude,s.longitude\determ s",1,1.0,1.0,651,651
$S_\text{Lon}$,Memgraph,denormalized,"(ecbad)-[c:CONNECTED_THROUGH:type&line&color]->(fabea)::c.line\determ c.color,c.type",218,69.71428571428571,0.013839056893900564,28,1952
$S_\text{Lon}$,Memgraph,node-left,(x1:SzoneszoneOriginal:Szone&SzoneOriginal)::x1.SzoneOriginal\determ x1,1,1.0,1.0,15,15
$S_\text{Lon}$,Memgraph,denormalized,(s:Station:zone&zoneOriginal)::s.zoneOriginal\determ s.zone,125,40.6875,0.023076923076923078,16,651
$S_\text{Lon}$,Memgraph,denormalized,(s:Station)-[c::type&line&color]->(fdccc)::c.line\determ c.color,218,69.71428571428571,0.013839056893900564,28,1952
$S_\text{Lon}$,Memgraph,denormalized,"(s:Station:longitude&latitude)::s.latitude,s.longitude\determ s",1,1.0,1.0,651,651
$S_\text{Lon}$,Memgraph,denormalized,"(baeff)-[c:CONNECTED_THROUGH:type&line&color]->(ebded)::c.line\determ c.color,c.type",218,69.71428571428571,0.013839056893900564,28,1952
$S_\text{Lon}$,Memgraph,denormalized,"(s:Station:longitude&zone&latitude)::s.latitude,s.longitude\determ s.zone",1,1.0,1.0,651,651
$S_\text{Lon}$,Memgraph,edge-left,(x1:Ccolorclinectype:Ccolor&Cline&Ctype)::x1.Cline\determ x1,1,1.0,1.0,28,28
$S_\text{Ts-1}$,Neo4J,denormalized,"(afgdb)-[s:STOPS_AT:departure&stopid]->(st)::s.stopid,s.departure\determ st",1,1.0,1.0,1826601,1826601
$S_\text{Ts-1}$,Neo4J,denormalized,(bfgac)-[s:STOPS_AT:stopid]->(abdbg)::s.stopid\determ s,1,1.0,1.0,1826601,1826601
$S_\text{Ts-1}$,Neo4J,denormalized,(x:TrainService:serviceid)::x.serviceid\determ x,1,1.0,1.0,193637,193637
$S_\text{Ts-1}$,Neo4J,denormalized,(gdffg)-[t:STOPS_AT:code]->(s:Station:name)::s.name\determ t.code,40675,3370.112546125461,0.0002961786926530165,542,1826601
$S_\text{Ts-1}$,Neo4J,denormalized,"(ts:TrainService:date&number&type)::ts.number,ts.date\determ ts.type",3,1.005232856942624,0.9947943564213266,192629,193637
$S_\text{Ts-1}$,Neo4J,denormalized,"(x:TrainService:date&number&operator)-[fcdgf:STOPS_AT]->(aefaa)::x.date,x.number\determ x.operator",61,9.482481869293036,0.10545713347202453,192629,1826601
$S_\text{Ts-1}$,Neo4J,all,"(x7:Tsdatetsnumbertstype:Tsdate&Tsnumber&Tstype)::x7.Tsnumber,x7.Tsdate\determ x7",1,1.0,1.0,192629,192629
$S_\text{Ts-1}$,Neo4J,all,(x1:Tstopid:S&Tstopid)::x1.Tstopid\determ x1,1,1.0,1.0,1632800,1632800
$S_\text{Ts-1}$,Neo4J,all,"(x5:Tsdatetsnumbertsoperator:Tsoperator&Tsdate&Tsnumber)::x5.Tsnumber,x5.Tsdate\determ x5",1,1.0,1.0,192629,192629
$S_\text{Ts-1}$,Neo4J,all,(x0:Snametcode:Tcode&Sname)::x0.Sname\determ x0,1,1.0,1.0,542,542
$S_\text{Ts-1}$,Neo4J,denormalized,(bbfcf)-[t:STOPS_AT:code]->(s:Station:name)::s.name\determ t.code,40675,3370.112546125461,0.0002961786926530165,542,1826601
$S_\text{Ts-1}$,Neo4J,denormalized,"(x:TrainService:date&number&operator)-[ebebf:STOPS_AT]->(ffgbd)::x.date,x.number\determ x.operator",61,9.482481869293036,0.10545713347202453,192629,1826601
$S_\text{Ts-1}$,Neo4J,denormalized,(x:TrainService:serviceid)::x.serviceid\determ x,1,1.0,1.0,193637,193637
$S_\text{Ts-1}$,Neo4J,denormalized,(ebeeg)-[s:STOPS_AT:stopid]->(debac)::s.stopid\determ s,1,1.0,1.0,1826601,1826601
$S_\text{Ts-1}$,Neo4J,denormalized,"(gbffb)-[s:STOPS_AT:departure&stopid]->(st)::s.stopid,s.departure\determ st",1,1.0,1.0,1826601,1826601
$S_\text{Ts-1}$,Neo4J,denormalized,"(ts:TrainService:date&number&type)::ts.number,ts.date\determ ts.type",3,1.005232856942624,0.9947943564213266,192629,193637
$S_\text{Ts-1}$,Neo4J,node-left,"(x6:Tsdatetsnumbertstype:Tsnumber&Tsdate&Tstype)::x6.Tsnumber,x6.Tsdate\determ x6",1,1.0,1.0,192629,192629
$S_\text{Ts-1}$,Neo4J,node-left,"(x1:Tsdatetsnumbertsoperator:Tsoperator&Tsdate&Tsnumber)::x1.Tsnumber,x1.Tsdate\determ x1",1,1.0,1.0,192629,192629
$S_\text{Ts-1}$,Neo4J,node-left,(x4:Snametcode:Tcode&Sname)::x4.Sname\determ x4,1,1.0,1.0,542,542
$S_\text{Ts-1}$,Neo4J,denormalized,"(afafd)-[s:STOPS_AT:departure&stopid]->(st)::s.departure,s.stopid\determ st",1,1.0,1.0,1826601,1826601
$S_\text{Ts-1}$,Neo4J,denormalized,"(x:TrainService:date&number&operator)-[gefef:STOPS_AT]->(acfac)::x.number,x.date\determ x.operator",61,9.482481869293036,0.10545713347202453,192629,1826601
$S_\text{Ts-1}$,Neo4J,denormalized,"(ts:TrainService:date&number&type)::ts.date,ts.number\determ ts.type",3,1.005232856942624,0.9947943564213266,192629,193637
$S_\text{Ts-1}$,Neo4J,denormalized,(x:TrainService:serviceid)::x.serviceid\determ x,1,1.0,1.0,193637,193637
$S_\text{Ts-1}$,Neo4J,denormalized,(aefgg)-[s:STOPS_AT:stopid]->(ddfgd)::s.stopid\determ s,1,1.0,1.0,1826601,1826601
$S_\text{Ts-1}$,Neo4J,denormalized,(bcaca)-[t:STOPS_AT:code]->(s:Station:name)::s.name\determ t.code,40675,3370.112546125461,0.0002961786926530165,542,1826601
$S_\text{Ts-1}$,Neo4J,edge-left,(x0:Tstopid:S&Tstopid)::x0.Tstopid\determ x0,1,1.0,1.0,1632800,1632800
$S_\text{Ts-2}$,Neo4J,denormalized,(fbaab)-[t:STOPS_AT:code]->(s:Station:name)::t.code\determ s.name,40675,3370.112546125461,0.0002961786926530165,542,1826601
$S_\text{Ts-2}$,Neo4J,denormalized,"(ts:TrainService:date&number&type)::ts.date,ts.number\determ ts.type",3,1.005232856942624,0.9947943564213266,192629,193637
$S_\text{Ts-2}$,Neo4J,denormalized,(abbgg)-[t:STOPS_AT:code]->(s:Station:name)::s.name\determ t.code,40675,3370.112546125461,0.0002961786926530165,542,1826601
$S_\text{Ts-2}$,Neo4J,denormalized,(edeeg)-[s:STOPS_AT:stopid]->(feabf)::s.stopid\determ s,1,1.0,1.0,1826601,1826601
$S_\text{Ts-2}$,Neo4J,denormalized,(x:TrainService:serviceid)::x.serviceid\determ x,1,1.0,1.0,193637,193637
$S_\text{Ts-2}$,Neo4J,denormalized,"(bceca)-[s:STOPS_AT:departure&stopid]->(st)::s.departure,s.stopid\determ st",1,1.0,1.0,1826601,1826601
$S_\text{Ts-2}$,Neo4J,denormalized,"(x:TrainService:date&number&operator)-[gaccg:STOPS_AT]->(dadec)::x.number,x.date\determ x.operator",61,9.482481869293036,0.10545713347202453,192629,1826601
$S_\text{Ts-2}$,Neo4J,all,(x1:Snametcode:Tcode&Sname)::x1.Sname\determ x1,1,1.0,1.0,542,542
$S_\text{Ts-2}$,Neo4J,all,(x6:Snametcode:Tcode&Sname)::x6.Tcode\determ x6,1,1.0,1.0,542,542
$S_\text{Ts-2}$,Neo4J,all,"(x10:Tsdatetsnumbertstype:Tsdate&Tsnumber&Tstype)::x10.Tsnumber,x10.Tsdate\determ x10",1,1.0,1.0,192629,192629
$S_\text{Ts-2}$,Neo4J,all,"(x8:Tsdatetsnumbertsoperator:Tsoperator&Tsdate&Tsnumber)::x8.Tsnumber,x8.Tsdate\determ x8",1,1.0,1.0,192629,192629
$S_\text{Ts-2}$,Neo4J,all,(x0:Tstopid:S&Tstopid)::x0.Tstopid\determ x0,1,1.0,1.0,1632800,1632800
$S_\text{Ts-2}$,Neo4J,denormalized,"(afdcd)-[s:STOPS_AT:departure&stopid]->(st)::s.departure,s.stopid\determ st",1,1.0,1.0,1826601,1826601
$S_\text{Ts-2}$,Neo4J,denormalized,(gdcca)-[t:STOPS_AT:code]->(s:Station:name)::s.name\determ t.code,40675,3370.112546125461,0.0002961786926530165,542,1826601
$S_\text{Ts-2}$,Neo4J,denormalized,(ccfdg)-[s:STOPS_AT:stopid]->(adgdb)::s.stopid\determ s,1,1.0,1.0,1826601,1826601
$S_\text{Ts-2}$,Neo4J,denormalized,(eggcb)-[t:STOPS_AT:code]->(s:Station:name)::t.code\determ s.name,40675,3370.112546125461,0.0002961786926530165,542,1826601
$S_\text{Ts-2}$,Neo4J,denormalized,"(ts:TrainService:date&number&type)::ts.date,ts.number\determ ts.type",3,1.005232856942624,0.9947943564213266,192629,193637
$S_\text{Ts-2}$,Neo4J,denormalized,(x:TrainService:serviceid)::x.serviceid\determ x,1,1.0,1.0,193637,193637
$S_\text{Ts-2}$,Neo4J,denormalized,"(x:TrainService:date&number&operator)-[cbdag:STOPS_AT]->(cdgfg)::x.number,x.date\determ x.operator",61,9.482481869293036,0.10545713347202453,192629,1826601
$S_\text{Ts-2}$,Neo4J,node-left,"(x1:Tsdatetsnumbertstype:Tsnumber&Tsdate&Tstype)::x1.Tsnumber,x1.Tsdate\determ x1",1,1.0,1.0,192629,192629
$S_\text{Ts-2}$,Neo4J,node-left,"(x5:Tsdatetsnumbertsoperator:Tsoperator&Tsdate&Tsnumber)::x5.Tsdate,x5.Tsnumber\determ x5",1,1.0,1.0,192629,192629
$S_\text{Ts-2}$,Neo4J,node-left,(x6:Snametcode:Tcode&Sname)::x6.Sname\determ x6,1,1.0,1.0,542,542
$S_\text{Ts-2}$,Neo4J,denormalized,"(x:TrainService:date&number&operator)-[afedf:STOPS_AT]->(eddfg)::x.number,x.date\determ x.operator",61,9.482481869293036,0.10545713347202453,192629,1826601
$S_\text{Ts-2}$,Neo4J,denormalized,(cbede)-[s:STOPS_AT:stopid]->(gedaf)::s.stopid\determ s,1,1.0,1.0,1826601,1826601
$S_\text{Ts-2}$,Neo4J,denormalized,(bbgfg)-[t:STOPS_AT:code]->(s:Station:name)::s.name\determ t.code,40675,3370.112546125461,0.0002961786926530165,542,1826601
$S_\text{Ts-2}$,Neo4J,denormalized,"(fgebg)-[s:STOPS_AT:departure&stopid]->(st)::s.departure,s.stopid\determ st",1,1.0,1.0,1826601,1826601
$S_\text{Ts-2}$,Neo4J,denormalized,(cbdcf)-[t:STOPS_AT:code]->(s:Station:name)::t.code\determ s.name,40675,3370.112546125461,0.0002961786926530165,542,1826601
$S_\text{Ts-2}$,Neo4J,denormalized,(x:TrainService:serviceid)::x.serviceid\determ x,1,1.0,1.0,193637,193637
$S_\text{Ts-2}$,Neo4J,denormalized,"(ts:TrainService:date&number&type)::ts.number,ts.date\determ ts.type",3,1.005232856942624,0.9947943564213266,192629,193637
$S_\text{Ts-2}$,Neo4J,edge-left,(x0:Tstopid:S&Tstopid)::x0.Tstopid\determ x0,1,1.0,1.0,1632800,1632800
$S_\text{Ts-2}$,Neo4J,edge-left,(x1:Snametcode:Tcode&Sname)::x1.Tcode\determ x1,1,1.0,1.0,542,542
$S_\text{Off-1}$,Neo4J,denormalized,(e:Entity:country_codes&service_provider&countries)::e.country_codes\determ e.countries,309353,738.9691470054453,0.0013556940994151113,1105,814344
$S_\text{Off-1}$,Neo4J,denormalized,"(e:Entity:jurisdiction_description&countries&country_codes)::e.countries,e.jurisdiction_description\determ e.country_codes",175938,361.9306666666667,0.0027617355340440086,2250,814344
$S_\text{Off-1}$,Neo4J,denormalized,(e:Entity:country_codes&service_provider&countries)::e.countries\determ e.country_codes,309353,738.2991840435155,0.0013556940994151113,1105,814344
$S_\text{Off-1}$,Neo4J,all,(x1:EcountriesecountryCodes:Ecountries&EcountryCodes)::x1.Ecountries\determ x1,1,1.0,1.0,858,858
$S_\text{Off-1}$,Neo4J,all,(x3:EcountriesecountryCodes:Ecountries&EcountryCodes)::x3.EcountryCodes\determ x3,1,1.0,1.0,858,858
$S_\text{Off-1}$,Neo4J,denormalized,(e:Entity:country_codes&service_provider&countries)::e.country_codes\determ e.countries,309353,738.9691470054453,0.0013556940994151113,1105,814344
$S_\text{Off-1}$,Neo4J,denormalized,(e:Entity:country_codes&service_provider&countries)::e.countries\determ e.country_codes,309353,738.2991840435155,0.0013556940994151113,1105,814344
$S_\text{Off-1}$,Neo4J,denormalized,"(e:Entity:jurisdiction_description&countries&country_codes)::e.jurisdiction_description,e.countries\determ e.country_codes",175938,361.9306666666667,0.0027617355340440086,2250,814344
$S_\text{Off-1}$,Neo4J,node-left,(x1:EcountriesecountryCodes:Ecountries&EcountryCodes)::x1.Ecountries\determ x1,1,1.0,1.0,858,858
$S_\text{Off-1}$,Neo4J,node-left,(x3:EcountriesecountryCodes:Ecountries&EcountryCodes)::x3.EcountryCodes\determ x3,1,1.0,1.0,858,858
$S_\text{Off-1}$,Neo4J,denormalized,(e:Entity:country_codes&service_provider&countries)::e.country_codes\determ e.countries,309353,738.9691470054453,0.0013556940994151113,1105,814344
$S_\text{Off-1}$,Neo4J,denormalized,"(e:Entity:jurisdiction_description&countries&country_codes)::e.countries,e.jurisdiction_description\determ e.country_codes",175938,361.9306666666667,0.0027617355340440086,2250,814344
$S_\text{Off-1}$,Neo4J,denormalized,(e:Entity:country_codes&service_provider&countries)::e.countries\determ e.country_codes,309353,738.2991840435155,0.0013556940994151113,1105,814344
$S_\text{Off-1}$,Neo4J,edge-left,(e:Entity:jurisdiction_description&service_provider&countries&country_codes)::e.country_codes\determ e.countries,309353,738.9691470054453,0.0013556940994151113,1105,814344
$S_\text{Off-1}$,Neo4J,edge-left,(e:Entity:jurisdiction_description&service_provider&countries&country_codes)::e.countries\determ e.country_codes,309353,738.2991840435155,0.0013556940994151113,1105,814344
$S_\text{Off-2}$,Neo4J,denormalized,"(e:Entity:jurisdiction_description&countries&country_codes)::e.countries,e.jurisdiction_description\determ e.country_codes",175938,361.9306666666667,0.0027617355340440086,2250,814344
$S_\text{Off-2}$,Neo4J,denormalized,"(e:Entity:valid_until&countries&country_codes)::e.valid_until,e.countries\determ e.country_codes",175888,543.620827770362,0.001838291727196034,1498,814344
$S_\text{Off-2}$,Neo4J,denormalized,"(e:Entity:country_codes&sourceID&countries)::e.sourceID,e.countries\determ e.country_codes",175888,558.5349794238695,0.0017891723757679503,1458,814344
$S_\text{Off-2}$,Neo4J,denormalized,"(e:Entity:country_codes&sourceID&countries)::e.country_codes,e.sourceID\determ e.countries",175888,558.5349794238695,0.0017891723757679503,1458,814344
$S_\text{Off-2}$,Neo4J,denormalized,"(e:Entity:valid_until&countries&country_codes)::e.country_codes,e.valid_until\determ e.countries",175888,543.620827770362,0.001838291727196034,1498,814344
$S_\text{Off-2}$,Neo4J,all,"(x9:EcountriesecountryCodesevalidUntil:Ecountries&EvalidUntil&EcountryCodes)::x9.EvalidUntil,x9.EcountryCodes\determ x9",1,1.0,1.0,1455,1455
$S_\text{Off-2}$,Neo4J,all,"(x5:EcountriesecountryCodesejurisdictionDescription:Ecountries&EcountryCodes&EjurisdictionDescription)::x5.Ecountries,x5.EjurisdictionDescription\determ x5",1,1.0,1.0,2185,2185
$S_\text{Off-2}$,Neo4J,all,"(x7:EcountriesecountryCodesesourceID:Ecountries&EcountryCodes&EsourceID)::x7.EsourceID,x7.EcountryCodes\determ x7",1,1.0,1.0,1439,1439
$S_\text{Off-2}$,Neo4J,all,"(x1:EcountriesecountryCodesevalidUntil:Ecountries&EvalidUntil&EcountryCodes)::x1.EvalidUntil,x1.Ecountries\determ x1",1,1.0,1.0,1455,1455
$S_\text{Off-2}$,Neo4J,all,"(x3:EcountriesecountryCodesesourceID:EsourceID&Ecountries&EcountryCodes)::x3.EsourceID,x3.Ecountries\determ x3",1,1.0,1.0,1439,1439
$S_\text{Off-2}$,Neo4J,denormalized,"(e:Entity:jurisdiction_description&countries&country_codes)::e.jurisdiction_description,e.countries\determ e.country_codes",175938,361.9306666666667,0.0027617355340440086,2250,814344
$S_\text{Off-2}$,Neo4J,denormalized,"(e:Entity:valid_until&countries&country_codes)::e.countries,e.valid_until\determ e.country_codes",175888,543.620827770362,0.001838291727196034,1498,814344
$S_\text{Off-2}$,Neo4J,denormalized,"(e:Entity:country_codes&sourceID&countries)::e.sourceID,e.country_codes\determ e.countries",175888,558.5349794238695,0.0017891723757679503,1458,814344
$S_\text{Off-2}$,Neo4J,denormalized,"(e:Entity:country_codes&sourceID&countries)::e.sourceID,e.countries\determ e.country_codes",175888,558.5349794238695,0.0017891723757679503,1458,814344
$S_\text{Off-2}$,Neo4J,denormalized,"(e:Entity:valid_until&countries&country_codes)::e.country_codes,e.valid_until\determ e.countries",175888,543.620827770362,0.001838291727196034,1498,814344
$S_\text{Off-2}$,Neo4J,node-left,"(x9:EcountriesecountryCodesevalidUntil:Ecountries&EvalidUntil&EcountryCodes)::x9.EvalidUntil,x9.EcountryCodes\determ x9",1,1.0,1.0,1455,1455
$S_\text{Off-2}$,Neo4J,node-left,"(x3:EcountriesecountryCodesejurisdictionDescription:Ecountries&EcountryCodes&EjurisdictionDescription)::x3.Ecountries,x3.EjurisdictionDescription\determ x3",1,1.0,1.0,2185,2185
$S_\text{Off-2}$,Neo4J,node-left,"(x7:EcountriesecountryCodesevalidUntil:Ecountries&EvalidUntil&EcountryCodes)::x7.EvalidUntil,x7.Ecountries\determ x7",1,1.0,1.0,1455,1455
$S_\text{Off-2}$,Neo4J,node-left,"(x1:EcountriesecountryCodesesourceID:Ecountries&EcountryCodes&EsourceID)::x1.Ecountries,x1.EsourceID\determ x1",1,1.0,1.0,1439,1439
$S_\text{Off-2}$,Neo4J,node-left,"(x5:EcountriesecountryCodesesourceID:EsourceID&EcountryCodes&Ecountries)::x5.EsourceID,x5.EcountryCodes\determ x5",1,1.0,1.0,1439,1439
$S_\text{Off-2}$,Neo4J,denormalized,"(e:Entity:jurisdiction_description&countries&country_codes)::e.countries,e.jurisdiction_description\determ e.country_codes",175938,361.9306666666667,0.0027617355340440086,2250,814344
$S_\text{Off-2}$,Neo4J,denormalized,"(e:Entity:valid_until&countries&country_codes)::e.countries,e.valid_until\determ e.country_codes",175888,543.620827770362,0.001838291727196034,1498,814344
$S_\text{Off-2}$,Neo4J,denormalized,"(e:Entity:country_codes&sourceID&countries)::e.sourceID,e.country_codes\determ e.countries",175888,558.5349794238695,0.0017891723757679503,1458,814344
$S_\text{Off-2}$,Neo4J,denormalized,"(e:Entity:country_codes&sourceID&countries)::e.sourceID,e.countries\determ e.country_codes",175888,558.5349794238695,0.0017891723757679503,1458,814344
$S_\text{Off-2}$,Neo4J,denormalized,"(e:Entity:valid_until&countries&country_codes)::e.country_codes,e.valid_until\determ e.countries",175888,543.620827770362,0.001838291727196034,1498,814344
$S_\text{Off-2}$,Neo4J,edge-left,"(e:Entity:country_codes&jurisdiction_description&valid_until&sourceID&countries)::e.country_codes,e.valid_until\determ e.countries",175888,543.620827770362,0.001838291727196034,1498,814344
$S_\text{Off-2}$,Neo4J,edge-left,"(e:Entity:country_codes&jurisdiction_description&valid_until&sourceID&countries)::e.country_codes,e.sourceID\determ e.countries",175888,558.5349794238695,0.0017891723757679503,1458,814344
$S_\text{Off-2}$,Neo4J,edge-left,"(e:Entity:country_codes&jurisdiction_description&valid_until&sourceID&countries)::e.countries,e.valid_until\determ e.country_codes",175888,543.620827770362,0.001838291727196034,1498,814344
$S_\text{Off-2}$,Neo4J,edge-left,"(e:Entity:country_codes&jurisdiction_description&valid_until&sourceID&countries)::e.countries,e.jurisdiction_description\determ e.country_codes",175938,361.9306666666667,0.0027617355340440086,2250,814344
$S_\text{Off-2}$,Neo4J,edge-left,"(e:Entity:country_codes&jurisdiction_description&valid_until&sourceID&countries)::e.sourceID,e.countries\determ e.country_codes",175888,558.5349794238695,0.0017891723757679503,1458,814344
$S_\text{Off-3}$,Neo4J,denormalized,"(e:Entity:jurisdiction_description&countries&country_codes)::e.countries,e.jurisdiction_description\determ e.country_codes",175938,361.9306666666667,0.0027617355340440086,2250,814344
$S_\text{Off-3}$,Neo4J,denormalized,"(e:Entity:valid_until&countries&country_codes)::e.valid_until,e.countries\determ e.country_codes",175888,543.620827770362,0.001838291727196034,1498,814344
$S_\text{Off-3}$,Neo4J,denormalized,(e:Entity:valid_until&service_provider&sourceID)::e.sourceID\determ e.valid_until,213634,37015.63636363636,0.0002087572435693559,171,814344
$S_\text{Off-3}$,Neo4J,denormalized,(e:Entity:country_codes&service_provider&countries)::e.countries\determ e.country_codes,309353,738.2991840435155,0.0013556940994151113,1105,814344
$S_\text{Off-3}$,Neo4J,denormalized,"(e:Entity:country_codes&sourceID&countries)::e.countries,e.sourceID\determ e.country_codes",175888,558.5349794238695,0.0017891723757679503,1458,814344
$S_\text{Off-3}$,Neo4J,denormalized,"(e:Entity:country_codes&sourceID&countries)::e.sourceID,e.country_codes\determ e.countries",175888,558.5349794238695,0.0017891723757679503,1458,814344
$S_\text{Off-3}$,Neo4J,denormalized,(e:Entity:valid_until&service_provider&sourceID)::e.valid_until\determ e.sourceID,213634,12528.369230769224,0.0002087572435693559,171,814344
$S_\text{Off-3}$,Neo4J,denormalized,(e:Entity:country_codes&service_provider&countries)::e.country_codes\determ e.countries,309353,738.9691470054453,0.0013556940994151113,1105,814344
$S_\text{Off-3}$,Neo4J,denormalized,"(e:Entity:valid_until&service_provider&sourceID)::e.service_provider\determ e.valid_until,e.sourceID",470258,162868.8,0.000209985227355058,172,814344
$S_\text{Off-3}$,Neo4J,denormalized,"(e:Entity:valid_until&countries&country_codes)::e.valid_until,e.country_codes\determ e.countries",175888,543.620827770362,0.001838291727196034,1498,814344
$S_\text{Off-3}$,Neo4J,all,(x7:EsourceIDevalidUntil:EsourceID&EvalidUntil)::x7.EvalidUntil\determ x7,1,1.0,1.0,3,3
$S_\text{Off-3}$,Neo4J,all,(x1:EcountriesecountryCodes:Ecountries&EcountryCodes)::x1.EcountryCodes\determ x1,1,1.0,1.0,858,858
$S_\text{Off-3}$,Neo4J,all,(x3:EsourceIDevalidUntil:EsourceID&EvalidUntil)::x3.EsourceID\determ x3,1,1.0,1.0,3,3
$S_\text{Off-3}$,Neo4J,all,(x9:EcountriesecountryCodes:Ecountries&EcountryCodes)::x9.Ecountries\determ x9,1,1.0,1.0,858,858
$S_\text{Off-3}$,Neo4J,all,(x5:EserviceProvideresourceID:EsourceID&EserviceProvider)::x5.EserviceProvider\determ x5,1,1.0,1.0,4,4
$S_\text{Off-3}$,Neo4J,denormalized,"(e:Entity:jurisdiction_description&countries&country_codes)::e.countries,e.jurisdiction_description\determ e.country_codes",175938,361.9306666666667,0.0027617355340440086,2250,814344
$S_\text{Off-3}$,Neo4J,denormalized,"(e:Entity:valid_until&countries&country_codes)::e.valid_until,e.countries\determ e.country_codes",175888,543.620827770362,0.001838291727196034,1498,814344
$S_\text{Off-3}$,Neo4J,denormalized,(e:Entity:valid_until&service_provider&sourceID)::e.sourceID\determ e.valid_until,213634,37015.63636363636,0.0002087572435693559,171,814344
$S_\text{Off-3}$,Neo4J,denormalized,(e:Entity:country_codes&service_provider&countries)::e.countries\determ e.country_codes,309353,738.2991840435155,0.0013556940994151113,1105,814344
$S_\text{Off-3}$,Neo4J,denormalized,"(e:Entity:country_codes&sourceID&countries)::e.countries,e.sourceID\determ e.country_codes",175888,558.5349794238695,0.0017891723757679503,1458,814344
$S_\text{Off-3}$,Neo4J,denormalized,(e:Entity:valid_until&service_provider&sourceID)::e.valid_until\determ e.sourceID,213634,12528.369230769224,0.0002087572435693559,171,814344
$S_\text{Off-3}$,Neo4J,denormalized,(e:Entity:country_codes&service_provider&countries)::e.country_codes\determ e.countries,309353,738.9691470054453,0.0013556940994151113,1105,814344
$S_\text{Off-3}$,Neo4J,denormalized,"(e:Entity:valid_until&service_provider&sourceID)::e.service_provider\determ e.valid_until,e.sourceID",470258,162868.8,0.000209985227355058,172,814344
$S_\text{Off-3}$,Neo4J,denormalized,"(e:Entity:country_codes&sourceID&countries)::e.country_codes,e.sourceID\determ e.countries",175888,558.5349794238695,0.0017891723757679503,1458,814344
$S_\text{Off-3}$,Neo4J,denormalized,"(e:Entity:valid_until&countries&country_codes)::e.country_codes,e.valid_until\determ e.countries",175888,543.620827770362,0.001838291727196034,1498,814344
$S_\text{Off-3}$,Neo4J,node-left,(x7:EsourceIDevalidUntil:EsourceID&EvalidUntil)::x7.EvalidUntil\determ x7,1,1.0,1.0,3,3
$S_\text{Off-3}$,Neo4J,node-left,(x1:EcountriesecountryCodes:Ecountries&EcountryCodes)::x1.EcountryCodes\determ x1,1,1.0,1.0,858,858
$S_\text{Off-3}$,Neo4J,node-left,(x3:EsourceIDevalidUntil:EsourceID&EvalidUntil)::x3.EsourceID\determ x3,1,1.0,1.0,3,3
$S_\text{Off-3}$,Neo4J,node-left,(x9:EcountriesecountryCodes:Ecountries&EcountryCodes)::x9.Ecountries\determ x9,1,1.0,1.0,858,858
$S_\text{Off-3}$,Neo4J,node-left,(x5:EserviceProvideresourceID:EsourceID&EserviceProvider)::x5.EserviceProvider\determ x5,1,1.0,1.0,4,4
$S_\text{Off-3}$,Neo4J,denormalized,"(e:Entity:jurisdiction_description&countries&country_codes)::e.countries,e.jurisdiction_description\determ e.country_codes",175938,361.9306666666667,0.0027617355340440086,2250,814344
$S_\text{Off-3}$,Neo4J,denormalized,"(e:Entity:valid_until&countries&country_codes)::e.valid_until,e.countries\determ e.country_codes",175888,543.620827770362,0.001838291727196034,1498,814344
$S_\text{Off-3}$,Neo4J,denormalized,(e:Entity:valid_until&service_provider&sourceID)::e.sourceID\determ e.valid_until,213634,37015.63636363636,0.0002087572435693559,171,814344
$S_\text{Off-3}$,Neo4J,denormalized,(e:Entity:country_codes&service_provider&countries)::e.countries\determ e.country_codes,309353,738.2991840435155,0.0013556940994151113,1105,814344
$S_\text{Off-3}$,Neo4J,denormalized,"(e:Entity:valid_until&service_provider&sourceID)::e.service_provider\determ e.sourceID,e.valid_until",470258,162868.8,0.000209985227355058,172,814344
$S_\text{Off-3}$,Neo4J,denormalized,(e:Entity:valid_until&service_provider&sourceID)::e.valid_until\determ e.sourceID,213634,12528.369230769224,0.0002087572435693559,171,814344
$S_\text{Off-3}$,Neo4J,denormalized,(e:Entity:country_codes&service_provider&countries)::e.country_codes\determ e.countries,309353,738.9691470054453,0.0013556940994151113,1105,814344
$S_\text{Off-3}$,Neo4J,denormalized,"(e:Entity:country_codes&sourceID&countries)::e.sourceID,e.countries\determ e.country_codes",175888,558.5349794238695,0.0017891723757679503,1458,814344
$S_\text{Off-3}$,Neo4J,denormalized,"(e:Entity:country_codes&sourceID&countries)::e.country_codes,e.sourceID\determ e.countries",175888,558.5349794238695,0.0017891723757679503,1458,814344
$S_\text{Off-3}$,Neo4J,denormalized,"(e:Entity:valid_until&countries&country_codes)::e.country_codes,e.valid_until\determ e.countries",175888,543.620827770362,0.001838291727196034,1498,814344
$S_\text{Off-3}$,Neo4J,edge-left,(e:Entity:country_codes&service_provider&jurisdiction_description&valid_until&sourceID&countries)::e.countries\determ e.country_codes,309353,738.2991840435155,0.0013556940994151113,1105,814344
$S_\text{Off-3}$,Neo4J,edge-left,(e:Entity:country_codes&service_provider&jurisdiction_description&valid_until&sourceID&countries)::e.valid_until\determ e.sourceID,213634,12528.369230769224,0.0002087572435693559,171,814344
$S_\text{Off-3}$,Neo4J,edge-left,(e:Entity:country_codes&service_provider&jurisdiction_description&valid_until&sourceID&countries)::e.service_provider\determ e.sourceID,470258,162868.8,2.7015643285446058e-05,23,814344
$S_\text{Off-3}$,Neo4J,edge-left,(e:Entity:country_codes&service_provider&jurisdiction_description&valid_until&sourceID&countries)::e.sourceID\determ e.valid_until,213634,37015.63636363636,0.0002087572435693559,171,814344
$S_\text{Off-3}$,Neo4J,edge-left,(e:Entity:country_codes&service_provider&jurisdiction_description&valid_until&sourceID&countries)::e.country_codes\determ e.countries,309353,738.9691470054453,0.0013556940994151113,1105,814344
$S_\text{Uni-1}$,Neo4J,denormalized,(c:Course)<-[t:TEACHES:usingBook]-(deaad)::c\determ t.usingBook,3,3.0,0.0,1,3
$S_\text{Uni-1}$,Neo4J,all,(c:Course:TusingBook)::c\determ c.TusingBook,1,1.0,1.0,1,1
$S_\text{Uni-1}$,Neo4J,denormalized,(c:Course)<-[t:TEACHES:usingBook]-(dfcdc)::c\determ t.usingBook,3,3.0,0.0,1,3
$S_\text{Uni-1}$,Neo4J,node-left,(c:Course:TusingBook)::c\determ c.TusingBook,1,1.0,1.0,1,1
$S_\text{Uni-1}$,Neo4J,denormalized,(c:Course)<-[t:TEACHES:usingBook]-(ccaae)::c\determ t.usingBook,3,3.0,0.0,1,3
$S_\text{Uni-1}$,Neo4J,edge-left,(c:Course)<-[t:TEACHES:usingBook]-(dfcee)::c\determ t.usingBook,3,3.0,0.0,1,3
$S_\text{Uni-2}$,Neo4J,denormalized,(c:Course:title)<-[t:TEACHES:usingBook]-(gecag)::c.title\determ t.usingBook,3,3.0,0.0,1,3
$S_\text{Uni-2}$,Neo4J,all,(x0:CtitletusingBook:TusingBook&Ctitle)::x0.Ctitle\determ x0,1,1.0,1.0,1,1
$S_\text{Uni-2}$,Neo4J,denormalized,(c:Course:title)<-[t:TEACHES:usingBook]-(aaddb)::c.title\determ t.usingBook,3,3.0,0.0,1,3
$S_\text{Uni-2}$,Neo4J,node-left,(x0:CtitletusingBook:TusingBook&Ctitle)::x0.Ctitle\determ x0,1,1.0,1.0,1,1
$S_\text{Uni-2}$,Neo4J,denormalized,(c:Course:title)<-[t:TEACHES:usingBook]-(dfcdf)::c.title\determ t.usingBook,3,3.0,0.0,1,3
$S_\text{Uni-2}$,Neo4J,edge-left,(c:Course:title)<-[t:TEACHES:usingBook]-(cefdb)::c.title\determ t.usingBook,3,3.0,0.0,1,3
$S_\text{No-1}$,Neo4J,denormalized,(e:Event:name&company)::e.name\determ e.company,2,2.0,0.0,1,2
$S_\text{No-1}$,Neo4J,denormalized,"(e:Event:name&time&venue)::e.time,e.name\determ e.venue",1,1.0,1.0,2,2
$S_\text{No-1}$,Neo4J,denormalized,"(e:Event:name&time&venue)::e.venue,e.time\determ e.name",1,1.0,1.0,2,2
$S_\text{No-1}$,Neo4J,denormalized,"(e:Event:time&company)::e.company,e.time\determ e",1,1.0,1.0,2,2
$S_\text{No-1}$,Neo4J,all,"(x5:Enameetimeevenue:Ename&Evenue&Etime)::x5.Evenue,x5.Etime\determ x5",1,1.0,1.0,2,2
$S_\text{No-1}$,Neo4J,all,(x3:Ecompanyename:Ename&Ecompany)::x3.Ename\determ x3,1,1.0,1.0,1,1
$S_\text{No-1}$,Neo4J,all,"(x7:Enameetimeevenue:Ename&Evenue&Etime)::x7.Ename,x7.Etime\determ x7",1,1.0,1.0,2,2
$S_\text{No-1}$,Neo4J,denormalized,(e:Event:name&company)::e.name\determ e.company,2,2.0,0.0,1,2
$S_\text{No-1}$,Neo4J,denormalized,"(e:Event:name&time&venue)::e.time,e.name\determ e.venue",1,1.0,1.0,2,2
$S_\text{No-1}$,Neo4J,denormalized,"(e:Event:name&time&venue)::e.venue,e.time\determ e.name",1,1.0,1.0,2,2
$S_\text{No-1}$,Neo4J,denormalized,"(e:Event:time&company)::e.company,e.time\determ e",1,1.0,1.0,2,2
$S_\text{No-1}$,Neo4J,node-left,"(x3:Enameetimeevenue:Ename&Evenue&Etime)::x3.Evenue,x3.Etime\determ x3",1,1.0,1.0,2,2
$S_\text{No-1}$,Neo4J,node-left,"(x5:Enameetimeevenue:Ename&Evenue&Etime)::x5.Ename,x5.Etime\determ x5",1,1.0,1.0,2,2
$S_\text{No-1}$,Neo4J,node-left,(x7:Ecompanyename:Ename&Ecompany)::x7.Ename\determ x7,1,1.0,1.0,1,1
$S_\text{No-1}$,Neo4J,denormalized,(e:Event:name&company)::e.name\determ e.company,2,2.0,0.0,1,2
$S_\text{No-1}$,Neo4J,denormalized,"(e:Event:name&time&venue)::e.time,e.venue\determ e.name",1,1.0,1.0,2,2
$S_\text{No-1}$,Neo4J,denormalized,"(e:Event:time&company)::e.company,e.time\determ e",1,1.0,1.0,2,2
$S_\text{No-1}$,Neo4J,denormalized,"(e:Event:name&time&venue)::e.name,e.time\determ e.venue",1,1.0,1.0,2,2
$S_\text{No-1}$,Neo4J,edge-left,"(e:Event:name&time&venue&company)::e.time,e.name\determ e.venue",1,1.0,1.0,2,2
$S_\text{No-1}$,Neo4J,edge-left,"(e:Event:name&time&venue&company)::e.venue,e.time\determ e.name",1,1.0,1.0,2,2
$S_\text{No-1}$,Neo4J,edge-left,(e:Event:name&time&venue&company)::e.name\determ e.company,2,2.0,0.0,1,2
$S_\text{No-1}$,Neo4J,edge-left,"(e:Event:name&time&venue&company)::e.company,e.time\determ e",1,1.0,1.0,2,2
$S_\text{No-2}$,Neo4J,denormalized,(e:Event:name&company)::e.name\determ e.company,2,2.0,0.0,1,2
$S_\text{No-2}$,Neo4J,denormalized,"(e:Event:time&venue&company)::e.company,e.time\determ e.venue",1,1.0,1.0,2,2
$S_\text{No-2}$,Neo4J,denormalized,"(e:Event:name&time&venue)::e.venue,e.time\determ e.name",1,1.0,1.0,2,2
$S_\text{No-2}$,Neo4J,denormalized,"(e:Event:name&time&venue)::e.name,e.time\determ e.venue",1,1.0,1.0,2,2
$S_\text{No-2}$,Neo4J,all,(x5:Ecompanyename:Ename&Ecompany)::x5.Ename\determ x5,1,1.0,1.0,1,1
$S_\text{No-2}$,Neo4J,all,"(x3:Enameetimeevenue:Ename&Evenue&Etime)::x3.Ename,x3.Etime\determ x3",1,1.0,1.0,2,2
$S_\text{No-2}$,Neo4J,all,"(x7:Ecompanyetimeevenue:Evenue&Etime&Ecompany)::x7.Etime,x7.Ecompany\determ x7",1,1.0,1.0,2,2
$S_\text{No-2}$,Neo4J,all,"(x1:Enameetimeevenue:Ename&Evenue&Etime)::x1.Etime,x1.Evenue\determ x1",1,1.0,1.0,2,2
$S_\text{No-2}$,Neo4J,denormalized,(e:Event:name&company)::e.name\determ e.company,2,2.0,0.0,1,2
$S_\text{No-2}$,Neo4J,denormalized,"(e:Event:name&time&venue)::e.time,e.name\determ e.venue",1,1.0,1.0,2,2
$S_\text{No-2}$,Neo4J,denormalized,"(e:Event:name&time&venue)::e.venue,e.time\determ e.name",1,1.0,1.0,2,2
$S_\text{No-2}$,Neo4J,denormalized,"(e:Event:time&venue&company)::e.time,e.company\determ e.venue",1,1.0,1.0,2,2
$S_\text{No-2}$,Neo4J,node-left,"(x7:Enameetimeevenue:Ename&Evenue&Etime)::x7.Etime,x7.Ename\determ x7",1,1.0,1.0,2,2
$S_\text{No-2}$,Neo4J,node-left,"(x3:Ecompanyetimeevenue:Evenue&Etime&Ecompany)::x3.Etime,x3.Ecompany\determ x3",1,1.0,1.0,2,2
$S_\text{No-2}$,Neo4J,node-left,(x5:Ecompanyename:Ename&Ecompany)::x5.Ename\determ x5,1,1.0,1.0,1,1
$S_\text{No-2}$,Neo4J,node-left,"(x1:Enameetimeevenue:Ename&Evenue&Etime)::x1.Etime,x1.Evenue\determ x1",1,1.0,1.0,2,2
$S_\text{No-2}$,Neo4J,denormalized,(e:Event:name&company)::e.name\determ e.company,2,2.0,0.0,1,2
$S_\text{No-2}$,Neo4J,denormalized,"(e:Event:name&time&venue)::e.name,e.time\determ e.venue",1,1.0,1.0,2,2
$S_\text{No-2}$,Neo4J,denormalized,"(e:Event:name&time&venue)::e.venue,e.time\determ e.name",1,1.0,1.0,2,2
$S_\text{No-2}$,Neo4J,denormalized,"(e:Event:time&venue&company)::e.time,e.company\determ e.venue",1,1.0,1.0,2,2
$S_\text{No-2}$,Neo4J,edge-left,"(e:Event:name&time&venue&company)::e.company,e.time\determ e.venue",1,1.0,1.0,2,2
$S_\text{No-2}$,Neo4J,edge-left,"(e:Event:name&time&venue&company)::e.venue,e.time\determ e.name",1,1.0,1.0,2,2
$S_\text{No-2}$,Neo4J,edge-left,(e:Event:name&time&venue&company)::e.name\determ e.company,2,2.0,0.0,1,2
$S_\text{No-2}$,Neo4J,edge-left,"(e:Event:name&time&venue&company)::e.name,e.time\determ e.venue",1,1.0,1.0,2,2
$S_\text{No-3}$,Neo4J,denormalized,"(e:Event&Confirmed:name&time&company)::e.name,e.company\determ e.time",1,1.0,1.0,1,1
$S_\text{No-3}$,Neo4J,denormalized,(e:Event:name&company)::e.name\determ e.company,2,2.0,0.0,1,2
$S_\text{No-3}$,Neo4J,denormalized,"(e:Event:name&time&venue)::e.time,e.name\determ e.venue",1,1.0,1.0,2,2
$S_\text{No-3}$,Neo4J,denormalized,"(e:Event:name&time&venue)::e.time,e.venue\determ e.name",1,1.0,1.0,2,2
$S_\text{No-3}$,Neo4J,denormalized,"(e:Event:time&venue&company)::e.time,e.company\determ e",1,1.0,1.0,2,2
$S_\text{No-3}$,Neo4J,all,"(x9:Enameetimeevenue:Ename&Evenue&Etime)::x9.Etime,x9.Evenue\determ x9",1,1.0,1.0,1,1
$S_\text{No-3}$,Neo4J,all,"(x1:Enameetimeevenue:Ename&Evenue&Etime)::x1.Etime,x1.Ename\determ x1",1,1.0,1.0,1,1
$S_\text{No-3}$,Neo4J,all,"(x3:Ecompanyenameetime:Ename&Etime&Ecompany)::x3.Ecompany,x3.Ename\determ x3",1,1.0,1.0,1,1
$S_\text{No-3}$,Neo4J,all,(x5:Ecompanyename:Ename&Ecompany)::x5.Ename\determ x5,1,1.0,1.0,1,1
$S_\text{No-3}$,Neo4J,denormalized,(e:Event:name&company)::e.name\determ e.company,2,2.0,0.0,1,2
$S_\text{No-3}$,Neo4J,denormalized,"(e:Event:name&time&venue)::e.time,e.name\determ e.venue",1,1.0,1.0,2,2
$S_\text{No-3}$,Neo4J,denormalized,"(e:Event:name&time&venue)::e.venue,e.time\determ e.name",1,1.0,1.0,2,2
$S_\text{No-3}$,Neo4J,denormalized,"(e:Event:time&venue&company)::e.time,e.company\determ e",1,1.0,1.0,2,2
$S_\text{No-3}$,Neo4J,denormalized,"(e:Event&Confirmed:name&time&company)::e.company,e.name\determ e.time",1,1.0,1.0,1,1
$S_\text{No-3}$,Neo4J,node-left,"(x7:Enameetimeevenue:Ename&Evenue&Etime)::x7.Etime,x7.Ename\determ x7",1,1.0,1.0,1,1
$S_\text{No-3}$,Neo4J,node-left,"(x9:Enameetimeevenue:Ename&Evenue&Etime)::x9.Evenue,x9.Etime\determ x9",1,1.0,1.0,1,1
$S_\text{No-3}$,Neo4J,node-left,(x3:Ecompanyename:Ename&Ecompany)::x3.Ename\determ x3,1,1.0,1.0,1,1
$S_\text{No-3}$,Neo4J,node-left,"(x1:Ecompanyenameetime:Ename&Etime&Ecompany)::x1.Ename,x1.Ecompany\determ x1",1,1.0,1.0,1,1
$S_\text{No-3}$,Neo4J,denormalized,"(e:Event:time&venue&company)::e.company,e.time\determ e",1,1.0,1.0,2,2
$S_\text{No-3}$,Neo4J,denormalized,(e:Event:name&company)::e.name\determ e.company,2,2.0,0.0,1,2
$S_\text{No-3}$,Neo4J,denormalized,"(e:Event:name&time&venue)::e.venue,e.time\determ e.name",1,1.0,1.0,2,2
$S_\text{No-3}$,Neo4J,denormalized,"(e:Event:name&time&venue)::e.name,e.time\determ e.venue",1,1.0,1.0,2,2
$S_\text{No-3}$,Neo4J,denormalized,"(e:Event&Confirmed:name&time&company)::e.company,e.name\determ e.time",1,1.0,1.0,1,1
$S_\text{No-3}$,Neo4J,edge-left,"(e:Event&Confirmed:name&time&venue&company)::e.time,e.venue\determ e.name",1,1.0,1.0,1,1
$S_\text{No-3}$,Neo4J,edge-left,"(e:Event&Confirmed:name&time&venue&company)::e.time,e.company\determ e",1,1.0,1.0,1,1
$S_\text{No-3}$,Neo4J,edge-left,(e:Event&Confirmed:name&time&venue&company)::e.name\determ e.company,1,1.0,1.0,1,1
$S_\text{No-3}$,Neo4J,edge-left,"(e:Event&Confirmed:name&time&venue&company)::e.name,e.time\determ e.venue",1,1.0,1.0,1,1
$S_\text{No-3}$,Neo4J,edge-left,"(e:Event&Confirmed:name&time&venue&company)::e.name,e.company\determ e.time",1,1.0,1.0,1,1
$S_\text{Nw}$,Neo4J,denormalized,(o:Order:orderID)::o.orderID\determ o,1,1.0,1.0,830,830
$S_\text{Nw}$,Neo4J,denormalized,"(o:Order:shipCountry&customerID&orderID&shipCity&shipPostalCode&shipAddress&orderDate&shipRegion)::o.customerID\determ o.shipCountry,o.shipPostalCode,o.shipRegion,o.shipAddress,o.shipCity",31,9.325842696629213,0.10615199034981906,89,830
$S_\text{Nw}$,Neo4J,all,(x1:OcustomerIDoshipAddressoshipCityoshipCountryoshipPostalCodeoshipRegion:OshipCountry&OshipRegion&OshipPostalCode&OshipCity&OshipAddress&OcustomerID)::x1.OcustomerID\determ x1,1,1.0,1.0,89,89
$S_\text{Nw}$,Neo4J,denormalized,(o:Order:orderID)::o.orderID\determ o,1,1.0,1.0,830,830
$S_\text{Nw}$,Neo4J,denormalized,"(o:Order:shipCountry&customerID&orderID&shipCity&shipPostalCode&shipAddress&orderDate&shipRegion)::o.customerID\determ o.shipCity,o.shipRegion,o.shipAddress,o.shipCountry,o.shipPostalCode",31,9.325842696629213,0.10615199034981906,89,830
$S_\text{Nw}$,Neo4J,node-left,(x1:OcustomerIDoshipAddressoshipCityoshipCountryoshipPostalCodeoshipRegion:OshipCountry&OshipRegion&OshipPostalCode&OshipCity&OshipAddress&OcustomerID)::x1.OcustomerID\determ x1,1,1.0,1.0,89,89
$S_\text{Nw}$,Neo4J,denormalized,(o:Order:orderID)::o.orderID\determ o,1,1.0,1.0,830,830
$S_\text{Nw}$,Neo4J,denormalized,"(o:Order:shipCountry&customerID&orderID&shipCity&shipPostalCode&shipAddress&orderDate&shipRegion)::o.customerID\determ o.shipAddress,o.shipPostalCode,o.shipRegion,o.shipCity,o.shipCountry",31,9.325842696629213,0.10615199034981906,89,830
$S_\text{Nw}$,Neo4J,edge-left,(o:Order:orderID)::o.orderID\determ o,1,1.0,1.0,830,830
$S_\text{Nw}$,Neo4J,edge-left,"(o:Order:shipCountry&customerID&orderID&shipCity&shipPostalCode&shipAddress&orderDate&shipRegion)::o.customerID\determ o.shipRegion,o.shipAddress,o.shipCountry,o.shipCity,o.shipPostalCode",31,9.325842696629213,0.10615199034981906,89,830
$S_\text{Lon}$,Neo4J,denormalized,(s:Station:zone&zoneOriginal)::s.zoneOriginal\determ s.zone,125,40.6875,0.023076923076923078,16,651
$S_\text{Lon}$,Neo4J,denormalized,"(baecg)-[c:CONNECTED_THROUGH:type&line&color]->(eedee)::c.line\determ c.type,c.color",218,69.71428571428574,0.013839056893900564,28,1952
$S_\text{Lon}$,Neo4J,denormalized,(s:Station)-[c::type&line&color]->(ecfaf)::c.line\determ c.color,218,69.71428571428574,0.013839056893900564,28,1952
$S_\text{Lon}$,Neo4J,denormalized,"(s:Station:longitude&zone&latitude)::s.latitude,s.longitude\determ s.zone",1,1.0,1.0,651,651
$S_\text{Lon}$,Neo4J,denormalized,"(s:Station:longitude&latitude)::s.longitude,s.latitude\determ s",1,1.0,1.0,651,651
$S_\text{Lon}$,Neo4J,all,(x1:SzoneszoneOriginal:Szone&SzoneOriginal)::x1.SzoneOriginal\determ x1,1,1.0,1.0,15,15
$S_\text{Lon}$,Neo4J,all,(x5:Ccolorclinectype:Ccolor&Cline&Ctype)::x5.Cline\determ x5,1,1.0,1.0,28,28
$S_\text{Lon}$,Neo4J,denormalized,(s:Station:zone&zoneOriginal)::s.zoneOriginal\determ s.zone,125,40.6875,0.023076923076923078,16,651
$S_\text{Lon}$,Neo4J,denormalized,"(s:Station:longitude&zone&latitude)::s.longitude,s.latitude\determ s.zone",1,1.0,1.0,651,651
$S_\text{Lon}$,Neo4J,denormalized,"(aadbc)-[c:CONNECTED_THROUGH:type&line&color]->(bagae)::c.line\determ c.color,c.type",218,69.71428571428574,0.013839056893900564,28,1952
$S_\text{Lon}$,Neo4J,denormalized,(s:Station)-[c::type&line&color]->(dccfc)::c.line\determ c.color,218,69.71428571428574,0.013839056893900564,28,1952
$S_\text{Lon}$,Neo4J,denormalized,"(s:Station:longitude&latitude)::s.longitude,s.latitude\determ s",1,1.0,1.0,651,651
$S_\text{Lon}$,Neo4J,node-left,(x1:SzoneszoneOriginal:Szone&SzoneOriginal)::x1.SzoneOriginal\determ x1,1,1.0,1.0,15,15
$S_\text{Lon}$,Neo4J,denormalized,(s:Station:zone&zoneOriginal)::s.zoneOriginal\determ s.zone,125,40.6875,0.023076923076923078,16,651
$S_\text{Lon}$,Neo4J,denormalized,"(s:Station:longitude&zone&latitude)::s.longitude,s.latitude\determ s.zone",1,1.0,1.0,651,651
$S_\text{Lon}$,Neo4J,denormalized,"(gbgdf)-[c:CONNECTED_THROUGH:type&line&color]->(cgbeg)::c.line\determ c.type,c.color",218,69.71428571428574,0.013839056893900564,28,1952
$S_\text{Lon}$,Neo4J,denormalized,"(s:Station:longitude&latitude)::s.longitude,s.latitude\determ s",1,1.0,1.0,651,651
$S_\text{Lon}$,Neo4J,denormalized,(s:Station)-[c::type&line&color]->(gecge)::c.line\determ c.color,218,69.71428571428574,0.013839056893900564,28,1952
$S_\text{Lon}$,Neo4J,edge-left,(x1:Ccolorclinectype:Ccolor&Cline&Ctype)::x1.Cline\determ x1,1,1.0,1.0,28,28
$S_\text{Ts-1}$,Memgraph,denormalized,(bebga)-[t:STOPS_AT:code]->(s:Station:name)::s.name\determ t.code,40675,3370.1125461254614,0.0002961786926530165,542,1826601
$S_\text{Ts-1}$,Memgraph,denormalized,(beggc)-[s:STOPS_AT:stopid]->(cffef)::s.stopid\determ s,1,1.0,1.0,1826601,1826601
$S_\text{Ts-1}$,Memgraph,denormalized,"(x:TrainService:date&number&operator)-[bdaad:STOPS_AT]->(caeaf)::x.number,x.date\determ x.operator",61,9.482481869292785,0.10545713347202453,192629,1826601
$S_\text{Ts-1}$,Memgraph,denormalized,(x:TrainService:serviceid)::x.serviceid\determ x,1,1.0,1.0,193637,193637
$S_\text{Ts-1}$,Memgraph,denormalized,"(ceafb)-[s:STOPS_AT:departure&stopid]->(st)::s.stopid,s.departure\determ st",1,1.0,1.0,1826601,1826601
$S_\text{Ts-1}$,Memgraph,denormalized,"(ts:TrainService:date&number&type)::ts.number,ts.date\determ ts.type",3,1.0052328569426203,0.9947943564213266,192629,193637
$S_\text{Ts-1}$,Memgraph,all,"(x2:Tsdatetsnumbertsoperator:Tsoperator&Tsdate&Tsnumber)::x2.Tsdate,x2.Tsnumber\determ x2",1,1.0,1.0,192629,192629
$S_\text{Ts-1}$,Memgraph,all,"(x6:Tsdatetsnumbertstype:Tsdate&Tsnumber&Tstype)::x6.Tsdate,x6.Tsnumber\determ x6",1,1.0,1.0,192629,192629
$S_\text{Ts-1}$,Memgraph,all,(x7:Snametcode:Tcode&Sname)::x7.Sname\determ x7,1,1.0,1.0,542,542
$S_\text{Ts-1}$,Memgraph,all,(x0:Tstopid:S&Tstopid)::x0.Tstopid\determ x0,1,1.0,1.0,1632800,1632800
$S_\text{Ts-1}$,Memgraph,denormalized,"(x:TrainService:date&number&operator)-[gdfda:STOPS_AT]->(fggga)::x.date,x.number\determ x.operator",61,9.482481869292785,0.10545713347202453,192629,1826601
$S_\text{Ts-1}$,Memgraph,denormalized,(bcafb)-[s:STOPS_AT:stopid]->(ebadc)::s.stopid\determ s,1,1.0,1.0,1826601,1826601
$S_\text{Ts-1}$,Memgraph,denormalized,(dfggb)-[t:STOPS_AT:code]->(s:Station:name)::s.name\determ t.code,40675,3370.1125461254614,0.0002961786926530165,542,1826601
$S_\text{Ts-1}$,Memgraph,denormalized,"(ffdae)-[s:STOPS_AT:departure&stopid]->(st)::s.stopid,s.departure\determ st",1,1.0,1.0,1826601,1826601
$S_\text{Ts-1}$,Memgraph,denormalized,(x:TrainService:serviceid)::x.serviceid\determ x,1,1.0,1.0,193637,193637
$S_\text{Ts-1}$,Memgraph,denormalized,"(ts:TrainService:date&number&type)::ts.number,ts.date\determ ts.type",3,1.0052328569426203,0.9947943564213266,192629,193637
$S_\text{Ts-1}$,Memgraph,node-left,"(x3:Tsdatetsnumbertsoperator:Tsoperator&Tsdate&Tsnumber)::x3.Tsdate,x3.Tsnumber\determ x3",1,1.0,1.0,192629,192629
$S_\text{Ts-1}$,Memgraph,node-left,(x4:Snametcode:Tcode&Sname)::x4.Sname\determ x4,1,1.0,1.0,542,542
$S_\text{Ts-1}$,Memgraph,node-left,"(x1:Tsdatetsnumbertstype:Tsdate&Tstype&Tsnumber)::x1.Tsdate,x1.Tsnumber\determ x1",1,1.0,1.0,192629,192629
$S_\text{Ts-1}$,Memgraph,denormalized,"(x:TrainService:date&number&operator)-[fafge:STOPS_AT]->(gdabf)::x.number,x.date\determ x.operator",61,9.482481869292785,0.10545713347202453,192629,1826601
$S_\text{Ts-1}$,Memgraph,denormalized,(gfeec)-[t:STOPS_AT:code]->(s:Station:name)::s.name\determ t.code,40675,3370.1125461254614,0.0002961786926530165,542,1826601
$S_\text{Ts-1}$,Memgraph,denormalized,(dgcfg)-[s:STOPS_AT:stopid]->(abfaa)::s.stopid\determ s,1,1.0,1.0,1826601,1826601
$S_\text{Ts-1}$,Memgraph,denormalized,(x:TrainService:serviceid)::x.serviceid\determ x,1,1.0,1.0,193637,193637
$S_\text{Ts-1}$,Memgraph,denormalized,"(gfccb)-[s:STOPS_AT:departure&stopid]->(st)::s.stopid,s.departure\determ st",1,1.0,1.0,1826601,1826601
$S_\text{Ts-1}$,Memgraph,denormalized,"(ts:TrainService:date&number&type)::ts.number,ts.date\determ ts.type",3,1.0052328569426203,0.9947943564213266,192629,193637
$S_\text{Ts-1}$,Memgraph,edge-left,(x0:Tstopid:S&Tstopid)::x0.Tstopid\determ x0,1,1.0,1.0,1632800,1632800
$S_\text{Ts-2}$,Memgraph,denormalized,"(geafg)-[s:STOPS_AT:departure&stopid]->(st)::s.stopid,s.departure\determ st",1,1.0,1.0,1826601,1826601
$S_\text{Ts-2}$,Memgraph,denormalized,"(ts:TrainService:date&number&type)::ts.date,ts.number\determ ts.type",3,1.0052328569426203,0.9947943564213266,192629,193637
$S_\text{Ts-2}$,Memgraph,denormalized,(dbggf)-[t:STOPS_AT:code]->(s:Station:name)::s.name\determ t.code,40675,3370.1125461254614,0.0002961786926530165,542,1826601
$S_\text{Ts-2}$,Memgraph,denormalized,(ebbcf)-[t:STOPS_AT:code]->(s:Station:name)::t.code\determ s.name,40675,3370.1125461254614,0.0002961786926530165,542,1826601
$S_\text{Ts-2}$,Memgraph,denormalized,(x:TrainService:serviceid)::x.serviceid\determ x,1,1.0,1.0,193637,193637
$S_\text{Ts-2}$,Memgraph,denormalized,(bfbdg)-[s:STOPS_AT:stopid]->(fefba)::s.stopid\determ s,1,1.0,1.0,1826601,1826601
$S_\text{Ts-2}$,Memgraph,denormalized,"(x:TrainService:date&number&operator)-[edadg:STOPS_AT]->(dgbbb)::x.date,x.number\determ x.operator",61,9.482481869292785,0.10545713347202453,192629,1826601
$S_\text{Ts-2}$,Memgraph,all,(x1:Snametcode:Tcode&Sname)::x1.Sname\determ x1,1,1.0,1.0,542,542
$S_\text{Ts-2}$,Memgraph,all,(x4:Snametcode:Tcode&Sname)::x4.Tcode\determ x4,1,1.0,1.0,542,542
$S_\text{Ts-2}$,Memgraph,all,"(x8:Tsdatetsnumbertsoperator:Tsoperator&Tsdate&Tsnumber)::x8.Tsdate,x8.Tsnumber\determ x8",1,1.0,1.0,192629,192629
$S_\text{Ts-2}$,Memgraph,all,"(x6:Tsdatetsnumbertstype:Tsdate&Tstype&Tsnumber)::x6.Tsdate,x6.Tsnumber\determ x6",1,1.0,1.0,192629,192629
$S_\text{Ts-2}$,Memgraph,all,(x0:Tstopid:S&Tstopid)::x0.Tstopid\determ x0,1,1.0,1.0,1632800,1632800
$S_\text{Ts-2}$,Memgraph,denormalized,(gbbdb)-[t:STOPS_AT:code]->(s:Station:name)::s.name\determ t.code,40675,3370.1125461254614,0.0002961786926530165,542,1826601
$S_\text{Ts-2}$,Memgraph,denormalized,(ggcde)-[t:STOPS_AT:code]->(s:Station:name)::t.code\determ s.name,40675,3370.1125461254614,0.0002961786926530165,542,1826601
$S_\text{Ts-2}$,Memgraph,denormalized,"(ts:TrainService:date&number&type)::ts.date,ts.number\determ ts.type",3,1.0052328569426203,0.9947943564213266,192629,193637
$S_\text{Ts-2}$,Memgraph,denormalized,"(x:TrainService:date&number&operator)-[gdcag:STOPS_AT]->(gdecd)::x.date,x.number\determ x.operator",61,9.482481869292785,0.10545713347202453,192629,1826601
$S_\text{Ts-2}$,Memgraph,denormalized,"(gabfe)-[s:STOPS_AT:departure&stopid]->(st)::s.departure,s.stopid\determ st",1,1.0,1.0,1826601,1826601
$S_\text{Ts-2}$,Memgraph,denormalized,(x:TrainService:serviceid)::x.serviceid\determ x,1,1.0,1.0,193637,193637
$S_\text{Ts-2}$,Memgraph,denormalized,(faedb)-[s:STOPS_AT:stopid]->(gcbfa)::s.stopid\determ s,1,1.0,1.0,1826601,1826601
$S_\text{Ts-2}$,Memgraph,node-left,"(x2:Tsdatetsnumbertstype:Tsdate&Tstype&Tsnumber)::x2.Tsdate,x2.Tsnumber\determ x2",1,1.0,1.0,192629,192629
$S_\text{Ts-2}$,Memgraph,node-left,"(x4:Tsdatetsnumbertsoperator:Tsoperator&Tsdate&Tsnumber)::x4.Tsnumber,x4.Tsdate\determ x4",1,1.0,1.0,192629,192629
$S_\text{Ts-2}$,Memgraph,node-left,(x0:Snametcode:Tcode&Sname)::x0.Sname\determ x0,1,1.0,1.0,542,542
$S_\text{Ts-2}$,Memgraph,denormalized,"(x:TrainService:date&number&operator)-[bcegb:STOPS_AT]->(ecdbg)::x.number,x.date\determ x.operator",61,9.482481869292785,0.10545713347202453,192629,1826601
$S_\text{Ts-2}$,Memgraph,denormalized,"(ts:TrainService:date&number&type)::ts.date,ts.number\determ ts.type",3,1.0052328569426203,0.9947943564213266,192629,193637
$S_\text{Ts-2}$,Memgraph,denormalized,(aefaa)-[s:STOPS_AT:stopid]->(bfccg)::s.stopid\determ s,1,1.0,1.0,1826601,1826601
$S_\text{Ts-2}$,Memgraph,denormalized,(x:TrainService:serviceid)::x.serviceid\determ x,1,1.0,1.0,193637,193637
$S_\text{Ts-2}$,Memgraph,denormalized,(cgafg)-[t:STOPS_AT:code]->(s:Station:name)::t.code\determ s.name,40675,3370.1125461254614,0.0002961786926530165,542,1826601
$S_\text{Ts-2}$,Memgraph,denormalized,"(fceed)-[s:STOPS_AT:departure&stopid]->(st)::s.stopid,s.departure\determ st",1,1.0,1.0,1826601,1826601
$S_\text{Ts-2}$,Memgraph,denormalized,(bfabf)-[t:STOPS_AT:code]->(s:Station:name)::s.name\determ t.code,40675,3370.1125461254614,0.0002961786926530165,542,1826601
$S_\text{Ts-2}$,Memgraph,edge-left,(x0:Tstopid:S&Tstopid)::x0.Tstopid\determ x0,1,1.0,1.0,1632800,1632800
$S_\text{Ts-2}$,Memgraph,edge-left,(x1:Snametcode:Tcode&Sname)::x1.Tcode\determ x1,1,1.0,1.0,542,542
$S_\text{Off-1}$,Memgraph,denormalized,(e:Entity:country_codes&service_provider&countries)::e.country_codes\determ e.countries,309353,738.9691470054446,0.0013556940994151113,1105,814344
$S_\text{Off-1}$,Memgraph,denormalized,(e:Entity:country_codes&service_provider&countries)::e.countries\determ e.country_codes,309353,738.2991840435177,0.0013556940994151113,1105,814344
$S_\text{Off-1}$,Memgraph,denormalized,"(e:Entity:jurisdiction_description&countries&country_codes)::e.jurisdiction_description,e.countries\determ e.country_codes",175938,361.93066666666664,0.0027617355340440086,2250,814344
$S_\text{Off-1}$,Memgraph,all,(x1:EcountriesecountryCodes:Ecountries&EcountryCodes)::x1.Ecountries\determ x1,1,1.0,1.0,858,858
$S_\text{Off-1}$,Memgraph,all,(x3:EcountriesecountryCodes:Ecountries&EcountryCodes)::x3.EcountryCodes\determ x3,1,1.0,1.0,858,858
$S_\text{Off-1}$,Memgraph,denormalized,(e:Entity:country_codes&service_provider&countries)::e.country_codes\determ e.countries,309353,738.9691470054446,0.0013556940994151113,1105,814344
$S_\text{Off-1}$,Memgraph,denormalized,"(e:Entity:jurisdiction_description&countries&country_codes)::e.countries,e.jurisdiction_description\determ e.country_codes",175938,361.93066666666664,0.0027617355340440086,2250,814344
$S_\text{Off-1}$,Memgraph,denormalized,(e:Entity:country_codes&service_provider&countries)::e.countries\determ e.country_codes,309353,738.2991840435177,0.0013556940994151113,1105,814344
$S_\text{Off-1}$,Memgraph,node-left,(x1:EcountriesecountryCodes:Ecountries&EcountryCodes)::x1.Ecountries\determ x1,1,1.0,1.0,858,858
$S_\text{Off-1}$,Memgraph,node-left,(x3:EcountriesecountryCodes:Ecountries&EcountryCodes)::x3.EcountryCodes\determ x3,1,1.0,1.0,858,858
$S_\text{Off-1}$,Memgraph,denormalized,(e:Entity:country_codes&service_provider&countries)::e.country_codes\determ e.countries,309353,738.9691470054446,0.0013556940994151113,1105,814344
$S_\text{Off-1}$,Memgraph,denormalized,(e:Entity:country_codes&service_provider&countries)::e.countries\determ e.country_codes,309353,738.2991840435177,0.0013556940994151113,1105,814344
$S_\text{Off-1}$,Memgraph,denormalized,"(e:Entity:jurisdiction_description&countries&country_codes)::e.jurisdiction_description,e.countries\determ e.country_codes",175938,361.93066666666664,0.0027617355340440086,2250,814344
$S_\text{Off-1}$,Memgraph,edge-left,(e:Entity:jurisdiction_description&service_provider&countries&country_codes)::e.country_codes\determ e.countries,309353,738.9691470054446,0.0013556940994151113,1105,814344
$S_\text{Off-1}$,Memgraph,edge-left,(e:Entity:jurisdiction_description&service_provider&countries&country_codes)::e.countries\determ e.country_codes,309353,738.2991840435177,0.0013556940994151113,1105,814344
$S_\text{Off-2}$,Memgraph,denormalized,"(e:Entity:jurisdiction_description&countries&country_codes)::e.countries,e.jurisdiction_description\determ e.country_codes",175938,361.93066666666664,0.0027617355340440086,2250,814344
$S_\text{Off-2}$,Memgraph,denormalized,"(e:Entity:valid_until&countries&country_codes)::e.valid_until,e.countries\determ e.country_codes",175888,543.6208277703605,0.001838291727196034,1498,814344
$S_\text{Off-2}$,Memgraph,denormalized,"(e:Entity:country_codes&sourceID&countries)::e.sourceID,e.countries\determ e.country_codes",175888,558.5349794238683,0.0017891723757679503,1458,814344
$S_\text{Off-2}$,Memgraph,denormalized,"(e:Entity:country_codes&sourceID&countries)::e.country_codes,e.sourceID\determ e.countries",175888,558.5349794238683,0.0017891723757679503,1458,814344
$S_\text{Off-2}$,Memgraph,denormalized,"(e:Entity:valid_until&countries&country_codes)::e.valid_until,e.country_codes\determ e.countries",175888,543.6208277703605,0.001838291727196034,1498,814344
$S_\text{Off-2}$,Memgraph,all,"(x9:EcountriesecountryCodesevalidUntil:Ecountries&EvalidUntil&EcountryCodes)::x9.EvalidUntil,x9.EcountryCodes\determ x9",1,1.0,1.0,1455,1455
$S_\text{Off-2}$,Memgraph,all,"(x5:EcountriesecountryCodesejurisdictionDescription:Ecountries&EcountryCodes&EjurisdictionDescription)::x5.Ecountries,x5.EjurisdictionDescription\determ x5",1,1.0,1.0,2185,2185
$S_\text{Off-2}$,Memgraph,all,"(x7:EcountriesecountryCodesesourceID:EsourceID&Ecountries&EcountryCodes)::x7.EsourceID,x7.EcountryCodes\determ x7",1,1.0,1.0,1439,1439
$S_\text{Off-2}$,Memgraph,all,"(x3:EcountriesecountryCodesevalidUntil:Ecountries&EvalidUntil&EcountryCodes)::x3.Ecountries,x3.EvalidUntil\determ x3",1,1.0,1.0,1455,1455
$S_\text{Off-2}$,Memgraph,all,"(x1:EcountriesecountryCodesesourceID:Ecountries&EcountryCodes&EsourceID)::x1.Ecountries,x1.EsourceID\determ x1",1,1.0,1.0,1439,1439
$S_\text{Off-2}$,Memgraph,denormalized,"(e:Entity:jurisdiction_description&countries&country_codes)::e.countries,e.jurisdiction_description\determ e.country_codes",175938,361.93066666666664,0.0027617355340440086,2250,814344
$S_\text{Off-2}$,Memgraph,denormalized,"(e:Entity:country_codes&sourceID&countries)::e.countries,e.sourceID\determ e.country_codes",175888,558.5349794238683,0.0017891723757679503,1458,814344
$S_\text{Off-2}$,Memgraph,denormalized,"(e:Entity:valid_until&countries&country_codes)::e.countries,e.valid_until\determ e.country_codes",175888,543.6208277703605,0.001838291727196034,1498,814344
$S_\text{Off-2}$,Memgraph,denormalized,"(e:Entity:country_codes&sourceID&countries)::e.sourceID,e.country_codes\determ e.countries",175888,558.5349794238683,0.0017891723757679503,1458,814344
$S_\text{Off-2}$,Memgraph,denormalized,"(e:Entity:valid_until&countries&country_codes)::e.valid_until,e.country_codes\determ e.countries",175888,543.6208277703605,0.001838291727196034,1498,814344
$S_\text{Off-2}$,Memgraph,node-left,"(x9:EcountriesecountryCodesevalidUntil:Ecountries&EvalidUntil&EcountryCodes)::x9.EvalidUntil,x9.EcountryCodes\determ x9",1,1.0,1.0,1455,1455
$S_\text{Off-2}$,Memgraph,node-left,"(x1:EcountriesecountryCodesesourceID:EsourceID&Ecountries&EcountryCodes)::x1.Ecountries,x1.EsourceID\determ x1",1,1.0,1.0,1439,1439
$S_\text{Off-2}$,Memgraph,node-left,"(x7:EcountriesecountryCodesesourceID:EsourceID&Ecountries&EcountryCodes)::x7.EcountryCodes,x7.EsourceID\determ x7",1,1.0,1.0,1439,1439
$S_\text{Off-2}$,Memgraph,node-left,"(x3:EcountriesecountryCodesejurisdictionDescription:Ecountries&EcountryCodes&EjurisdictionDescription)::x3.EjurisdictionDescription,x3.Ecountries\determ x3",1,1.0,1.0,2185,2185
$S_\text{Off-2}$,Memgraph,node-left,"(x5:EcountriesecountryCodesevalidUntil:Ecountries&EvalidUntil&EcountryCodes)::x5.EvalidUntil,x5.Ecountries\determ x5",1,1.0,1.0,1455,1455
$S_\text{Off-2}$,Memgraph,denormalized,"(e:Entity:jurisdiction_description&countries&country_codes)::e.jurisdiction_description,e.countries\determ e.country_codes",175938,361.93066666666664,0.0027617355340440086,2250,814344
$S_\text{Off-2}$,Memgraph,denormalized,"(e:Entity:valid_until&countries&country_codes)::e.countries,e.valid_until\determ e.country_codes",175888,543.6208277703605,0.001838291727196034,1498,814344
$S_\text{Off-2}$,Memgraph,denormalized,"(e:Entity:country_codes&sourceID&countries)::e.sourceID,e.country_codes\determ e.countries",175888,558.5349794238683,0.0017891723757679503,1458,814344
$S_\text{Off-2}$,Memgraph,denormalized,"(e:Entity:country_codes&sourceID&countries)::e.sourceID,e.countries\determ e.country_codes",175888,558.5349794238683,0.0017891723757679503,1458,814344
$S_\text{Off-2}$,Memgraph,denormalized,"(e:Entity:valid_until&countries&country_codes)::e.country_codes,e.valid_until\determ e.countries",175888,543.6208277703605,0.001838291727196034,1498,814344
$S_\text{Off-2}$,Memgraph,edge-left,"(e:Entity:country_codes&jurisdiction_description&valid_until&sourceID&countries)::e.country_codes,e.sourceID\determ e.countries",175888,558.5349794238683,0.0017891723757679503,1458,814344
$S_\text{Off-2}$,Memgraph,edge-left,"(e:Entity:country_codes&jurisdiction_description&valid_until&sourceID&countries)::e.valid_until,e.country_codes\determ e.countries",175888,543.6208277703605,0.001838291727196034,1498,814344
$S_\text{Off-2}$,Memgraph,edge-left,"(e:Entity:country_codes&jurisdiction_description&valid_until&sourceID&countries)::e.jurisdiction_description,e.countries\determ e.country_codes",175938,361.93066666666664,0.0027617355340440086,2250,814344
$S_\text{Off-2}$,Memgraph,edge-left,"(e:Entity:country_codes&jurisdiction_description&valid_until&sourceID&countries)::e.sourceID,e.countries\determ e.country_codes",175888,558.5349794238683,0.0017891723757679503,1458,814344
$S_\text{Off-2}$,Memgraph,edge-left,"(e:Entity:country_codes&jurisdiction_description&valid_until&sourceID&countries)::e.valid_until,e.countries\determ e.country_codes",175888,543.6208277703605,0.001838291727196034,1498,814344
$S_\text{Off-3}$,Memgraph,denormalized,(e:Entity:valid_until&service_provider&sourceID)::e.sourceID\determ e.valid_until,213634,37015.63636363636,0.0002087572435693559,171,814344
$S_\text{Off-3}$,Memgraph,denormalized,"(e:Entity:jurisdiction_description&countries&country_codes)::e.jurisdiction_description,e.countries\determ e.country_codes",175938,361.93066666666664,0.0027617355340440086,2250,814344
$S_\text{Off-3}$,Memgraph,denormalized,(e:Entity:country_codes&service_provider&countries)::e.countries\determ e.country_codes,309353,738.2991840435177,0.0013556940994151113,1105,814344
$S_\text{Off-3}$,Memgraph,denormalized,"(e:Entity:valid_until&countries&country_codes)::e.countries,e.valid_until\determ e.country_codes",175888,543.6208277703605,0.001838291727196034,1498,814344
$S_\text{Off-3}$,Memgraph,denormalized,"(e:Entity:valid_until&service_provider&sourceID)::e.service_provider\determ e.valid_until,e.sourceID",470258,162868.8,0.000209985227355058,172,814344
$S_\text{Off-3}$,Memgraph,denormalized,(e:Entity:valid_until&service_provider&sourceID)::e.valid_until\determ e.sourceID,213634,12528.36923076923,0.0002087572435693559,171,814344
$S_\text{Off-3}$,Memgraph,denormalized,(e:Entity:country_codes&service_provider&countries)::e.country_codes\determ e.countries,309353,738.9691470054446,0.0013556940994151113,1105,814344
$S_\text{Off-3}$,Memgraph,denormalized,"(e:Entity:country_codes&sourceID&countries)::e.sourceID,e.countries\determ e.country_codes",175888,558.5349794238683,0.0017891723757679503,1458,814344
$S_\text{Off-3}$,Memgraph,denormalized,"(e:Entity:country_codes&sourceID&countries)::e.country_codes,e.sourceID\determ e.countries",175888,558.5349794238683,0.0017891723757679503,1458,814344
$S_\text{Off-3}$,Memgraph,denormalized,"(e:Entity:valid_until&countries&country_codes)::e.valid_until,e.country_codes\determ e.countries",175888,543.6208277703605,0.001838291727196034,1498,814344
$S_\text{Off-3}$,Memgraph,all,(x7:EsourceIDevalidUntil:EsourceID&EvalidUntil)::x7.EvalidUntil\determ x7,1,1.0,1.0,3,3
$S_\text{Off-3}$,Memgraph,all,(x1:EcountriesecountryCodes:Ecountries&EcountryCodes)::x1.EcountryCodes\determ x1,1,1.0,1.0,858,858
$S_\text{Off-3}$,Memgraph,all,(x3:EsourceIDevalidUntil:EsourceID&EvalidUntil)::x3.EsourceID\determ x3,1,1.0,1.0,3,3
$S_\text{Off-3}$,Memgraph,all,(x9:EcountriesecountryCodes:Ecountries&EcountryCodes)::x9.Ecountries\determ x9,1,1.0,1.0,858,858
$S_\text{Off-3}$,Memgraph,all,(x5:EserviceProvideresourceID:EsourceID&EserviceProvider)::x5.EserviceProvider\determ x5,1,1.0,1.0,4,4
$S_\text{Off-3}$,Memgraph,denormalized,(e:Entity:valid_until&service_provider&sourceID)::e.sourceID\determ e.valid_until,213634,37015.63636363636,0.0002087572435693559,171,814344
$S_\text{Off-3}$,Memgraph,denormalized,"(e:Entity:jurisdiction_description&countries&country_codes)::e.jurisdiction_description,e.countries\determ e.country_codes",175938,361.93066666666664,0.0027617355340440086,2250,814344
$S_\text{Off-3}$,Memgraph,denormalized,(e:Entity:country_codes&service_provider&countries)::e.countries\determ e.country_codes,309353,738.2991840435177,0.0013556940994151113,1105,814344
$S_\text{Off-3}$,Memgraph,denormalized,"(e:Entity:country_codes&sourceID&countries)::e.countries,e.sourceID\determ e.country_codes",175888,558.5349794238683,0.0017891723757679503,1458,814344
$S_\text{Off-3}$,Memgraph,denormalized,"(e:Entity:valid_until&countries&country_codes)::e.countries,e.valid_until\determ e.country_codes",175888,543.6208277703605,0.001838291727196034,1498,814344
$S_\text{Off-3}$,Memgraph,denormalized,(e:Entity:valid_until&service_provider&sourceID)::e.valid_until\determ e.sourceID,213634,12528.36923076923,0.0002087572435693559,171,814344
$S_\text{Off-3}$,Memgraph,denormalized,(e:Entity:country_codes&service_provider&countries)::e.country_codes\determ e.countries,309353,738.9691470054446,0.0013556940994151113,1105,814344
$S_\text{Off-3}$,Memgraph,denormalized,"(e:Entity:valid_until&service_provider&sourceID)::e.service_provider\determ e.valid_until,e.sourceID",470258,162868.8,0.000209985227355058,172,814344
$S_\text{Off-3}$,Memgraph,denormalized,"(e:Entity:country_codes&sourceID&countries)::e.country_codes,e.sourceID\determ e.countries",175888,558.5349794238683,0.0017891723757679503,1458,814344
$S_\text{Off-3}$,Memgraph,denormalized,"(e:Entity:valid_until&countries&country_codes)::e.country_codes,e.valid_until\determ e.countries",175888,543.6208277703605,0.001838291727196034,1498,814344
$S_\text{Off-3}$,Memgraph,node-left,(x7:EsourceIDevalidUntil:EsourceID&EvalidUntil)::x7.EvalidUntil\determ x7,1,1.0,1.0,3,3
$S_\text{Off-3}$,Memgraph,node-left,(x1:EcountriesecountryCodes:Ecountries&EcountryCodes)::x1.EcountryCodes\determ x1,1,1.0,1.0,858,858
$S_\text{Off-3}$,Memgraph,node-left,(x3:EsourceIDevalidUntil:EsourceID&EvalidUntil)::x3.EsourceID\determ x3,1,1.0,1.0,3,3
$S_\text{Off-3}$,Memgraph,node-left,(x9:EcountriesecountryCodes:Ecountries&EcountryCodes)::x9.Ecountries\determ x9,1,1.0,1.0,858,858
$S_\text{Off-3}$,Memgraph,node-left,(x5:EserviceProvideresourceID:EsourceID&EserviceProvider)::x5.EserviceProvider\determ x5,1,1.0,1.0,4,4
$S_\text{Off-3}$,Memgraph,denormalized,"(e:Entity:valid_until&countries&country_codes)::e.valid_until,e.countries\determ e.country_codes",175888,543.6208277703605,0.001838291727196034,1498,814344
$S_\text{Off-3}$,Memgraph,denormalized,(e:Entity:valid_until&service_provider&sourceID)::e.sourceID\determ e.valid_until,213634,37015.63636363636,0.0002087572435693559,171,814344
$S_\text{Off-3}$,Memgraph,denormalized,"(e:Entity:jurisdiction_description&countries&country_codes)::e.jurisdiction_description,e.countries\determ e.country_codes",175938,361.93066666666664,0.0027617355340440086,2250,814344
$S_\text{Off-3}$,Memgraph,denormalized,(e:Entity:country_codes&service_provider&countries)::e.countries\determ e.country_codes,309353,738.2991840435177,0.0013556940994151113,1105,814344
$S_\text{Off-3}$,Memgraph,denormalized,"(e:Entity:valid_until&service_provider&sourceID)::e.service_provider\determ e.valid_until,e.sourceID",470258,162868.8,0.000209985227355058,172,814344
$S_\text{Off-3}$,Memgraph,denormalized,"(e:Entity:country_codes&sourceID&countries)::e.sourceID,e.country_codes\determ e.countries",175888,558.5349794238683,0.0017891723757679503,1458,814344
$S_\text{Off-3}$,Memgraph,denormalized,(e:Entity:valid_until&service_provider&sourceID)::e.valid_until\determ e.sourceID,213634,12528.36923076923,0.0002087572435693559,171,814344
$S_\text{Off-3}$,Memgraph,denormalized,(e:Entity:country_codes&service_provider&countries)::e.country_codes\determ e.countries,309353,738.9691470054446,0.0013556940994151113,1105,814344
$S_\text{Off-3}$,Memgraph,denormalized,"(e:Entity:country_codes&sourceID&countries)::e.sourceID,e.countries\determ e.country_codes",175888,558.5349794238683,0.0017891723757679503,1458,814344
$S_\text{Off-3}$,Memgraph,denormalized,"(e:Entity:valid_until&countries&country_codes)::e.country_codes,e.valid_until\determ e.countries",175888,543.6208277703605,0.001838291727196034,1498,814344
$S_\text{Off-3}$,Memgraph,edge-left,(e:Entity:country_codes&service_provider&jurisdiction_description&valid_until&sourceID&countries)::e.countries\determ e.country_codes,309353,738.2991840435177,0.0013556940994151113,1105,814344
$S_\text{Off-3}$,Memgraph,edge-left,(e:Entity:country_codes&service_provider&jurisdiction_description&valid_until&sourceID&countries)::e.valid_until\determ e.sourceID,213634,12528.36923076923,0.0002087572435693559,171,814344
$S_\text{Off-3}$,Memgraph,edge-left,(e:Entity:country_codes&service_provider&jurisdiction_description&valid_until&sourceID&countries)::e.service_provider\determ e.sourceID,470258,162868.8,2.7015643285446058e-05,23,814344
$S_\text{Off-3}$,Memgraph,edge-left,(e:Entity:country_codes&service_provider&jurisdiction_description&valid_until&sourceID&countries)::e.sourceID\determ e.valid_until,213634,37015.63636363636,0.0002087572435693559,171,814344
$S_\text{Off-3}$,Memgraph,edge-left,(e:Entity:country_codes&service_provider&jurisdiction_description&valid_until&sourceID&countries)::e.country_codes\determ e.countries,309353,738.9691470054446,0.0013556940994151113,1105,814344
$S_\text{Uni-1}$,Memgraph,denormalized,(c:Course)<-[t:TEACHES:usingBook]-(cfaac)::c\determ t.usingBook,3,3.0,0.0,1,3
$S_\text{Uni-1}$,Memgraph,all,(c:Course:TusingBook)::c\determ c.TusingBook,1,1.0,1.0,1,1
$S_\text{Uni-1}$,Memgraph,denormalized,(c:Course)<-[t:TEACHES:usingBook]-(ccffc)::c\determ t.usingBook,3,3.0,0.0,1,3
$S_\text{Uni-1}$,Memgraph,node-left,(c:Course:TusingBook)::c\determ c.TusingBook,1,1.0,1.0,1,1
$S_\text{Uni-1}$,Memgraph,denormalized,(c:Course)<-[t:TEACHES:usingBook]-(dbbec)::c\determ t.usingBook,3,3.0,0.0,1,3
$S_\text{Uni-1}$,Memgraph,edge-left,(c:Course)<-[t:TEACHES:usingBook]-(dbacb)::c\determ t.usingBook,3,3.0,0.0,1,3
$S_\text{Uni-2}$,Memgraph,denormalized,(c:Course:title)<-[t:TEACHES:usingBook]-(cccba)::c.title\determ t.usingBook,3,3.0,0.0,1,3
$S_\text{Uni-2}$,Memgraph,all,(x0:CtitletusingBook:TusingBook&Ctitle)::x0.Ctitle\determ x0,1,1.0,1.0,1,1
$S_\text{Uni-2}$,Memgraph,denormalized,(c:Course:title)<-[t:TEACHES:usingBook]-(cfgeg)::c.title\determ t.usingBook,3,3.0,0.0,1,3
$S_\text{Uni-2}$,Memgraph,node-left,(x0:CtitletusingBook:TusingBook&Ctitle)::x0.Ctitle\determ x0,1,1.0,1.0,1,1
$S_\text{Uni-2}$,Memgraph,denormalized,(c:Course:title)<-[t:TEACHES:usingBook]-(agcbf)::c.title\determ t.usingBook,3,3.0,0.0,1,3
$S_\text{Uni-2}$,Memgraph,edge-left,(c:Course:title)<-[t:TEACHES:usingBook]-(cagdb)::c.title\determ t.usingBook,3,3.0,0.0,1,3
$S_\text{No-1}$,Memgraph,denormalized,(e:Event:name&company)::e.name\determ e.company,2,2.0,0.0,1,2
$S_\text{No-1}$,Memgraph,denormalized,"(e:Event:name&time&venue)::e.time,e.name\determ e.venue",1,1.0,1.0,2,2
$S_\text{No-1}$,Memgraph,denormalized,"(e:Event:name&time&venue)::e.venue,e.time\determ e.name",1,1.0,1.0,2,2
$S_\text{No-1}$,Memgraph,denormalized,"(e:Event:time&company)::e.company,e.time\determ e",1,1.0,1.0,2,2
$S_\text{No-1}$,Memgraph,all,(x5:Ecompanyename:Ename&Ecompany)::x5.Ename\determ x5,1,1.0,1.0,1,1
$S_\text{No-1}$,Memgraph,all,"(x3:Enameetimeevenue:Ename&Evenue&Etime)::x3.Ename,x3.Etime\determ x3",1,1.0,1.0,2,2
$S_\text{No-1}$,Memgraph,all,"(x7:Enameetimeevenue:Ename&Evenue&Etime)::x7.Etime,x7.Evenue\determ x7",1,1.0,1.0,2,2
$S_\text{No-1}$,Memgraph,denormalized,(e:Event:name&company)::e.name\determ e.company,2,2.0,0.0,1,2
$S_\text{No-1}$,Memgraph,denormalized,"(e:Event:name&time&venue)::e.time,e.name\determ e.venue",1,1.0,1.0,2,2
$S_\text{No-1}$,Memgraph,denormalized,"(e:Event:name&time&venue)::e.time,e.venue\determ e.name",1,1.0,1.0,2,2
$S_\text{No-1}$,Memgraph,denormalized,"(e:Event:time&company)::e.time,e.company\determ e",1,1.0,1.0,2,2
$S_\text{No-1}$,Memgraph,node-left,"(x1:Enameetimeevenue:Ename&Evenue&Etime)::x1.Evenue,x1.Etime\determ x1",1,1.0,1.0,2,2
$S_\text{No-1}$,Memgraph,node-left,(x5:Ecompanyename:Ename&Ecompany)::x5.Ename\determ x5,1,1.0,1.0,1,1
$S_\text{No-1}$,Memgraph,node-left,"(x3:Enameetimeevenue:Ename&Evenue&Etime)::x3.Etime,x3.Ename\determ x3",1,1.0,1.0,2,2
$S_\text{No-1}$,Memgraph,denormalized,(e:Event:name&company)::e.name\determ e.company,2,2.0,0.0,1,2
$S_\text{No-1}$,Memgraph,denormalized,"(e:Event:name&time&venue)::e.venue,e.time\determ e.name",1,1.0,1.0,2,2
$S_\text{No-1}$,Memgraph,denormalized,"(e:Event:time&company)::e.company,e.time\determ e",1,1.0,1.0,2,2
$S_\text{No-1}$,Memgraph,denormalized,"(e:Event:name&time&venue)::e.name,e.time\determ e.venue",1,1.0,1.0,2,2
$S_\text{No-1}$,Memgraph,edge-left,"(e:Event:name&time&venue&company)::e.venue,e.time\determ e.name",1,1.0,1.0,2,2
$S_\text{No-1}$,Memgraph,edge-left,(e:Event:name&time&venue&company)::e.name\determ e.company,2,2.0,0.0,1,2
$S_\text{No-1}$,Memgraph,edge-left,"(e:Event:name&time&venue&company)::e.name,e.time\determ e.venue",1,1.0,1.0,2,2
$S_\text{No-1}$,Memgraph,edge-left,"(e:Event:name&time&venue&company)::e.company,e.time\determ e",1,1.0,1.0,2,2
$S_\text{No-2}$,Memgraph,denormalized,(e:Event:name&company)::e.name\determ e.company,2,2.0,0.0,1,2
$S_\text{No-2}$,Memgraph,denormalized,"(e:Event:name&time&venue)::e.time,e.name\determ e.venue",1,1.0,1.0,2,2
$S_\text{No-2}$,Memgraph,denormalized,"(e:Event:time&venue&company)::e.company,e.time\determ e.venue",1,1.0,1.0,2,2
$S_\text{No-2}$,Memgraph,denormalized,"(e:Event:name&time&venue)::e.venue,e.time\determ e.name",1,1.0,1.0,2,2
$S_\text{No-2}$,Memgraph,all,"(x3:Ecompanyetimeevenue:Evenue&Etime&Ecompany)::x3.Etime,x3.Ecompany\determ x3",1,1.0,1.0,2,2
$S_\text{No-2}$,Memgraph,all,"(x1:Enameetimeevenue:Ename&Evenue&Etime)::x1.Evenue,x1.Etime\determ x1",1,1.0,1.0,2,2
$S_\text{No-2}$,Memgraph,all,(x5:Ecompanyename:Ename&Ecompany)::x5.Ename\determ x5,1,1.0,1.0,1,1
$S_\text{No-2}$,Memgraph,all,"(x7:Enameetimeevenue:Ename&Evenue&Etime)::x7.Ename,x7.Etime\determ x7",1,1.0,1.0,2,2
$S_\text{No-2}$,Memgraph,denormalized,(e:Event:name&company)::e.name\determ e.company,2,2.0,0.0,1,2
$S_\text{No-2}$,Memgraph,denormalized,"(e:Event:time&venue&company)::e.company,e.time\determ e.venue",1,1.0,1.0,2,2
$S_\text{No-2}$,Memgraph,denormalized,"(e:Event:name&time&venue)::e.venue,e.time\determ e.name",1,1.0,1.0,2,2
$S_\text{No-2}$,Memgraph,denormalized,"(e:Event:name&time&venue)::e.name,e.time\determ e.venue",1,1.0,1.0,2,2
$S_\text{No-2}$,Memgraph,node-left,"(x7:Enameetimeevenue:Ename&Evenue&Etime)::x7.Etime,x7.Ename\determ x7",1,1.0,1.0,2,2
$S_\text{No-2}$,Memgraph,node-left,"(x5:Ecompanyetimeevenue:Evenue&Etime&Ecompany)::x5.Ecompany,x5.Etime\determ x5",1,1.0,1.0,2,2
$S_\text{No-2}$,Memgraph,node-left,"(x1:Enameetimeevenue:Ename&Evenue&Etime)::x1.Evenue,x1.Etime\determ x1",1,1.0,1.0,2,2
$S_\text{No-2}$,Memgraph,node-left,(x3:Ecompanyename:Ename&Ecompany)::x3.Ename\determ x3,1,1.0,1.0,1,1
$S_\text{No-2}$,Memgraph,denormalized,(e:Event:name&company)::e.name\determ e.company,2,2.0,0.0,1,2
$S_\text{No-2}$,Memgraph,denormalized,"(e:Event:name&time&venue)::e.time,e.venue\determ e.name",1,1.0,1.0,2,2
$S_\text{No-2}$,Memgraph,denormalized,"(e:Event:time&venue&company)::e.company,e.time\determ e.venue",1,1.0,1.0,2,2
$S_\text{No-2}$,Memgraph,denormalized,"(e:Event:name&time&venue)::e.name,e.time\determ e.venue",1,1.0,1.0,2,2
$S_\text{No-2}$,Memgraph,edge-left,"(e:Event:name&time&venue&company)::e.company,e.time\determ e.venue",1,1.0,1.0,2,2
$S_\text{No-2}$,Memgraph,edge-left,"(e:Event:name&time&venue&company)::e.venue,e.time\determ e.name",1,1.0,1.0,2,2
$S_\text{No-2}$,Memgraph,edge-left,(e:Event:name&time&venue&company)::e.name\determ e.company,2,2.0,0.0,1,2
$S_\text{No-2}$,Memgraph,edge-left,"(e:Event:name&time&venue&company)::e.time,e.name\determ e.venue",1,1.0,1.0,2,2
$S_\text{No-3}$,Memgraph,denormalized,"(e:Event&Confirmed:name&time&company)::e.name,e.company\determ e.time",1,1.0,1.0,1,1
$S_\text{No-3}$,Memgraph,denormalized,(e:Event:name&company)::e.name\determ e.company,2,2.0,0.0,1,2
$S_\text{No-3}$,Memgraph,denormalized,"(e:Event:name&time&venue)::e.time,e.name\determ e.venue",1,1.0,1.0,2,2
$S_\text{No-3}$,Memgraph,denormalized,"(e:Event:name&time&venue)::e.time,e.venue\determ e.name",1,1.0,1.0,2,2
$S_\text{No-3}$,Memgraph,denormalized,"(e:Event:time&venue&company)::e.time,e.company\determ e",1,1.0,1.0,2,2
$S_\text{No-3}$,Memgraph,all,"(x3:Enameetimeevenue:Ename&Evenue&Etime)::x3.Evenue,x3.Etime\determ x3",1,1.0,1.0,1,1
$S_\text{No-3}$,Memgraph,all,(x7:Ecompanyename:Ename&Ecompany)::x7.Ename\determ x7,1,1.0,1.0,1,1
$S_\text{No-3}$,Memgraph,all,"(x5:Enameetimeevenue:Ename&Evenue&Etime)::x5.Ename,x5.Etime\determ x5",1,1.0,1.0,1,1
$S_\text{No-3}$,Memgraph,all,"(x1:Ecompanyenameetime:Ename&Etime&Ecompany)::x1.Ecompany,x1.Ename\determ x1",1,1.0,1.0,1,1
$S_\text{No-3}$,Memgraph,denormalized,"(e:Event&Confirmed:name&time&company)::e.name,e.company\determ e.time",1,1.0,1.0,1,1
$S_\text{No-3}$,Memgraph,denormalized,(e:Event:name&company)::e.name\determ e.company,2,2.0,0.0,1,2
$S_\text{No-3}$,Memgraph,denormalized,"(e:Event:name&time&venue)::e.time,e.venue\determ e.name",1,1.0,1.0,2,2
$S_\text{No-3}$,Memgraph,denormalized,"(e:Event:time&venue&company)::e.time,e.company\determ e",1,1.0,1.0,2,2
$S_\text{No-3}$,Memgraph,denormalized,"(e:Event:name&time&venue)::e.name,e.time\determ e.venue",1,1.0,1.0,2,2
$S_\text{No-3}$,Memgraph,node-left,"(x9:Enameetimeevenue:Ename&Evenue&Etime)::x9.Etime,x9.Evenue\determ x9",1,1.0,1.0,1,1
$S_\text{No-3}$,Memgraph,node-left,"(x1:Enameetimeevenue:Ename&Evenue&Etime)::x1.Ename,x1.Etime\determ x1",1,1.0,1.0,1,1
$S_\text{No-3}$,Memgraph,node-left,"(x3:Ecompanyenameetime:Ename&Etime&Ecompany)::x3.Ecompany,x3.Ename\determ x3",1,1.0,1.0,1,1
$S_\text{No-3}$,Memgraph,node-left,(x5:Ecompanyename:Ename&Ecompany)::x5.Ename\determ x5,1,1.0,1.0,1,1
$S_\text{No-3}$,Memgraph,denormalized,"(e:Event:time&venue&company)::e.company,e.time\determ e",1,1.0,1.0,2,2
$S_\text{No-3}$,Memgraph,denormalized,"(e:Event&Confirmed:name&time&company)::e.name,e.company\determ e.time",1,1.0,1.0,1,1
$S_\text{No-3}$,Memgraph,denormalized,(e:Event:name&company)::e.name\determ e.company,2,2.0,0.0,1,2
$S_\text{No-3}$,Memgraph,denormalized,"(e:Event:name&time&venue)::e.time,e.venue\determ e.name",1,1.0,1.0,2,2
$S_\text{No-3}$,Memgraph,denormalized,"(e:Event:name&time&venue)::e.name,e.time\determ e.venue",1,1.0,1.0,2,2
$S_\text{No-3}$,Memgraph,edge-left,"(e:Event&Confirmed:name&time&venue&company)::e.time,e.venue\determ e.name",1,1.0,1.0,1,1
$S_\text{No-3}$,Memgraph,edge-left,"(e:Event&Confirmed:name&time&venue&company)::e.time,e.name\determ e.venue",1,1.0,1.0,1,1
$S_\text{No-3}$,Memgraph,edge-left,(e:Event&Confirmed:name&time&venue&company)::e.name\determ e.company,1,1.0,1.0,1,1
$S_\text{No-3}$,Memgraph,edge-left,"(e:Event&Confirmed:name&time&venue&company)::e.company,e.name\determ e.time",1,1.0,1.0,1,1
$S_\text{No-3}$,Memgraph,edge-left,"(e:Event&Confirmed:name&time&venue&company)::e.company,e.time\determ e",1,1.0,1.0,1,1
$S_\text{Nw}$,Memgraph,denormalized,(o:Order:orderID)::o.orderID\determ o,1,1.0,1.0,830,830
$S_\text{Nw}$,Memgraph,denormalized,"(o:Order:shipCountry&customerID&orderID&shipCity&shipPostalCode&shipAddress&orderDate&shipRegion)::o.customerID\determ o.shipCountry,o.shipCity,o.shipPostalCode,o.shipRegion,o.shipAddress",31,9.325842696629213,0.10615199034981906,89,830
$S_\text{Nw}$,Memgraph,all,(x1:OcustomerIDoshipAddressoshipCityoshipCountryoshipPostalCodeoshipRegion:OshipCountry&OshipRegion&OshipPostalCode&OshipCity&OshipAddress&OcustomerID)::x1.OcustomerID\determ x1,1,1.0,1.0,89,89
$S_\text{Nw}$,Memgraph,denormalized,(o:Order:orderID)::o.orderID\determ o,1,1.0,1.0,830,830
$S_\text{Nw}$,Memgraph,denormalized,"(o:Order:shipCountry&customerID&orderID&shipCity&shipPostalCode&shipAddress&orderDate&shipRegion)::o.customerID\determ o.shipCity,o.shipAddress,o.shipPostalCode,o.shipRegion,o.shipCountry",31,9.325842696629213,0.10615199034981906,89,830
$S_\text{Nw}$,Memgraph,node-left,(x1:OcustomerIDoshipAddressoshipCityoshipCountryoshipPostalCodeoshipRegion:OshipCountry&OshipRegion&OshipPostalCode&OshipCity&OshipAddress&OcustomerID)::x1.OcustomerID\determ x1,1,1.0,1.0,89,89
$S_\text{Nw}$,Memgraph,denormalized,(o:Order:orderID)::o.orderID\determ o,1,1.0,1.0,830,830
$S_\text{Nw}$,Memgraph,denormalized,"(o:Order:shipCountry&customerID&orderID&shipCity&shipPostalCode&shipAddress&orderDate&shipRegion)::o.customerID\determ o.shipCity,o.shipAddress,o.shipRegion,o.shipPostalCode,o.shipCountry",31,9.325842696629213,0.10615199034981906,89,830
$S_\text{Nw}$,Memgraph,edge-left,(o:Order:orderID)::o.orderID\determ o,1,1.0,1.0,830,830
$S_\text{Nw}$,Memgraph,edge-left,"(o:Order:shipCountry&customerID&orderID&shipCity&shipPostalCode&shipAddress&orderDate&shipRegion)::o.customerID\determ o.shipRegion,o.shipCity,o.shipPostalCode,o.shipCountry,o.shipAddress",31,9.325842696629213,0.10615199034981906,89,830
$S_\text{Lon}$,Memgraph,denormalized,(s:Station:zone&zoneOriginal)::s.zoneOriginal\determ s.zone,125,40.6875,0.023076923076923078,16,651
$S_\text{Lon}$,Memgraph,denormalized,"(s:Station:longitude&zone&latitude)::s.longitude,s.latitude\determ s.zone",1,1.0,1.0,651,651
$S_\text{Lon}$,Memgraph,denormalized,"(cfegg)-[c:CONNECTED_THROUGH:type&line&color]->(efggg)::c.line\determ c.color,c.type",218,69.71428571428571,0.013839056893900564,28,1952
$S_\text{Lon}$,Memgraph,denormalized,(s:Station)-[c::type&line&color]->(cebgd)::c.line\determ c.color,218,69.71428571428571,0.013839056893900564,28,1952
$S_\text{Lon}$,Memgraph,denormalized,"(s:Station:longitude&latitude)::s.longitude,s.latitude\determ s",1,1.0,1.0,651,651
$S_\text{Lon}$,Memgraph,all,(x1:SzoneszoneOriginal:Szone&SzoneOriginal)::x1.SzoneOriginal\determ x1,1,1.0,1.0,15,15
$S_\text{Lon}$,Memgraph,all,(x5:Ccolorclinectype:Ccolor&Cline&Ctype)::x5.Cline\determ x5,1,1.0,1.0,28,28
$S_\text{Lon}$,Memgraph,denormalized,(s:Station:zone&zoneOriginal)::s.zoneOriginal\determ s.zone,125,40.6875,0.023076923076923078,16,651
$S_\text{Lon}$,Memgraph,denormalized,"(s:Station:longitude&zone&latitude)::s.longitude,s.latitude\determ s.zone",1,1.0,1.0,651,651
$S_\text{Lon}$,Memgraph,denormalized,"(cbgae)-[c:CONNECTED_THROUGH:type&line&color]->(cgcgg)::c.line\determ c.color,c.type",218,69.71428571428571,0.013839056893900564,28,1952
$S_\text{Lon}$,Memgraph,denormalized,"(s:Station:longitude&latitude)::s.latitude,s.longitude\determ s",1,1.0,1.0,651,651
$S_\text{Lon}$,Memgraph,denormalized,(s:Station)-[c::type&line&color]->(bcegd)::c.line\determ c.color,218,69.71428571428571,0.013839056893900564,28,1952
$S_\text{Lon}$,Memgraph,node-left,(x1:SzoneszoneOriginal:Szone&SzoneOriginal)::x1.SzoneOriginal\determ x1,1,1.0,1.0,15,15
$S_\text{Lon}$,Memgraph,denormalized,(s:Station:zone&zoneOriginal)::s.zoneOriginal\determ s.zone,125,40.6875,0.023076923076923078,16,651
$S_\text{Lon}$,Memgraph,denormalized,(s:Station)-[c::type&line&color]->(dfegf)::c.line\determ c.color,218,69.71428571428571,0.013839056893900564,28,1952
$S_\text{Lon}$,Memgraph,denormalized,"(s:Station:longitude&latitude)::s.latitude,s.longitude\determ s",1,1.0,1.0,651,651
$S_\text{Lon}$,Memgraph,denormalized,"(cbfde)-[c:CONNECTED_THROUGH:type&line&color]->(daeeg)::c.line\determ c.type,c.color",218,69.71428571428571,0.013839056893900564,28,1952
$S_\text{Lon}$,Memgraph,denormalized,"(s:Station:longitude&zone&latitude)::s.latitude,s.longitude\determ s.zone",1,1.0,1.0,651,651
$S_\text{Lon}$,Memgraph,edge-left,(x1:Ccolorclinectype:Ccolor&Cline&Ctype)::x1.Cline\determ x1,1,1.0,1.0,28,28
